Added Component: Designator=C1(FP-FKC-MFG)
Add component (AddParameter): Name = "Capacitance"; Value = "10uF"; VariantName = "[No Variations]"
Add component (AddParameter): Name = "Case/Package"; Value = "Radial"; VariantName = "[No Variations]"
Add component (AddParameter): Name = "Construction"; Value = "Cylindrical"; VariantName = "[No Variations]"
Add component (AddParameter): Name = "Contact Plating"; Value = "Tin"; VariantName = "[No Variations]"
Add component (AddParameter): Name = "Diameter"; Value = "5mm"; VariantName = "[No Variations]"
Add component (AddParameter): Name = "Dielectric Material"; Value = "Aluminium"; VariantName = "[No Variations]"
Add component (AddParameter): Name = "ESR (Equivalent Series Resistance)"; Value = "1.52R"; VariantName = "[No Variations]"
Add component (AddParameter): Name = "Height"; Value = "5.8mm"; VariantName = "[No Variations]"
Add component (AddParameter): Name = "Height - Seated (Max)"; Value = "0.228inch"; VariantName = "[No Variations]"
Add component (AddParameter): Name = "Impedance"; Value = "1.52R"; VariantName = "[No Variations]"
Add component (AddParameter): Name = "Lead Free"; Value = "Lead Free"; VariantName = "[No Variations]"
Add component (AddParameter): Name = "Leakage Current"; Value = "3uA"; VariantName = "[No Variations]"
Add component (AddParameter): Name = "Length"; Value = "5.8mm"; VariantName = "[No Variations]"
Add component (AddParameter): Name = "Life (Hours)"; Value = "2000Hour"; VariantName = "[No Variations]"
Add component (AddParameter): Name = "Material"; Value = "Aluminium"; VariantName = "[No Variations]"
Add component (AddParameter): Name = "Max Operating Temperature"; Value = "105°C"; VariantName = "[No Variations]"
Add component (AddParameter): Name = "Min Operating Temperature"; Value = "-55°C"; VariantName = "[No Variations]"
Add component (AddParameter): Name = "Mount"; Value = "Surface Mount"; VariantName = "[No Variations]"
Add component (AddParameter): Name = "Number of Pins"; Value = "2"; VariantName = "[No Variations]"
Add component (AddParameter): Name = "Package Quantity"; Value = "1000"; VariantName = "[No Variations]"
Add component (AddParameter): Name = "Packaging"; Value = "Tape and Reel"; VariantName = "[No Variations]"
Add component (AddParameter): Name = "Radiation Hardening"; Value = "No"; VariantName = "[No Variations]"
Add component (AddParameter): Name = "REACH SVHC"; Value = "No SVHC"; VariantName = "[No Variations]"
Add component (AddParameter): Name = "Ripple Current"; Value = "85mA"; VariantName = "[No Variations]"
Add component (AddParameter): Name = "Ripple Current (AC)"; Value = "85mA"; VariantName = "[No Variations]"
Add component (AddParameter): Name = "RoHS Compliant"; Value = "Yes"; VariantName = "[No Variations]"
Add component (AddParameter): Name = "Series"; Value = "FK"; VariantName = "[No Variations]"
Add component (AddParameter): Name = "Termination"; Value = "SMD/SMT"; VariantName = "[No Variations]"
Add component (AddParameter): Name = "Tolerance"; Value = "20%"; VariantName = "[No Variations]"
Add component (AddParameter): Name = "Voltage"; Value = "50V"; VariantName = "[No Variations]"
Add component (AddParameter): Name = "Voltage Rating"; Value = "50V"; VariantName = "[No Variations]"
Add component (AddParameter): Name = "Voltage Rating (DC)"; Value = "50V"; VariantName = "[No Variations]"
Add component (AddParameter): Name = "Width"; Value = "6.5mm"; VariantName = "[No Variations]"
Added Component: Designator=C2(FP-FKC-MFG)
Add component (AddParameter): Name = "Capacitance"; Value = "10uF"; VariantName = "[No Variations]"
Add component (AddParameter): Name = "Case/Package"; Value = "Radial"; VariantName = "[No Variations]"
Add component (AddParameter): Name = "Construction"; Value = "Cylindrical"; VariantName = "[No Variations]"
Add component (AddParameter): Name = "Contact Plating"; Value = "Tin"; VariantName = "[No Variations]"
Add component (AddParameter): Name = "Diameter"; Value = "5mm"; VariantName = "[No Variations]"
Add component (AddParameter): Name = "Dielectric Material"; Value = "Aluminium"; VariantName = "[No Variations]"
Add component (AddParameter): Name = "ESR (Equivalent Series Resistance)"; Value = "1.52R"; VariantName = "[No Variations]"
Add component (AddParameter): Name = "Height"; Value = "5.8mm"; VariantName = "[No Variations]"
Add component (AddParameter): Name = "Height - Seated (Max)"; Value = "0.228inch"; VariantName = "[No Variations]"
Add component (AddParameter): Name = "Impedance"; Value = "1.52R"; VariantName = "[No Variations]"
Add component (AddParameter): Name = "Lead Free"; Value = "Lead Free"; VariantName = "[No Variations]"
Add component (AddParameter): Name = "Leakage Current"; Value = "3uA"; VariantName = "[No Variations]"
Add component (AddParameter): Name = "Length"; Value = "5.8mm"; VariantName = "[No Variations]"
Add component (AddParameter): Name = "Life (Hours)"; Value = "2000Hour"; VariantName = "[No Variations]"
Add component (AddParameter): Name = "Material"; Value = "Aluminium"; VariantName = "[No Variations]"
Add component (AddParameter): Name = "Max Operating Temperature"; Value = "105°C"; VariantName = "[No Variations]"
Add component (AddParameter): Name = "Min Operating Temperature"; Value = "-55°C"; VariantName = "[No Variations]"
Add component (AddParameter): Name = "Mount"; Value = "Surface Mount"; VariantName = "[No Variations]"
Add component (AddParameter): Name = "Number of Pins"; Value = "2"; VariantName = "[No Variations]"
Add component (AddParameter): Name = "Package Quantity"; Value = "1000"; VariantName = "[No Variations]"
Add component (AddParameter): Name = "Packaging"; Value = "Tape and Reel"; VariantName = "[No Variations]"
Add component (AddParameter): Name = "Radiation Hardening"; Value = "No"; VariantName = "[No Variations]"
Add component (AddParameter): Name = "REACH SVHC"; Value = "No SVHC"; VariantName = "[No Variations]"
Add component (AddParameter): Name = "Ripple Current"; Value = "85mA"; VariantName = "[No Variations]"
Add component (AddParameter): Name = "Ripple Current (AC)"; Value = "85mA"; VariantName = "[No Variations]"
Add component (AddParameter): Name = "RoHS Compliant"; Value = "Yes"; VariantName = "[No Variations]"
Add component (AddParameter): Name = "Series"; Value = "FK"; VariantName = "[No Variations]"
Add component (AddParameter): Name = "Termination"; Value = "SMD/SMT"; VariantName = "[No Variations]"
Add component (AddParameter): Name = "Tolerance"; Value = "20%"; VariantName = "[No Variations]"
Add component (AddParameter): Name = "Voltage"; Value = "50V"; VariantName = "[No Variations]"
Add component (AddParameter): Name = "Voltage Rating"; Value = "50V"; VariantName = "[No Variations]"
Add component (AddParameter): Name = "Voltage Rating (DC)"; Value = "50V"; VariantName = "[No Variations]"
Add component (AddParameter): Name = "Width"; Value = "6.5mm"; VariantName = "[No Variations]"
Added Component: Designator=C3(FP-FKC-MFG)
Add component (AddParameter): Name = "Capacitance"; Value = "10uF"; VariantName = "[No Variations]"
Add component (AddParameter): Name = "Case/Package"; Value = "Radial"; VariantName = "[No Variations]"
Add component (AddParameter): Name = "Construction"; Value = "Cylindrical"; VariantName = "[No Variations]"
Add component (AddParameter): Name = "Contact Plating"; Value = "Tin"; VariantName = "[No Variations]"
Add component (AddParameter): Name = "Diameter"; Value = "5mm"; VariantName = "[No Variations]"
Add component (AddParameter): Name = "Dielectric Material"; Value = "Aluminium"; VariantName = "[No Variations]"
Add component (AddParameter): Name = "ESR (Equivalent Series Resistance)"; Value = "1.52R"; VariantName = "[No Variations]"
Add component (AddParameter): Name = "Height"; Value = "5.8mm"; VariantName = "[No Variations]"
Add component (AddParameter): Name = "Height - Seated (Max)"; Value = "0.228inch"; VariantName = "[No Variations]"
Add component (AddParameter): Name = "Impedance"; Value = "1.52R"; VariantName = "[No Variations]"
Add component (AddParameter): Name = "Lead Free"; Value = "Lead Free"; VariantName = "[No Variations]"
Add component (AddParameter): Name = "Leakage Current"; Value = "3uA"; VariantName = "[No Variations]"
Add component (AddParameter): Name = "Length"; Value = "5.8mm"; VariantName = "[No Variations]"
Add component (AddParameter): Name = "Life (Hours)"; Value = "2000Hour"; VariantName = "[No Variations]"
Add component (AddParameter): Name = "Material"; Value = "Aluminium"; VariantName = "[No Variations]"
Add component (AddParameter): Name = "Max Operating Temperature"; Value = "105°C"; VariantName = "[No Variations]"
Add component (AddParameter): Name = "Min Operating Temperature"; Value = "-55°C"; VariantName = "[No Variations]"
Add component (AddParameter): Name = "Mount"; Value = "Surface Mount"; VariantName = "[No Variations]"
Add component (AddParameter): Name = "Number of Pins"; Value = "2"; VariantName = "[No Variations]"
Add component (AddParameter): Name = "Package Quantity"; Value = "1000"; VariantName = "[No Variations]"
Add component (AddParameter): Name = "Packaging"; Value = "Tape and Reel"; VariantName = "[No Variations]"
Add component (AddParameter): Name = "Radiation Hardening"; Value = "No"; VariantName = "[No Variations]"
Add component (AddParameter): Name = "REACH SVHC"; Value = "No SVHC"; VariantName = "[No Variations]"
Add component (AddParameter): Name = "Ripple Current"; Value = "85mA"; VariantName = "[No Variations]"
Add component (AddParameter): Name = "Ripple Current (AC)"; Value = "85mA"; VariantName = "[No Variations]"
Add component (AddParameter): Name = "RoHS Compliant"; Value = "Yes"; VariantName = "[No Variations]"
Add component (AddParameter): Name = "Series"; Value = "FK"; VariantName = "[No Variations]"
Add component (AddParameter): Name = "Termination"; Value = "SMD/SMT"; VariantName = "[No Variations]"
Add component (AddParameter): Name = "Tolerance"; Value = "20%"; VariantName = "[No Variations]"
Add component (AddParameter): Name = "Voltage"; Value = "50V"; VariantName = "[No Variations]"
Add component (AddParameter): Name = "Voltage Rating"; Value = "50V"; VariantName = "[No Variations]"
Add component (AddParameter): Name = "Voltage Rating (DC)"; Value = "50V"; VariantName = "[No Variations]"
Add component (AddParameter): Name = "Width"; Value = "6.5mm"; VariantName = "[No Variations]"
Added Component: Designator=C4(FP-FKC-MFG)
Add component (AddParameter): Name = "Capacitance"; Value = "10uF"; VariantName = "[No Variations]"
Add component (AddParameter): Name = "Case/Package"; Value = "Radial"; VariantName = "[No Variations]"
Add component (AddParameter): Name = "Construction"; Value = "Cylindrical"; VariantName = "[No Variations]"
Add component (AddParameter): Name = "Contact Plating"; Value = "Tin"; VariantName = "[No Variations]"
Add component (AddParameter): Name = "Diameter"; Value = "5mm"; VariantName = "[No Variations]"
Add component (AddParameter): Name = "Dielectric Material"; Value = "Aluminium"; VariantName = "[No Variations]"
Add component (AddParameter): Name = "ESR (Equivalent Series Resistance)"; Value = "1.52R"; VariantName = "[No Variations]"
Add component (AddParameter): Name = "Height"; Value = "5.8mm"; VariantName = "[No Variations]"
Add component (AddParameter): Name = "Height - Seated (Max)"; Value = "0.228inch"; VariantName = "[No Variations]"
Add component (AddParameter): Name = "Impedance"; Value = "1.52R"; VariantName = "[No Variations]"
Add component (AddParameter): Name = "Lead Free"; Value = "Lead Free"; VariantName = "[No Variations]"
Add component (AddParameter): Name = "Leakage Current"; Value = "3uA"; VariantName = "[No Variations]"
Add component (AddParameter): Name = "Length"; Value = "5.8mm"; VariantName = "[No Variations]"
Add component (AddParameter): Name = "Life (Hours)"; Value = "2000Hour"; VariantName = "[No Variations]"
Add component (AddParameter): Name = "Material"; Value = "Aluminium"; VariantName = "[No Variations]"
Add component (AddParameter): Name = "Max Operating Temperature"; Value = "105°C"; VariantName = "[No Variations]"
Add component (AddParameter): Name = "Min Operating Temperature"; Value = "-55°C"; VariantName = "[No Variations]"
Add component (AddParameter): Name = "Mount"; Value = "Surface Mount"; VariantName = "[No Variations]"
Add component (AddParameter): Name = "Number of Pins"; Value = "2"; VariantName = "[No Variations]"
Add component (AddParameter): Name = "Package Quantity"; Value = "1000"; VariantName = "[No Variations]"
Add component (AddParameter): Name = "Packaging"; Value = "Tape and Reel"; VariantName = "[No Variations]"
Add component (AddParameter): Name = "Radiation Hardening"; Value = "No"; VariantName = "[No Variations]"
Add component (AddParameter): Name = "REACH SVHC"; Value = "No SVHC"; VariantName = "[No Variations]"
Add component (AddParameter): Name = "Ripple Current"; Value = "85mA"; VariantName = "[No Variations]"
Add component (AddParameter): Name = "Ripple Current (AC)"; Value = "85mA"; VariantName = "[No Variations]"
Add component (AddParameter): Name = "RoHS Compliant"; Value = "Yes"; VariantName = "[No Variations]"
Add component (AddParameter): Name = "Series"; Value = "FK"; VariantName = "[No Variations]"
Add component (AddParameter): Name = "Termination"; Value = "SMD/SMT"; VariantName = "[No Variations]"
Add component (AddParameter): Name = "Tolerance"; Value = "20%"; VariantName = "[No Variations]"
Add component (AddParameter): Name = "Voltage"; Value = "50V"; VariantName = "[No Variations]"
Add component (AddParameter): Name = "Voltage Rating"; Value = "50V"; VariantName = "[No Variations]"
Add component (AddParameter): Name = "Voltage Rating (DC)"; Value = "50V"; VariantName = "[No Variations]"
Add component (AddParameter): Name = "Width"; Value = "6.5mm"; VariantName = "[No Variations]"
Added Component: Designator=D1(DIOD-DO-41-P-2_V)
Add component (AddParameter): Name = "ComponentLink1Description"; Value = "Manufacturer URL"; VariantName = "[No Variations]"
Add component (AddParameter): Name = "ComponentLink1URL"; Value = "http://diodes.com/"; VariantName = "[No Variations]"
Add component (AddParameter): Name = "ComponentLink2Description"; Value = "Datasheet"; VariantName = "[No Variations]"
Add component (AddParameter): Name = "ComponentLink2URL"; Value = "http://diodes.com/datasheets/ds28002.pdf"; VariantName = "[No Variations]"
Add component (AddParameter): Name = "CT (pF)"; Value = "15"; VariantName = "[No Variations]"
Add component (AddParameter): Name = "DatasheetVersion"; Value = "Rev. 8-2"; VariantName = "[No Variations]"
Add component (AddParameter): Name = "Manufacturer"; Value = "Diodes Inc"; VariantName = "[No Variations]"
Add component (AddParameter): Name = "Max. Average Rectified Current IO (A)"; Value = "1"; VariantName = "[No Variations]"
Add component (AddParameter): Name = "Max. IFSM (A)"; Value = "30"; VariantName = "[No Variations]"
Add component (AddParameter): Name = "Max. IR (uA)"; Value = "5"; VariantName = "[No Variations]"
Add component (AddParameter): Name = "Mounting Technology"; Value = "Through Hole"; VariantName = "[No Variations]"
Add component (AddParameter): Name = "Operating Temperature Range (degC)"; Value = "-65 to 150"; VariantName = "[No Variations]"
Add component (AddParameter): Name = "PackageDescription"; Value = "2-Pin Axial Lead, Body 4.635 x 2.36 mm, Lead Spread 25.4 mm"; VariantName = "[No Variations]"
Add component (AddParameter): Name = "PackageReference"; Value = "DO-41-P-2"; VariantName = "[No Variations]"
Add component (AddParameter): Name = "Packing"; Value = "Tape and Reel"; VariantName = "[No Variations]"
Add component (AddParameter): Name = "PartNumber"; Value = "1N4001-T"; VariantName = "[No Variations]"
Add component (AddParameter): Name = "RoHS"; Value = "TRUE"; VariantName = "[No Variations]"
Add component (AddParameter): Name = "VF (V)"; Value = "1"; VariantName = "[No Variations]"
Add component (AddParameter): Name = "VRRM (V)"; Value = "50"; VariantName = "[No Variations]"
Added Component: Designator=D2(DIOD-DO-41-P-2_V)
Add component (AddParameter): Name = "ComponentLink1Description"; Value = "Manufacturer URL"; VariantName = "[No Variations]"
Add component (AddParameter): Name = "ComponentLink1URL"; Value = "http://diodes.com/"; VariantName = "[No Variations]"
Add component (AddParameter): Name = "ComponentLink2Description"; Value = "Datasheet"; VariantName = "[No Variations]"
Add component (AddParameter): Name = "ComponentLink2URL"; Value = "http://diodes.com/datasheets/ds28002.pdf"; VariantName = "[No Variations]"
Add component (AddParameter): Name = "CT (pF)"; Value = "15"; VariantName = "[No Variations]"
Add component (AddParameter): Name = "DatasheetVersion"; Value = "Rev. 8-2"; VariantName = "[No Variations]"
Add component (AddParameter): Name = "Manufacturer"; Value = "Diodes Inc"; VariantName = "[No Variations]"
Add component (AddParameter): Name = "Max. Average Rectified Current IO (A)"; Value = "1"; VariantName = "[No Variations]"
Add component (AddParameter): Name = "Max. IFSM (A)"; Value = "30"; VariantName = "[No Variations]"
Add component (AddParameter): Name = "Max. IR (uA)"; Value = "5"; VariantName = "[No Variations]"
Add component (AddParameter): Name = "Mounting Technology"; Value = "Through Hole"; VariantName = "[No Variations]"
Add component (AddParameter): Name = "Operating Temperature Range (degC)"; Value = "-65 to 150"; VariantName = "[No Variations]"
Add component (AddParameter): Name = "PackageDescription"; Value = "2-Pin Axial Lead, Body 4.635 x 2.36 mm, Lead Spread 25.4 mm"; VariantName = "[No Variations]"
Add component (AddParameter): Name = "PackageReference"; Value = "DO-41-P-2"; VariantName = "[No Variations]"
Add component (AddParameter): Name = "Packing"; Value = "Tape and Reel"; VariantName = "[No Variations]"
Add component (AddParameter): Name = "PartNumber"; Value = "1N4001-T"; VariantName = "[No Variations]"
Add component (AddParameter): Name = "RoHS"; Value = "TRUE"; VariantName = "[No Variations]"
Add component (AddParameter): Name = "VF (V)"; Value = "1"; VariantName = "[No Variations]"
Add component (AddParameter): Name = "VRRM (V)"; Value = "50"; VariantName = "[No Variations]"
Added Component: Designator=D3(DIOD-DO-41-P-2_V)
Add component (AddParameter): Name = "ComponentLink1Description"; Value = "Manufacturer URL"; VariantName = "[No Variations]"
Add component (AddParameter): Name = "ComponentLink1URL"; Value = "http://diodes.com/"; VariantName = "[No Variations]"
Add component (AddParameter): Name = "ComponentLink2Description"; Value = "Datasheet"; VariantName = "[No Variations]"
Add component (AddParameter): Name = "ComponentLink2URL"; Value = "http://diodes.com/datasheets/ds28002.pdf"; VariantName = "[No Variations]"
Add component (AddParameter): Name = "CT (pF)"; Value = "15"; VariantName = "[No Variations]"
Add component (AddParameter): Name = "DatasheetVersion"; Value = "Rev. 8-2"; VariantName = "[No Variations]"
Add component (AddParameter): Name = "Manufacturer"; Value = "Diodes Inc"; VariantName = "[No Variations]"
Add component (AddParameter): Name = "Max. Average Rectified Current IO (A)"; Value = "1"; VariantName = "[No Variations]"
Add component (AddParameter): Name = "Max. IFSM (A)"; Value = "30"; VariantName = "[No Variations]"
Add component (AddParameter): Name = "Max. IR (uA)"; Value = "5"; VariantName = "[No Variations]"
Add component (AddParameter): Name = "Mounting Technology"; Value = "Through Hole"; VariantName = "[No Variations]"
Add component (AddParameter): Name = "Operating Temperature Range (degC)"; Value = "-65 to 150"; VariantName = "[No Variations]"
Add component (AddParameter): Name = "PackageDescription"; Value = "2-Pin Axial Lead, Body 4.635 x 2.36 mm, Lead Spread 25.4 mm"; VariantName = "[No Variations]"
Add component (AddParameter): Name = "PackageReference"; Value = "DO-41-P-2"; VariantName = "[No Variations]"
Add component (AddParameter): Name = "Packing"; Value = "Tape and Reel"; VariantName = "[No Variations]"
Add component (AddParameter): Name = "PartNumber"; Value = "1N4001-T"; VariantName = "[No Variations]"
Add component (AddParameter): Name = "RoHS"; Value = "TRUE"; VariantName = "[No Variations]"
Add component (AddParameter): Name = "VF (V)"; Value = "1"; VariantName = "[No Variations]"
Add component (AddParameter): Name = "VRRM (V)"; Value = "50"; VariantName = "[No Variations]"
Added Component: Designator=D4(FP-APTD3216CGCK-MFG)
Add component (AddParameter): Name = "Case Code (Imperial)"; Value = "1206"; VariantName = "[No Variations]"
Add component (AddParameter): Name = "Case Code (Metric)"; Value = "3216"; VariantName = "[No Variations]"
Add component (AddParameter): Name = "Case/Package"; Value = "1206"; VariantName = "[No Variations]"
Add component (AddParameter): Name = "Color"; Value = "Green"; VariantName = "[No Variations]"
Add component (AddParameter): Name = "Dominant Wavelength"; Value = "570nm"; VariantName = "[No Variations]"
Add component (AddParameter): Name = "Forward Current"; Value = "20mA"; VariantName = "[No Variations]"
Add component (AddParameter): Name = "Forward Voltage"; Value = "2.1V"; VariantName = "[No Variations]"
Add component (AddParameter): Name = "Height"; Value = "1.8mm"; VariantName = "[No Variations]"
Add component (AddParameter): Name = "Illumination Color"; Value = "Green"; VariantName = "[No Variations]"
Add component (AddParameter): Name = "Lead Free"; Value = "Lead Free"; VariantName = "[No Variations]"
Add component (AddParameter): Name = "Length"; Value = "3.2mm"; VariantName = "[No Variations]"
Add component (AddParameter): Name = "Lens Color"; Value = "Clear"; VariantName = "[No Variations]"
Add component (AddParameter): Name = "Lens Style"; Value = "Clear"; VariantName = "[No Variations]"
Add component (AddParameter): Name = "Luminous Intensity"; Value = "300mcd"; VariantName = "[No Variations]"
Add component (AddParameter): Name = "Max Operating Temperature"; Value = "85°C"; VariantName = "[No Variations]"
Add component (AddParameter): Name = "Min Operating Temperature"; Value = "-40°C"; VariantName = "[No Variations]"
Add component (AddParameter): Name = "Mount"; Value = "Surface Mount"; VariantName = "[No Variations]"
Add component (AddParameter): Name = "Number of LEDs"; Value = "1"; VariantName = "[No Variations]"
Add component (AddParameter): Name = "Number of Pins"; Value = "2"; VariantName = "[No Variations]"
Add component (AddParameter): Name = "Package Quantity"; Value = "2000"; VariantName = "[No Variations]"
Add component (AddParameter): Name = "Packaging"; Value = "Tape and Reel"; VariantName = "[No Variations]"
Add component (AddParameter): Name = "Test Current"; Value = "20mA"; VariantName = "[No Variations]"
Add component (AddParameter): Name = "Viewing Angle"; Value = "50°"; VariantName = "[No Variations]"
Add component (AddParameter): Name = "Width"; Value = "1.6mm"; VariantName = "[No Variations]"
Added Component: Designator=D5(FP-APTD3216CGCK-MFG)
Add component (AddParameter): Name = "Case Code (Imperial)"; Value = "1206"; VariantName = "[No Variations]"
Add component (AddParameter): Name = "Case Code (Metric)"; Value = "3216"; VariantName = "[No Variations]"
Add component (AddParameter): Name = "Case/Package"; Value = "1206"; VariantName = "[No Variations]"
Add component (AddParameter): Name = "Color"; Value = "Green"; VariantName = "[No Variations]"
Add component (AddParameter): Name = "Dominant Wavelength"; Value = "570nm"; VariantName = "[No Variations]"
Add component (AddParameter): Name = "Forward Current"; Value = "20mA"; VariantName = "[No Variations]"
Add component (AddParameter): Name = "Forward Voltage"; Value = "2.1V"; VariantName = "[No Variations]"
Add component (AddParameter): Name = "Height"; Value = "1.8mm"; VariantName = "[No Variations]"
Add component (AddParameter): Name = "Illumination Color"; Value = "Green"; VariantName = "[No Variations]"
Add component (AddParameter): Name = "Lead Free"; Value = "Lead Free"; VariantName = "[No Variations]"
Add component (AddParameter): Name = "Length"; Value = "3.2mm"; VariantName = "[No Variations]"
Add component (AddParameter): Name = "Lens Color"; Value = "Clear"; VariantName = "[No Variations]"
Add component (AddParameter): Name = "Lens Style"; Value = "Clear"; VariantName = "[No Variations]"
Add component (AddParameter): Name = "Luminous Intensity"; Value = "300mcd"; VariantName = "[No Variations]"
Add component (AddParameter): Name = "Max Operating Temperature"; Value = "85°C"; VariantName = "[No Variations]"
Add component (AddParameter): Name = "Min Operating Temperature"; Value = "-40°C"; VariantName = "[No Variations]"
Add component (AddParameter): Name = "Mount"; Value = "Surface Mount"; VariantName = "[No Variations]"
Add component (AddParameter): Name = "Number of LEDs"; Value = "1"; VariantName = "[No Variations]"
Add component (AddParameter): Name = "Number of Pins"; Value = "2"; VariantName = "[No Variations]"
Add component (AddParameter): Name = "Package Quantity"; Value = "2000"; VariantName = "[No Variations]"
Add component (AddParameter): Name = "Packaging"; Value = "Tape and Reel"; VariantName = "[No Variations]"
Add component (AddParameter): Name = "Test Current"; Value = "20mA"; VariantName = "[No Variations]"
Add component (AddParameter): Name = "Viewing Angle"; Value = "50°"; VariantName = "[No Variations]"
Add component (AddParameter): Name = "Width"; Value = "1.6mm"; VariantName = "[No Variations]"
Added Component: Designator=D6(FP-APTD3216CGCK-MFG)
Add component (AddParameter): Name = "Case Code (Imperial)"; Value = "1206"; VariantName = "[No Variations]"
Add component (AddParameter): Name = "Case Code (Metric)"; Value = "3216"; VariantName = "[No Variations]"
Add component (AddParameter): Name = "Case/Package"; Value = "1206"; VariantName = "[No Variations]"
Add component (AddParameter): Name = "Color"; Value = "Green"; VariantName = "[No Variations]"
Add component (AddParameter): Name = "Dominant Wavelength"; Value = "570nm"; VariantName = "[No Variations]"
Add component (AddParameter): Name = "Forward Current"; Value = "20mA"; VariantName = "[No Variations]"
Add component (AddParameter): Name = "Forward Voltage"; Value = "2.1V"; VariantName = "[No Variations]"
Add component (AddParameter): Name = "Height"; Value = "1.8mm"; VariantName = "[No Variations]"
Add component (AddParameter): Name = "Illumination Color"; Value = "Green"; VariantName = "[No Variations]"
Add component (AddParameter): Name = "Lead Free"; Value = "Lead Free"; VariantName = "[No Variations]"
Add component (AddParameter): Name = "Length"; Value = "3.2mm"; VariantName = "[No Variations]"
Add component (AddParameter): Name = "Lens Color"; Value = "Clear"; VariantName = "[No Variations]"
Add component (AddParameter): Name = "Lens Style"; Value = "Clear"; VariantName = "[No Variations]"
Add component (AddParameter): Name = "Luminous Intensity"; Value = "300mcd"; VariantName = "[No Variations]"
Add component (AddParameter): Name = "Max Operating Temperature"; Value = "85°C"; VariantName = "[No Variations]"
Add component (AddParameter): Name = "Min Operating Temperature"; Value = "-40°C"; VariantName = "[No Variations]"
Add component (AddParameter): Name = "Mount"; Value = "Surface Mount"; VariantName = "[No Variations]"
Add component (AddParameter): Name = "Number of LEDs"; Value = "1"; VariantName = "[No Variations]"
Add component (AddParameter): Name = "Number of Pins"; Value = "2"; VariantName = "[No Variations]"
Add component (AddParameter): Name = "Package Quantity"; Value = "2000"; VariantName = "[No Variations]"
Add component (AddParameter): Name = "Packaging"; Value = "Tape and Reel"; VariantName = "[No Variations]"
Add component (AddParameter): Name = "Test Current"; Value = "20mA"; VariantName = "[No Variations]"
Add component (AddParameter): Name = "Viewing Angle"; Value = "50°"; VariantName = "[No Variations]"
Add component (AddParameter): Name = "Width"; Value = "1.6mm"; VariantName = "[No Variations]"
Added Component: Designator=D7(FP-6_544-5255_01-4-MFG)
Add component (AddParameter): Name = "Case/Package"; Value = "T"; VariantName = "[No Variations]"
Add component (AddParameter): Name = "Color"; Value = "Green"; VariantName = "[No Variations]"
Add component (AddParameter): Name = "Depth"; Value = "3.2mm"; VariantName = "[No Variations]"
Add component (AddParameter): Name = "Dominant Wavelength"; Value = "575nm"; VariantName = "[No Variations]"
Add component (AddParameter): Name = "Forward Current"; Value = "2mA"; VariantName = "[No Variations]"
Add component (AddParameter): Name = "Forward Voltage"; Value = "1.9V"; VariantName = "[No Variations]"
Add component (AddParameter): Name = "Height"; Value = "4.5mm"; VariantName = "[No Variations]"
Add component (AddParameter): Name = "Illumination Color"; Value = "Green"; VariantName = "[No Variations]"
Add component (AddParameter): Name = "Length"; Value = "3.2mm"; VariantName = "[No Variations]"
Add component (AddParameter): Name = "Lens Color"; Value = "Green"; VariantName = "[No Variations]"
Add component (AddParameter): Name = "Lens Size"; Value = "3mm"; VariantName = "[No Variations]"
Add component (AddParameter): Name = "Lens Style"; Value = "Circular, Colored, Diffused, Dome, Round"; VariantName = "[No Variations]"
Add component (AddParameter): Name = "Lens Transparency"; Value = "Diffused"; VariantName = "[No Variations]"
Add component (AddParameter): Name = "Luminous Intensity"; Value = "1.2mcd"; VariantName = "[No Variations]"
Add component (AddParameter): Name = "Max Operating Temperature"; Value = "100°C"; VariantName = "[No Variations]"
Add component (AddParameter): Name = "Max Power Dissipation"; Value = "20mW"; VariantName = "[No Variations]"
Add component (AddParameter): Name = "Min Operating Temperature"; Value = "-40°C"; VariantName = "[No Variations]"
Add component (AddParameter): Name = "Mount"; Value = "Through Hole"; VariantName = "[No Variations]"
Add component (AddParameter): Name = "NexarPartId"; Value = "55433990"; VariantName = "[No Variations]"
Add component (AddParameter): Name = "Number of Elements"; Value = "1"; VariantName = "[No Variations]"
Add component (AddParameter): Name = "Number of LEDs"; Value = "1"; VariantName = "[No Variations]"
Add component (AddParameter): Name = "Number of Pins"; Value = "2"; VariantName = "[No Variations]"
Add component (AddParameter): Name = "Power Dissipation"; Value = "20mW"; VariantName = "[No Variations]"
Add component (AddParameter): Name = "Radiation Hardening"; Value = "No"; VariantName = "[No Variations]"
Add component (AddParameter): Name = "REACH SVHC"; Value = "Unknown"; VariantName = "[No Variations]"
Add component (AddParameter): Name = "Reverse Voltage"; Value = "20V"; VariantName = "[No Variations]"
Add component (AddParameter): Name = "RoHS"; Value = "Compliant"; VariantName = "[No Variations]"
Add component (AddParameter): Name = "Schedule B"; Value = "8541402000, 8541402000"; VariantName = "[No Variations]"
Add component (AddParameter): Name = "Test Current"; Value = "2mA"; VariantName = "[No Variations]"
Add component (AddParameter): Name = "Viewing Angle"; Value = "50°"; VariantName = "[No Variations]"
Add component (AddParameter): Name = "Voltage Rating (DC)"; Value = "2.4V"; VariantName = "[No Variations]"
Add component (AddParameter): Name = "Wavelength"; Value = "575nm"; VariantName = "[No Variations]"
Added Component: Designator=D8(FP-6_544-5255_01-4-MFG)
Add component (AddParameter): Name = "Case/Package"; Value = "T"; VariantName = "[No Variations]"
Add component (AddParameter): Name = "Color"; Value = "Green"; VariantName = "[No Variations]"
Add component (AddParameter): Name = "Depth"; Value = "3.2mm"; VariantName = "[No Variations]"
Add component (AddParameter): Name = "Dominant Wavelength"; Value = "575nm"; VariantName = "[No Variations]"
Add component (AddParameter): Name = "Forward Current"; Value = "2mA"; VariantName = "[No Variations]"
Add component (AddParameter): Name = "Forward Voltage"; Value = "1.9V"; VariantName = "[No Variations]"
Add component (AddParameter): Name = "Height"; Value = "4.5mm"; VariantName = "[No Variations]"
Add component (AddParameter): Name = "Illumination Color"; Value = "Green"; VariantName = "[No Variations]"
Add component (AddParameter): Name = "Length"; Value = "3.2mm"; VariantName = "[No Variations]"
Add component (AddParameter): Name = "Lens Color"; Value = "Green"; VariantName = "[No Variations]"
Add component (AddParameter): Name = "Lens Size"; Value = "3mm"; VariantName = "[No Variations]"
Add component (AddParameter): Name = "Lens Style"; Value = "Circular, Colored, Diffused, Dome, Round"; VariantName = "[No Variations]"
Add component (AddParameter): Name = "Lens Transparency"; Value = "Diffused"; VariantName = "[No Variations]"
Add component (AddParameter): Name = "Luminous Intensity"; Value = "1.2mcd"; VariantName = "[No Variations]"
Add component (AddParameter): Name = "Max Operating Temperature"; Value = "100°C"; VariantName = "[No Variations]"
Add component (AddParameter): Name = "Max Power Dissipation"; Value = "20mW"; VariantName = "[No Variations]"
Add component (AddParameter): Name = "Min Operating Temperature"; Value = "-40°C"; VariantName = "[No Variations]"
Add component (AddParameter): Name = "Mount"; Value = "Through Hole"; VariantName = "[No Variations]"
Add component (AddParameter): Name = "NexarPartId"; Value = "55433990"; VariantName = "[No Variations]"
Add component (AddParameter): Name = "Number of Elements"; Value = "1"; VariantName = "[No Variations]"
Add component (AddParameter): Name = "Number of LEDs"; Value = "1"; VariantName = "[No Variations]"
Add component (AddParameter): Name = "Number of Pins"; Value = "2"; VariantName = "[No Variations]"
Add component (AddParameter): Name = "Power Dissipation"; Value = "20mW"; VariantName = "[No Variations]"
Add component (AddParameter): Name = "Radiation Hardening"; Value = "No"; VariantName = "[No Variations]"
Add component (AddParameter): Name = "REACH SVHC"; Value = "Unknown"; VariantName = "[No Variations]"
Add component (AddParameter): Name = "Reverse Voltage"; Value = "20V"; VariantName = "[No Variations]"
Add component (AddParameter): Name = "RoHS"; Value = "Compliant"; VariantName = "[No Variations]"
Add component (AddParameter): Name = "Schedule B"; Value = "8541402000, 8541402000"; VariantName = "[No Variations]"
Add component (AddParameter): Name = "Test Current"; Value = "2mA"; VariantName = "[No Variations]"
Add component (AddParameter): Name = "Viewing Angle"; Value = "50°"; VariantName = "[No Variations]"
Add component (AddParameter): Name = "Voltage Rating (DC)"; Value = "2.4V"; VariantName = "[No Variations]"
Add component (AddParameter): Name = "Wavelength"; Value = "575nm"; VariantName = "[No Variations]"
Added Component: Designator=D9(FP-6_544-5255_01-4-MFG)
Add component (AddParameter): Name = "Case/Package"; Value = "T"; VariantName = "[No Variations]"
Add component (AddParameter): Name = "Color"; Value = "Green"; VariantName = "[No Variations]"
Add component (AddParameter): Name = "Depth"; Value = "3.2mm"; VariantName = "[No Variations]"
Add component (AddParameter): Name = "Dominant Wavelength"; Value = "575nm"; VariantName = "[No Variations]"
Add component (AddParameter): Name = "Forward Current"; Value = "2mA"; VariantName = "[No Variations]"
Add component (AddParameter): Name = "Forward Voltage"; Value = "1.9V"; VariantName = "[No Variations]"
Add component (AddParameter): Name = "Height"; Value = "4.5mm"; VariantName = "[No Variations]"
Add component (AddParameter): Name = "Illumination Color"; Value = "Green"; VariantName = "[No Variations]"
Add component (AddParameter): Name = "Length"; Value = "3.2mm"; VariantName = "[No Variations]"
Add component (AddParameter): Name = "Lens Color"; Value = "Green"; VariantName = "[No Variations]"
Add component (AddParameter): Name = "Lens Size"; Value = "3mm"; VariantName = "[No Variations]"
Add component (AddParameter): Name = "Lens Style"; Value = "Circular, Colored, Diffused, Dome, Round"; VariantName = "[No Variations]"
Add component (AddParameter): Name = "Lens Transparency"; Value = "Diffused"; VariantName = "[No Variations]"
Add component (AddParameter): Name = "Luminous Intensity"; Value = "1.2mcd"; VariantName = "[No Variations]"
Add component (AddParameter): Name = "Max Operating Temperature"; Value = "100°C"; VariantName = "[No Variations]"
Add component (AddParameter): Name = "Max Power Dissipation"; Value = "20mW"; VariantName = "[No Variations]"
Add component (AddParameter): Name = "Min Operating Temperature"; Value = "-40°C"; VariantName = "[No Variations]"
Add component (AddParameter): Name = "Mount"; Value = "Through Hole"; VariantName = "[No Variations]"
Add component (AddParameter): Name = "NexarPartId"; Value = "55433990"; VariantName = "[No Variations]"
Add component (AddParameter): Name = "Number of Elements"; Value = "1"; VariantName = "[No Variations]"
Add component (AddParameter): Name = "Number of LEDs"; Value = "1"; VariantName = "[No Variations]"
Add component (AddParameter): Name = "Number of Pins"; Value = "2"; VariantName = "[No Variations]"
Add component (AddParameter): Name = "Power Dissipation"; Value = "20mW"; VariantName = "[No Variations]"
Add component (AddParameter): Name = "Radiation Hardening"; Value = "No"; VariantName = "[No Variations]"
Add component (AddParameter): Name = "REACH SVHC"; Value = "Unknown"; VariantName = "[No Variations]"
Add component (AddParameter): Name = "Reverse Voltage"; Value = "20V"; VariantName = "[No Variations]"
Add component (AddParameter): Name = "RoHS"; Value = "Compliant"; VariantName = "[No Variations]"
Add component (AddParameter): Name = "Schedule B"; Value = "8541402000, 8541402000"; VariantName = "[No Variations]"
Add component (AddParameter): Name = "Test Current"; Value = "2mA"; VariantName = "[No Variations]"
Add component (AddParameter): Name = "Viewing Angle"; Value = "50°"; VariantName = "[No Variations]"
Add component (AddParameter): Name = "Voltage Rating (DC)"; Value = "2.4V"; VariantName = "[No Variations]"
Add component (AddParameter): Name = "Wavelength"; Value = "575nm"; VariantName = "[No Variations]"
Added Component: Designator=D10(DIOD-DO-41-P-2_V)
Add component (AddParameter): Name = "ComponentLink1Description"; Value = "Manufacturer URL"; VariantName = "[No Variations]"
Add component (AddParameter): Name = "ComponentLink1URL"; Value = "http://diodes.com/"; VariantName = "[No Variations]"
Add component (AddParameter): Name = "ComponentLink2Description"; Value = "Datasheet"; VariantName = "[No Variations]"
Add component (AddParameter): Name = "ComponentLink2URL"; Value = "http://diodes.com/datasheets/ds28002.pdf"; VariantName = "[No Variations]"
Add component (AddParameter): Name = "CT (pF)"; Value = "15"; VariantName = "[No Variations]"
Add component (AddParameter): Name = "DatasheetVersion"; Value = "Rev. 8-2"; VariantName = "[No Variations]"
Add component (AddParameter): Name = "Manufacturer"; Value = "Diodes Inc"; VariantName = "[No Variations]"
Add component (AddParameter): Name = "Max. Average Rectified Current IO (A)"; Value = "1"; VariantName = "[No Variations]"
Add component (AddParameter): Name = "Max. IFSM (A)"; Value = "30"; VariantName = "[No Variations]"
Add component (AddParameter): Name = "Max. IR (uA)"; Value = "5"; VariantName = "[No Variations]"
Add component (AddParameter): Name = "Mounting Technology"; Value = "Through Hole"; VariantName = "[No Variations]"
Add component (AddParameter): Name = "Operating Temperature Range (degC)"; Value = "-65 to 150"; VariantName = "[No Variations]"
Add component (AddParameter): Name = "PackageDescription"; Value = "2-Pin Axial Lead, Body 4.635 x 2.36 mm, Lead Spread 25.4 mm"; VariantName = "[No Variations]"
Add component (AddParameter): Name = "PackageReference"; Value = "DO-41-P-2"; VariantName = "[No Variations]"
Add component (AddParameter): Name = "Packing"; Value = "Tape and Reel"; VariantName = "[No Variations]"
Add component (AddParameter): Name = "PartNumber"; Value = "1N4001-T"; VariantName = "[No Variations]"
Add component (AddParameter): Name = "RoHS"; Value = "TRUE"; VariantName = "[No Variations]"
Add component (AddParameter): Name = "VF (V)"; Value = "1"; VariantName = "[No Variations]"
Add component (AddParameter): Name = "VRRM (V)"; Value = "50"; VariantName = "[No Variations]"
Added Component: Designator=D11(DIOD-DO-41-P-2_V)
Add component (AddParameter): Name = "ComponentLink1Description"; Value = "Manufacturer URL"; VariantName = "[No Variations]"
Add component (AddParameter): Name = "ComponentLink1URL"; Value = "http://diodes.com/"; VariantName = "[No Variations]"
Add component (AddParameter): Name = "ComponentLink2Description"; Value = "Datasheet"; VariantName = "[No Variations]"
Add component (AddParameter): Name = "ComponentLink2URL"; Value = "http://diodes.com/datasheets/ds28002.pdf"; VariantName = "[No Variations]"
Add component (AddParameter): Name = "CT (pF)"; Value = "15"; VariantName = "[No Variations]"
Add component (AddParameter): Name = "DatasheetVersion"; Value = "Rev. 8-2"; VariantName = "[No Variations]"
Add component (AddParameter): Name = "Manufacturer"; Value = "Diodes Inc"; VariantName = "[No Variations]"
Add component (AddParameter): Name = "Max. Average Rectified Current IO (A)"; Value = "1"; VariantName = "[No Variations]"
Add component (AddParameter): Name = "Max. IFSM (A)"; Value = "30"; VariantName = "[No Variations]"
Add component (AddParameter): Name = "Max. IR (uA)"; Value = "5"; VariantName = "[No Variations]"
Add component (AddParameter): Name = "Mounting Technology"; Value = "Through Hole"; VariantName = "[No Variations]"
Add component (AddParameter): Name = "Operating Temperature Range (degC)"; Value = "-65 to 150"; VariantName = "[No Variations]"
Add component (AddParameter): Name = "PackageDescription"; Value = "2-Pin Axial Lead, Body 4.635 x 2.36 mm, Lead Spread 25.4 mm"; VariantName = "[No Variations]"
Add component (AddParameter): Name = "PackageReference"; Value = "DO-41-P-2"; VariantName = "[No Variations]"
Add component (AddParameter): Name = "Packing"; Value = "Tape and Reel"; VariantName = "[No Variations]"
Add component (AddParameter): Name = "PartNumber"; Value = "1N4001-T"; VariantName = "[No Variations]"
Add component (AddParameter): Name = "RoHS"; Value = "TRUE"; VariantName = "[No Variations]"
Add component (AddParameter): Name = "VF (V)"; Value = "1"; VariantName = "[No Variations]"
Add component (AddParameter): Name = "VRRM (V)"; Value = "50"; VariantName = "[No Variations]"
Added Component: Designator=D12(DIOD-DO-41-P-2_V)
Add component (AddParameter): Name = "ComponentLink1Description"; Value = "Manufacturer URL"; VariantName = "[No Variations]"
Add component (AddParameter): Name = "ComponentLink1URL"; Value = "http://diodes.com/"; VariantName = "[No Variations]"
Add component (AddParameter): Name = "ComponentLink2Description"; Value = "Datasheet"; VariantName = "[No Variations]"
Add component (AddParameter): Name = "ComponentLink2URL"; Value = "http://diodes.com/datasheets/ds28002.pdf"; VariantName = "[No Variations]"
Add component (AddParameter): Name = "CT (pF)"; Value = "15"; VariantName = "[No Variations]"
Add component (AddParameter): Name = "DatasheetVersion"; Value = "Rev. 8-2"; VariantName = "[No Variations]"
Add component (AddParameter): Name = "Manufacturer"; Value = "Diodes Inc"; VariantName = "[No Variations]"
Add component (AddParameter): Name = "Max. Average Rectified Current IO (A)"; Value = "1"; VariantName = "[No Variations]"
Add component (AddParameter): Name = "Max. IFSM (A)"; Value = "30"; VariantName = "[No Variations]"
Add component (AddParameter): Name = "Max. IR (uA)"; Value = "5"; VariantName = "[No Variations]"
Add component (AddParameter): Name = "Mounting Technology"; Value = "Through Hole"; VariantName = "[No Variations]"
Add component (AddParameter): Name = "Operating Temperature Range (degC)"; Value = "-65 to 150"; VariantName = "[No Variations]"
Add component (AddParameter): Name = "PackageDescription"; Value = "2-Pin Axial Lead, Body 4.635 x 2.36 mm, Lead Spread 25.4 mm"; VariantName = "[No Variations]"
Add component (AddParameter): Name = "PackageReference"; Value = "DO-41-P-2"; VariantName = "[No Variations]"
Add component (AddParameter): Name = "Packing"; Value = "Tape and Reel"; VariantName = "[No Variations]"
Add component (AddParameter): Name = "PartNumber"; Value = "1N4001-T"; VariantName = "[No Variations]"
Add component (AddParameter): Name = "RoHS"; Value = "TRUE"; VariantName = "[No Variations]"
Add component (AddParameter): Name = "VF (V)"; Value = "1"; VariantName = "[No Variations]"
Add component (AddParameter): Name = "VRRM (V)"; Value = "50"; VariantName = "[No Variations]"
Added Component: Designator=D13(FP-6_544-5255_01-4-MFG)
Add component (AddParameter): Name = "Case/Package"; Value = "T"; VariantName = "[No Variations]"
Add component (AddParameter): Name = "Color"; Value = "Green"; VariantName = "[No Variations]"
Add component (AddParameter): Name = "Depth"; Value = "3.2mm"; VariantName = "[No Variations]"
Add component (AddParameter): Name = "Dominant Wavelength"; Value = "575nm"; VariantName = "[No Variations]"
Add component (AddParameter): Name = "Forward Current"; Value = "2mA"; VariantName = "[No Variations]"
Add component (AddParameter): Name = "Forward Voltage"; Value = "1.9V"; VariantName = "[No Variations]"
Add component (AddParameter): Name = "Height"; Value = "4.5mm"; VariantName = "[No Variations]"
Add component (AddParameter): Name = "Illumination Color"; Value = "Green"; VariantName = "[No Variations]"
Add component (AddParameter): Name = "Length"; Value = "3.2mm"; VariantName = "[No Variations]"
Add component (AddParameter): Name = "Lens Color"; Value = "Green"; VariantName = "[No Variations]"
Add component (AddParameter): Name = "Lens Size"; Value = "3mm"; VariantName = "[No Variations]"
Add component (AddParameter): Name = "Lens Style"; Value = "Circular, Colored, Diffused, Dome, Round"; VariantName = "[No Variations]"
Add component (AddParameter): Name = "Lens Transparency"; Value = "Diffused"; VariantName = "[No Variations]"
Add component (AddParameter): Name = "Luminous Intensity"; Value = "1.2mcd"; VariantName = "[No Variations]"
Add component (AddParameter): Name = "Max Operating Temperature"; Value = "100°C"; VariantName = "[No Variations]"
Add component (AddParameter): Name = "Max Power Dissipation"; Value = "20mW"; VariantName = "[No Variations]"
Add component (AddParameter): Name = "Min Operating Temperature"; Value = "-40°C"; VariantName = "[No Variations]"
Add component (AddParameter): Name = "Mount"; Value = "Through Hole"; VariantName = "[No Variations]"
Add component (AddParameter): Name = "NexarPartId"; Value = "55433990"; VariantName = "[No Variations]"
Add component (AddParameter): Name = "Number of Elements"; Value = "1"; VariantName = "[No Variations]"
Add component (AddParameter): Name = "Number of LEDs"; Value = "1"; VariantName = "[No Variations]"
Add component (AddParameter): Name = "Number of Pins"; Value = "2"; VariantName = "[No Variations]"
Add component (AddParameter): Name = "Power Dissipation"; Value = "20mW"; VariantName = "[No Variations]"
Add component (AddParameter): Name = "Radiation Hardening"; Value = "No"; VariantName = "[No Variations]"
Add component (AddParameter): Name = "REACH SVHC"; Value = "Unknown"; VariantName = "[No Variations]"
Add component (AddParameter): Name = "Reverse Voltage"; Value = "20V"; VariantName = "[No Variations]"
Add component (AddParameter): Name = "RoHS"; Value = "Compliant"; VariantName = "[No Variations]"
Add component (AddParameter): Name = "Schedule B"; Value = "8541402000, 8541402000"; VariantName = "[No Variations]"
Add component (AddParameter): Name = "Test Current"; Value = "2mA"; VariantName = "[No Variations]"
Add component (AddParameter): Name = "Viewing Angle"; Value = "50°"; VariantName = "[No Variations]"
Add component (AddParameter): Name = "Voltage Rating (DC)"; Value = "2.4V"; VariantName = "[No Variations]"
Add component (AddParameter): Name = "Wavelength"; Value = "575nm"; VariantName = "[No Variations]"
Added Component: Designator=D14(FP-6_544-5255_01-4-MFG)
Add component (AddParameter): Name = "Case/Package"; Value = "T"; VariantName = "[No Variations]"
Add component (AddParameter): Name = "Color"; Value = "Green"; VariantName = "[No Variations]"
Add component (AddParameter): Name = "Depth"; Value = "3.2mm"; VariantName = "[No Variations]"
Add component (AddParameter): Name = "Dominant Wavelength"; Value = "575nm"; VariantName = "[No Variations]"
Add component (AddParameter): Name = "Forward Current"; Value = "2mA"; VariantName = "[No Variations]"
Add component (AddParameter): Name = "Forward Voltage"; Value = "1.9V"; VariantName = "[No Variations]"
Add component (AddParameter): Name = "Height"; Value = "4.5mm"; VariantName = "[No Variations]"
Add component (AddParameter): Name = "Illumination Color"; Value = "Green"; VariantName = "[No Variations]"
Add component (AddParameter): Name = "Length"; Value = "3.2mm"; VariantName = "[No Variations]"
Add component (AddParameter): Name = "Lens Color"; Value = "Green"; VariantName = "[No Variations]"
Add component (AddParameter): Name = "Lens Size"; Value = "3mm"; VariantName = "[No Variations]"
Add component (AddParameter): Name = "Lens Style"; Value = "Circular, Colored, Diffused, Dome, Round"; VariantName = "[No Variations]"
Add component (AddParameter): Name = "Lens Transparency"; Value = "Diffused"; VariantName = "[No Variations]"
Add component (AddParameter): Name = "Luminous Intensity"; Value = "1.2mcd"; VariantName = "[No Variations]"
Add component (AddParameter): Name = "Max Operating Temperature"; Value = "100°C"; VariantName = "[No Variations]"
Add component (AddParameter): Name = "Max Power Dissipation"; Value = "20mW"; VariantName = "[No Variations]"
Add component (AddParameter): Name = "Min Operating Temperature"; Value = "-40°C"; VariantName = "[No Variations]"
Add component (AddParameter): Name = "Mount"; Value = "Through Hole"; VariantName = "[No Variations]"
Add component (AddParameter): Name = "NexarPartId"; Value = "55433990"; VariantName = "[No Variations]"
Add component (AddParameter): Name = "Number of Elements"; Value = "1"; VariantName = "[No Variations]"
Add component (AddParameter): Name = "Number of LEDs"; Value = "1"; VariantName = "[No Variations]"
Add component (AddParameter): Name = "Number of Pins"; Value = "2"; VariantName = "[No Variations]"
Add component (AddParameter): Name = "Power Dissipation"; Value = "20mW"; VariantName = "[No Variations]"
Add component (AddParameter): Name = "Radiation Hardening"; Value = "No"; VariantName = "[No Variations]"
Add component (AddParameter): Name = "REACH SVHC"; Value = "Unknown"; VariantName = "[No Variations]"
Add component (AddParameter): Name = "Reverse Voltage"; Value = "20V"; VariantName = "[No Variations]"
Add component (AddParameter): Name = "RoHS"; Value = "Compliant"; VariantName = "[No Variations]"
Add component (AddParameter): Name = "Schedule B"; Value = "8541402000, 8541402000"; VariantName = "[No Variations]"
Add component (AddParameter): Name = "Test Current"; Value = "2mA"; VariantName = "[No Variations]"
Add component (AddParameter): Name = "Viewing Angle"; Value = "50°"; VariantName = "[No Variations]"
Add component (AddParameter): Name = "Voltage Rating (DC)"; Value = "2.4V"; VariantName = "[No Variations]"
Add component (AddParameter): Name = "Wavelength"; Value = "575nm"; VariantName = "[No Variations]"
Added Component: Designator=D15(FP-6_544-5255_01-4-MFG)
Add component (AddParameter): Name = "Case/Package"; Value = "T"; VariantName = "[No Variations]"
Add component (AddParameter): Name = "Color"; Value = "Green"; VariantName = "[No Variations]"
Add component (AddParameter): Name = "Depth"; Value = "3.2mm"; VariantName = "[No Variations]"
Add component (AddParameter): Name = "Dominant Wavelength"; Value = "575nm"; VariantName = "[No Variations]"
Add component (AddParameter): Name = "Forward Current"; Value = "2mA"; VariantName = "[No Variations]"
Add component (AddParameter): Name = "Forward Voltage"; Value = "1.9V"; VariantName = "[No Variations]"
Add component (AddParameter): Name = "Height"; Value = "4.5mm"; VariantName = "[No Variations]"
Add component (AddParameter): Name = "Illumination Color"; Value = "Green"; VariantName = "[No Variations]"
Add component (AddParameter): Name = "Length"; Value = "3.2mm"; VariantName = "[No Variations]"
Add component (AddParameter): Name = "Lens Color"; Value = "Green"; VariantName = "[No Variations]"
Add component (AddParameter): Name = "Lens Size"; Value = "3mm"; VariantName = "[No Variations]"
Add component (AddParameter): Name = "Lens Style"; Value = "Circular, Colored, Diffused, Dome, Round"; VariantName = "[No Variations]"
Add component (AddParameter): Name = "Lens Transparency"; Value = "Diffused"; VariantName = "[No Variations]"
Add component (AddParameter): Name = "Luminous Intensity"; Value = "1.2mcd"; VariantName = "[No Variations]"
Add component (AddParameter): Name = "Max Operating Temperature"; Value = "100°C"; VariantName = "[No Variations]"
Add component (AddParameter): Name = "Max Power Dissipation"; Value = "20mW"; VariantName = "[No Variations]"
Add component (AddParameter): Name = "Min Operating Temperature"; Value = "-40°C"; VariantName = "[No Variations]"
Add component (AddParameter): Name = "Mount"; Value = "Through Hole"; VariantName = "[No Variations]"
Add component (AddParameter): Name = "NexarPartId"; Value = "55433990"; VariantName = "[No Variations]"
Add component (AddParameter): Name = "Number of Elements"; Value = "1"; VariantName = "[No Variations]"
Add component (AddParameter): Name = "Number of LEDs"; Value = "1"; VariantName = "[No Variations]"
Add component (AddParameter): Name = "Number of Pins"; Value = "2"; VariantName = "[No Variations]"
Add component (AddParameter): Name = "Power Dissipation"; Value = "20mW"; VariantName = "[No Variations]"
Add component (AddParameter): Name = "Radiation Hardening"; Value = "No"; VariantName = "[No Variations]"
Add component (AddParameter): Name = "REACH SVHC"; Value = "Unknown"; VariantName = "[No Variations]"
Add component (AddParameter): Name = "Reverse Voltage"; Value = "20V"; VariantName = "[No Variations]"
Add component (AddParameter): Name = "RoHS"; Value = "Compliant"; VariantName = "[No Variations]"
Add component (AddParameter): Name = "Schedule B"; Value = "8541402000, 8541402000"; VariantName = "[No Variations]"
Add component (AddParameter): Name = "Test Current"; Value = "2mA"; VariantName = "[No Variations]"
Add component (AddParameter): Name = "Viewing Angle"; Value = "50°"; VariantName = "[No Variations]"
Add component (AddParameter): Name = "Voltage Rating (DC)"; Value = "2.4V"; VariantName = "[No Variations]"
Add component (AddParameter): Name = "Wavelength"; Value = "575nm"; VariantName = "[No Variations]"
Added Component: Designator=D16(DIOD-DO-41-P-2_V)
Add component (AddParameter): Name = "ComponentLink1Description"; Value = "Manufacturer URL"; VariantName = "[No Variations]"
Add component (AddParameter): Name = "ComponentLink1URL"; Value = "http://diodes.com/"; VariantName = "[No Variations]"
Add component (AddParameter): Name = "ComponentLink2Description"; Value = "Datasheet"; VariantName = "[No Variations]"
Add component (AddParameter): Name = "ComponentLink2URL"; Value = "http://diodes.com/datasheets/ds28002.pdf"; VariantName = "[No Variations]"
Add component (AddParameter): Name = "CT (pF)"; Value = "15"; VariantName = "[No Variations]"
Add component (AddParameter): Name = "DatasheetVersion"; Value = "Rev. 8-2"; VariantName = "[No Variations]"
Add component (AddParameter): Name = "Manufacturer"; Value = "Diodes Inc"; VariantName = "[No Variations]"
Add component (AddParameter): Name = "Max. Average Rectified Current IO (A)"; Value = "1"; VariantName = "[No Variations]"
Add component (AddParameter): Name = "Max. IFSM (A)"; Value = "30"; VariantName = "[No Variations]"
Add component (AddParameter): Name = "Max. IR (uA)"; Value = "5"; VariantName = "[No Variations]"
Add component (AddParameter): Name = "Mounting Technology"; Value = "Through Hole"; VariantName = "[No Variations]"
Add component (AddParameter): Name = "Operating Temperature Range (degC)"; Value = "-65 to 150"; VariantName = "[No Variations]"
Add component (AddParameter): Name = "PackageDescription"; Value = "2-Pin Axial Lead, Body 4.635 x 2.36 mm, Lead Spread 25.4 mm"; VariantName = "[No Variations]"
Add component (AddParameter): Name = "PackageReference"; Value = "DO-41-P-2"; VariantName = "[No Variations]"
Add component (AddParameter): Name = "Packing"; Value = "Tape and Reel"; VariantName = "[No Variations]"
Add component (AddParameter): Name = "PartNumber"; Value = "1N4001-T"; VariantName = "[No Variations]"
Add component (AddParameter): Name = "RoHS"; Value = "TRUE"; VariantName = "[No Variations]"
Add component (AddParameter): Name = "VF (V)"; Value = "1"; VariantName = "[No Variations]"
Add component (AddParameter): Name = "VRRM (V)"; Value = "50"; VariantName = "[No Variations]"
Added Component: Designator=D17(DIOD-DO-41-P-2_V)
Add component (AddParameter): Name = "ComponentLink1Description"; Value = "Manufacturer URL"; VariantName = "[No Variations]"
Add component (AddParameter): Name = "ComponentLink1URL"; Value = "http://diodes.com/"; VariantName = "[No Variations]"
Add component (AddParameter): Name = "ComponentLink2Description"; Value = "Datasheet"; VariantName = "[No Variations]"
Add component (AddParameter): Name = "ComponentLink2URL"; Value = "http://diodes.com/datasheets/ds28002.pdf"; VariantName = "[No Variations]"
Add component (AddParameter): Name = "CT (pF)"; Value = "15"; VariantName = "[No Variations]"
Add component (AddParameter): Name = "DatasheetVersion"; Value = "Rev. 8-2"; VariantName = "[No Variations]"
Add component (AddParameter): Name = "Manufacturer"; Value = "Diodes Inc"; VariantName = "[No Variations]"
Add component (AddParameter): Name = "Max. Average Rectified Current IO (A)"; Value = "1"; VariantName = "[No Variations]"
Add component (AddParameter): Name = "Max. IFSM (A)"; Value = "30"; VariantName = "[No Variations]"
Add component (AddParameter): Name = "Max. IR (uA)"; Value = "5"; VariantName = "[No Variations]"
Add component (AddParameter): Name = "Mounting Technology"; Value = "Through Hole"; VariantName = "[No Variations]"
Add component (AddParameter): Name = "Operating Temperature Range (degC)"; Value = "-65 to 150"; VariantName = "[No Variations]"
Add component (AddParameter): Name = "PackageDescription"; Value = "2-Pin Axial Lead, Body 4.635 x 2.36 mm, Lead Spread 25.4 mm"; VariantName = "[No Variations]"
Add component (AddParameter): Name = "PackageReference"; Value = "DO-41-P-2"; VariantName = "[No Variations]"
Add component (AddParameter): Name = "Packing"; Value = "Tape and Reel"; VariantName = "[No Variations]"
Add component (AddParameter): Name = "PartNumber"; Value = "1N4001-T"; VariantName = "[No Variations]"
Add component (AddParameter): Name = "RoHS"; Value = "TRUE"; VariantName = "[No Variations]"
Add component (AddParameter): Name = "VF (V)"; Value = "1"; VariantName = "[No Variations]"
Add component (AddParameter): Name = "VRRM (V)"; Value = "50"; VariantName = "[No Variations]"
Added Component: Designator=D18(DIOD-DO-41-P-2_V)
Add component (AddParameter): Name = "ComponentLink1Description"; Value = "Manufacturer URL"; VariantName = "[No Variations]"
Add component (AddParameter): Name = "ComponentLink1URL"; Value = "http://diodes.com/"; VariantName = "[No Variations]"
Add component (AddParameter): Name = "ComponentLink2Description"; Value = "Datasheet"; VariantName = "[No Variations]"
Add component (AddParameter): Name = "ComponentLink2URL"; Value = "http://diodes.com/datasheets/ds28002.pdf"; VariantName = "[No Variations]"
Add component (AddParameter): Name = "CT (pF)"; Value = "15"; VariantName = "[No Variations]"
Add component (AddParameter): Name = "DatasheetVersion"; Value = "Rev. 8-2"; VariantName = "[No Variations]"
Add component (AddParameter): Name = "Manufacturer"; Value = "Diodes Inc"; VariantName = "[No Variations]"
Add component (AddParameter): Name = "Max. Average Rectified Current IO (A)"; Value = "1"; VariantName = "[No Variations]"
Add component (AddParameter): Name = "Max. IFSM (A)"; Value = "30"; VariantName = "[No Variations]"
Add component (AddParameter): Name = "Max. IR (uA)"; Value = "5"; VariantName = "[No Variations]"
Add component (AddParameter): Name = "Mounting Technology"; Value = "Through Hole"; VariantName = "[No Variations]"
Add component (AddParameter): Name = "Operating Temperature Range (degC)"; Value = "-65 to 150"; VariantName = "[No Variations]"
Add component (AddParameter): Name = "PackageDescription"; Value = "2-Pin Axial Lead, Body 4.635 x 2.36 mm, Lead Spread 25.4 mm"; VariantName = "[No Variations]"
Add component (AddParameter): Name = "PackageReference"; Value = "DO-41-P-2"; VariantName = "[No Variations]"
Add component (AddParameter): Name = "Packing"; Value = "Tape and Reel"; VariantName = "[No Variations]"
Add component (AddParameter): Name = "PartNumber"; Value = "1N4001-T"; VariantName = "[No Variations]"
Add component (AddParameter): Name = "RoHS"; Value = "TRUE"; VariantName = "[No Variations]"
Add component (AddParameter): Name = "VF (V)"; Value = "1"; VariantName = "[No Variations]"
Add component (AddParameter): Name = "VRRM (V)"; Value = "50"; VariantName = "[No Variations]"
Added Component: Designator=D19(FP-6_544-5255_01-4-MFG)
Add component (AddParameter): Name = "Case/Package"; Value = "T"; VariantName = "[No Variations]"
Add component (AddParameter): Name = "Color"; Value = "Green"; VariantName = "[No Variations]"
Add component (AddParameter): Name = "Depth"; Value = "3.2mm"; VariantName = "[No Variations]"
Add component (AddParameter): Name = "Dominant Wavelength"; Value = "575nm"; VariantName = "[No Variations]"
Add component (AddParameter): Name = "Forward Current"; Value = "2mA"; VariantName = "[No Variations]"
Add component (AddParameter): Name = "Forward Voltage"; Value = "1.9V"; VariantName = "[No Variations]"
Add component (AddParameter): Name = "Height"; Value = "4.5mm"; VariantName = "[No Variations]"
Add component (AddParameter): Name = "Illumination Color"; Value = "Green"; VariantName = "[No Variations]"
Add component (AddParameter): Name = "Length"; Value = "3.2mm"; VariantName = "[No Variations]"
Add component (AddParameter): Name = "Lens Color"; Value = "Green"; VariantName = "[No Variations]"
Add component (AddParameter): Name = "Lens Size"; Value = "3mm"; VariantName = "[No Variations]"
Add component (AddParameter): Name = "Lens Style"; Value = "Circular, Colored, Diffused, Dome, Round"; VariantName = "[No Variations]"
Add component (AddParameter): Name = "Lens Transparency"; Value = "Diffused"; VariantName = "[No Variations]"
Add component (AddParameter): Name = "Luminous Intensity"; Value = "1.2mcd"; VariantName = "[No Variations]"
Add component (AddParameter): Name = "Max Operating Temperature"; Value = "100°C"; VariantName = "[No Variations]"
Add component (AddParameter): Name = "Max Power Dissipation"; Value = "20mW"; VariantName = "[No Variations]"
Add component (AddParameter): Name = "Min Operating Temperature"; Value = "-40°C"; VariantName = "[No Variations]"
Add component (AddParameter): Name = "Mount"; Value = "Through Hole"; VariantName = "[No Variations]"
Add component (AddParameter): Name = "NexarPartId"; Value = "55433990"; VariantName = "[No Variations]"
Add component (AddParameter): Name = "Number of Elements"; Value = "1"; VariantName = "[No Variations]"
Add component (AddParameter): Name = "Number of LEDs"; Value = "1"; VariantName = "[No Variations]"
Add component (AddParameter): Name = "Number of Pins"; Value = "2"; VariantName = "[No Variations]"
Add component (AddParameter): Name = "Power Dissipation"; Value = "20mW"; VariantName = "[No Variations]"
Add component (AddParameter): Name = "Radiation Hardening"; Value = "No"; VariantName = "[No Variations]"
Add component (AddParameter): Name = "REACH SVHC"; Value = "Unknown"; VariantName = "[No Variations]"
Add component (AddParameter): Name = "Reverse Voltage"; Value = "20V"; VariantName = "[No Variations]"
Add component (AddParameter): Name = "RoHS"; Value = "Compliant"; VariantName = "[No Variations]"
Add component (AddParameter): Name = "Schedule B"; Value = "8541402000, 8541402000"; VariantName = "[No Variations]"
Add component (AddParameter): Name = "Test Current"; Value = "2mA"; VariantName = "[No Variations]"
Add component (AddParameter): Name = "Viewing Angle"; Value = "50°"; VariantName = "[No Variations]"
Add component (AddParameter): Name = "Voltage Rating (DC)"; Value = "2.4V"; VariantName = "[No Variations]"
Add component (AddParameter): Name = "Wavelength"; Value = "575nm"; VariantName = "[No Variations]"
Added Component: Designator=D20(FP-6_544-5255_01-4-MFG)
Add component (AddParameter): Name = "Case/Package"; Value = "T"; VariantName = "[No Variations]"
Add component (AddParameter): Name = "Color"; Value = "Green"; VariantName = "[No Variations]"
Add component (AddParameter): Name = "Depth"; Value = "3.2mm"; VariantName = "[No Variations]"
Add component (AddParameter): Name = "Dominant Wavelength"; Value = "575nm"; VariantName = "[No Variations]"
Add component (AddParameter): Name = "Forward Current"; Value = "2mA"; VariantName = "[No Variations]"
Add component (AddParameter): Name = "Forward Voltage"; Value = "1.9V"; VariantName = "[No Variations]"
Add component (AddParameter): Name = "Height"; Value = "4.5mm"; VariantName = "[No Variations]"
Add component (AddParameter): Name = "Illumination Color"; Value = "Green"; VariantName = "[No Variations]"
Add component (AddParameter): Name = "Length"; Value = "3.2mm"; VariantName = "[No Variations]"
Add component (AddParameter): Name = "Lens Color"; Value = "Green"; VariantName = "[No Variations]"
Add component (AddParameter): Name = "Lens Size"; Value = "3mm"; VariantName = "[No Variations]"
Add component (AddParameter): Name = "Lens Style"; Value = "Circular, Colored, Diffused, Dome, Round"; VariantName = "[No Variations]"
Add component (AddParameter): Name = "Lens Transparency"; Value = "Diffused"; VariantName = "[No Variations]"
Add component (AddParameter): Name = "Luminous Intensity"; Value = "1.2mcd"; VariantName = "[No Variations]"
Add component (AddParameter): Name = "Max Operating Temperature"; Value = "100°C"; VariantName = "[No Variations]"
Add component (AddParameter): Name = "Max Power Dissipation"; Value = "20mW"; VariantName = "[No Variations]"
Add component (AddParameter): Name = "Min Operating Temperature"; Value = "-40°C"; VariantName = "[No Variations]"
Add component (AddParameter): Name = "Mount"; Value = "Through Hole"; VariantName = "[No Variations]"
Add component (AddParameter): Name = "NexarPartId"; Value = "55433990"; VariantName = "[No Variations]"
Add component (AddParameter): Name = "Number of Elements"; Value = "1"; VariantName = "[No Variations]"
Add component (AddParameter): Name = "Number of LEDs"; Value = "1"; VariantName = "[No Variations]"
Add component (AddParameter): Name = "Number of Pins"; Value = "2"; VariantName = "[No Variations]"
Add component (AddParameter): Name = "Power Dissipation"; Value = "20mW"; VariantName = "[No Variations]"
Add component (AddParameter): Name = "Radiation Hardening"; Value = "No"; VariantName = "[No Variations]"
Add component (AddParameter): Name = "REACH SVHC"; Value = "Unknown"; VariantName = "[No Variations]"
Add component (AddParameter): Name = "Reverse Voltage"; Value = "20V"; VariantName = "[No Variations]"
Add component (AddParameter): Name = "RoHS"; Value = "Compliant"; VariantName = "[No Variations]"
Add component (AddParameter): Name = "Schedule B"; Value = "8541402000, 8541402000"; VariantName = "[No Variations]"
Add component (AddParameter): Name = "Test Current"; Value = "2mA"; VariantName = "[No Variations]"
Add component (AddParameter): Name = "Viewing Angle"; Value = "50°"; VariantName = "[No Variations]"
Add component (AddParameter): Name = "Voltage Rating (DC)"; Value = "2.4V"; VariantName = "[No Variations]"
Add component (AddParameter): Name = "Wavelength"; Value = "575nm"; VariantName = "[No Variations]"
Added Component: Designator=D21(FP-6_544-5255_01-4-MFG)
Add component (AddParameter): Name = "Case/Package"; Value = "T"; VariantName = "[No Variations]"
Add component (AddParameter): Name = "Color"; Value = "Green"; VariantName = "[No Variations]"
Add component (AddParameter): Name = "Depth"; Value = "3.2mm"; VariantName = "[No Variations]"
Add component (AddParameter): Name = "Dominant Wavelength"; Value = "575nm"; VariantName = "[No Variations]"
Add component (AddParameter): Name = "Forward Current"; Value = "2mA"; VariantName = "[No Variations]"
Add component (AddParameter): Name = "Forward Voltage"; Value = "1.9V"; VariantName = "[No Variations]"
Add component (AddParameter): Name = "Height"; Value = "4.5mm"; VariantName = "[No Variations]"
Add component (AddParameter): Name = "Illumination Color"; Value = "Green"; VariantName = "[No Variations]"
Add component (AddParameter): Name = "Length"; Value = "3.2mm"; VariantName = "[No Variations]"
Add component (AddParameter): Name = "Lens Color"; Value = "Green"; VariantName = "[No Variations]"
Add component (AddParameter): Name = "Lens Size"; Value = "3mm"; VariantName = "[No Variations]"
Add component (AddParameter): Name = "Lens Style"; Value = "Circular, Colored, Diffused, Dome, Round"; VariantName = "[No Variations]"
Add component (AddParameter): Name = "Lens Transparency"; Value = "Diffused"; VariantName = "[No Variations]"
Add component (AddParameter): Name = "Luminous Intensity"; Value = "1.2mcd"; VariantName = "[No Variations]"
Add component (AddParameter): Name = "Max Operating Temperature"; Value = "100°C"; VariantName = "[No Variations]"
Add component (AddParameter): Name = "Max Power Dissipation"; Value = "20mW"; VariantName = "[No Variations]"
Add component (AddParameter): Name = "Min Operating Temperature"; Value = "-40°C"; VariantName = "[No Variations]"
Add component (AddParameter): Name = "Mount"; Value = "Through Hole"; VariantName = "[No Variations]"
Add component (AddParameter): Name = "NexarPartId"; Value = "55433990"; VariantName = "[No Variations]"
Add component (AddParameter): Name = "Number of Elements"; Value = "1"; VariantName = "[No Variations]"
Add component (AddParameter): Name = "Number of LEDs"; Value = "1"; VariantName = "[No Variations]"
Add component (AddParameter): Name = "Number of Pins"; Value = "2"; VariantName = "[No Variations]"
Add component (AddParameter): Name = "Power Dissipation"; Value = "20mW"; VariantName = "[No Variations]"
Add component (AddParameter): Name = "Radiation Hardening"; Value = "No"; VariantName = "[No Variations]"
Add component (AddParameter): Name = "REACH SVHC"; Value = "Unknown"; VariantName = "[No Variations]"
Add component (AddParameter): Name = "Reverse Voltage"; Value = "20V"; VariantName = "[No Variations]"
Add component (AddParameter): Name = "RoHS"; Value = "Compliant"; VariantName = "[No Variations]"
Add component (AddParameter): Name = "Schedule B"; Value = "8541402000, 8541402000"; VariantName = "[No Variations]"
Add component (AddParameter): Name = "Test Current"; Value = "2mA"; VariantName = "[No Variations]"
Add component (AddParameter): Name = "Viewing Angle"; Value = "50°"; VariantName = "[No Variations]"
Add component (AddParameter): Name = "Voltage Rating (DC)"; Value = "2.4V"; VariantName = "[No Variations]"
Add component (AddParameter): Name = "Wavelength"; Value = "575nm"; VariantName = "[No Variations]"
Added Component: Designator=D22(DIOD-DO-41-P-2_V)
Add component (AddParameter): Name = "ComponentLink1Description"; Value = "Manufacturer URL"; VariantName = "[No Variations]"
Add component (AddParameter): Name = "ComponentLink1URL"; Value = "http://diodes.com/"; VariantName = "[No Variations]"
Add component (AddParameter): Name = "ComponentLink2Description"; Value = "Datasheet"; VariantName = "[No Variations]"
Add component (AddParameter): Name = "ComponentLink2URL"; Value = "http://diodes.com/datasheets/ds28002.pdf"; VariantName = "[No Variations]"
Add component (AddParameter): Name = "CT (pF)"; Value = "15"; VariantName = "[No Variations]"
Add component (AddParameter): Name = "DatasheetVersion"; Value = "Rev. 8-2"; VariantName = "[No Variations]"
Add component (AddParameter): Name = "Manufacturer"; Value = "Diodes Inc"; VariantName = "[No Variations]"
Add component (AddParameter): Name = "Max. Average Rectified Current IO (A)"; Value = "1"; VariantName = "[No Variations]"
Add component (AddParameter): Name = "Max. IFSM (A)"; Value = "30"; VariantName = "[No Variations]"
Add component (AddParameter): Name = "Max. IR (uA)"; Value = "5"; VariantName = "[No Variations]"
Add component (AddParameter): Name = "Mounting Technology"; Value = "Through Hole"; VariantName = "[No Variations]"
Add component (AddParameter): Name = "Operating Temperature Range (degC)"; Value = "-65 to 150"; VariantName = "[No Variations]"
Add component (AddParameter): Name = "PackageDescription"; Value = "2-Pin Axial Lead, Body 4.635 x 2.36 mm, Lead Spread 25.4 mm"; VariantName = "[No Variations]"
Add component (AddParameter): Name = "PackageReference"; Value = "DO-41-P-2"; VariantName = "[No Variations]"
Add component (AddParameter): Name = "Packing"; Value = "Tape and Reel"; VariantName = "[No Variations]"
Add component (AddParameter): Name = "PartNumber"; Value = "1N4001-T"; VariantName = "[No Variations]"
Add component (AddParameter): Name = "RoHS"; Value = "TRUE"; VariantName = "[No Variations]"
Add component (AddParameter): Name = "VF (V)"; Value = "1"; VariantName = "[No Variations]"
Add component (AddParameter): Name = "VRRM (V)"; Value = "50"; VariantName = "[No Variations]"
Added Component: Designator=D23(DIOD-DO-41-P-2_V)
Add component (AddParameter): Name = "ComponentLink1Description"; Value = "Manufacturer URL"; VariantName = "[No Variations]"
Add component (AddParameter): Name = "ComponentLink1URL"; Value = "http://diodes.com/"; VariantName = "[No Variations]"
Add component (AddParameter): Name = "ComponentLink2Description"; Value = "Datasheet"; VariantName = "[No Variations]"
Add component (AddParameter): Name = "ComponentLink2URL"; Value = "http://diodes.com/datasheets/ds28002.pdf"; VariantName = "[No Variations]"
Add component (AddParameter): Name = "CT (pF)"; Value = "15"; VariantName = "[No Variations]"
Add component (AddParameter): Name = "DatasheetVersion"; Value = "Rev. 8-2"; VariantName = "[No Variations]"
Add component (AddParameter): Name = "Manufacturer"; Value = "Diodes Inc"; VariantName = "[No Variations]"
Add component (AddParameter): Name = "Max. Average Rectified Current IO (A)"; Value = "1"; VariantName = "[No Variations]"
Add component (AddParameter): Name = "Max. IFSM (A)"; Value = "30"; VariantName = "[No Variations]"
Add component (AddParameter): Name = "Max. IR (uA)"; Value = "5"; VariantName = "[No Variations]"
Add component (AddParameter): Name = "Mounting Technology"; Value = "Through Hole"; VariantName = "[No Variations]"
Add component (AddParameter): Name = "Operating Temperature Range (degC)"; Value = "-65 to 150"; VariantName = "[No Variations]"
Add component (AddParameter): Name = "PackageDescription"; Value = "2-Pin Axial Lead, Body 4.635 x 2.36 mm, Lead Spread 25.4 mm"; VariantName = "[No Variations]"
Add component (AddParameter): Name = "PackageReference"; Value = "DO-41-P-2"; VariantName = "[No Variations]"
Add component (AddParameter): Name = "Packing"; Value = "Tape and Reel"; VariantName = "[No Variations]"
Add component (AddParameter): Name = "PartNumber"; Value = "1N4001-T"; VariantName = "[No Variations]"
Add component (AddParameter): Name = "RoHS"; Value = "TRUE"; VariantName = "[No Variations]"
Add component (AddParameter): Name = "VF (V)"; Value = "1"; VariantName = "[No Variations]"
Add component (AddParameter): Name = "VRRM (V)"; Value = "50"; VariantName = "[No Variations]"
Added Component: Designator=D24(DIOD-DO-41-P-2_V)
Add component (AddParameter): Name = "ComponentLink1Description"; Value = "Manufacturer URL"; VariantName = "[No Variations]"
Add component (AddParameter): Name = "ComponentLink1URL"; Value = "http://diodes.com/"; VariantName = "[No Variations]"
Add component (AddParameter): Name = "ComponentLink2Description"; Value = "Datasheet"; VariantName = "[No Variations]"
Add component (AddParameter): Name = "ComponentLink2URL"; Value = "http://diodes.com/datasheets/ds28002.pdf"; VariantName = "[No Variations]"
Add component (AddParameter): Name = "CT (pF)"; Value = "15"; VariantName = "[No Variations]"
Add component (AddParameter): Name = "DatasheetVersion"; Value = "Rev. 8-2"; VariantName = "[No Variations]"
Add component (AddParameter): Name = "Manufacturer"; Value = "Diodes Inc"; VariantName = "[No Variations]"
Add component (AddParameter): Name = "Max. Average Rectified Current IO (A)"; Value = "1"; VariantName = "[No Variations]"
Add component (AddParameter): Name = "Max. IFSM (A)"; Value = "30"; VariantName = "[No Variations]"
Add component (AddParameter): Name = "Max. IR (uA)"; Value = "5"; VariantName = "[No Variations]"
Add component (AddParameter): Name = "Mounting Technology"; Value = "Through Hole"; VariantName = "[No Variations]"
Add component (AddParameter): Name = "Operating Temperature Range (degC)"; Value = "-65 to 150"; VariantName = "[No Variations]"
Add component (AddParameter): Name = "PackageDescription"; Value = "2-Pin Axial Lead, Body 4.635 x 2.36 mm, Lead Spread 25.4 mm"; VariantName = "[No Variations]"
Add component (AddParameter): Name = "PackageReference"; Value = "DO-41-P-2"; VariantName = "[No Variations]"
Add component (AddParameter): Name = "Packing"; Value = "Tape and Reel"; VariantName = "[No Variations]"
Add component (AddParameter): Name = "PartNumber"; Value = "1N4001-T"; VariantName = "[No Variations]"
Add component (AddParameter): Name = "RoHS"; Value = "TRUE"; VariantName = "[No Variations]"
Add component (AddParameter): Name = "VF (V)"; Value = "1"; VariantName = "[No Variations]"
Add component (AddParameter): Name = "VRRM (V)"; Value = "50"; VariantName = "[No Variations]"
Added Component: Designator=DB1(618009231221)
Add component (AddParameter): Name = "Contact Material"; Value = "Gold"; VariantName = "[No Variations]"
Add component (AddParameter): Name = "Contact Plating"; Value = "Gold"; VariantName = "[No Variations]"
Add component (AddParameter): Name = "Contact Resistance"; Value = "30mO"; VariantName = "[No Variations]"
Add component (AddParameter): Name = "Current Rating"; Value = "3A"; VariantName = "[No Variations]"
Add component (AddParameter): Name = "Depth"; Value = "18.5mm"; VariantName = "[No Variations]"
Add component (AddParameter): Name = "Gender"; Value = "Male"; VariantName = "[No Variations]"
Add component (AddParameter): Name = "Height"; Value = "12.7mm"; VariantName = "[No Variations]"
Add component (AddParameter): Name = "Housing Material"; Value = "Steel"; VariantName = "[No Variations]"
Add component (AddParameter): Name = "Insulation Material"; Value = "PBT"; VariantName = "[No Variations]"
Add component (AddParameter): Name = "Insulation Resistance"; Value = "5GO"; VariantName = "[No Variations]"
Add component (AddParameter): Name = "Length"; Value = "30.8mm"; VariantName = "[No Variations]"
Add component (AddParameter): Name = "Max Operating Temperature"; Value = "105°C"; VariantName = "[No Variations]"
Add component (AddParameter): Name = "Min Operating Temperature"; Value = "-55°C"; VariantName = "[No Variations]"
Add component (AddParameter): Name = "Mount"; Value = "Through Hole"; VariantName = "[No Variations]"
Add component (AddParameter): Name = "NexarPartId"; Value = "22865742"; VariantName = "[No Variations]"
Add component (AddParameter): Name = "Number of Contacts"; Value = "9"; VariantName = "[No Variations]"
Add component (AddParameter): Name = "Number of Pins"; Value = "9"; VariantName = "[No Variations]"
Add component (AddParameter): Name = "Number of Rows"; Value = "2"; VariantName = "[No Variations]"
Add component (AddParameter): Name = "Operating Supply Voltage"; Value = "125V"; VariantName = "[No Variations]"
Add component (AddParameter): Name = "Orientation"; Value = "Right Angle"; VariantName = "[No Variations]"
Add component (AddParameter): Name = "Pitch"; Value = "2.77mm"; VariantName = "[No Variations]"
Add component (AddParameter): Name = "REACH SVHC"; Value = "Unknown"; VariantName = "[No Variations]"
Add component (AddParameter): Name = "RoHS"; Value = "Compliant"; VariantName = "[No Variations]"
Add component (AddParameter): Name = "Termination"; Value = "SMD/SMT"; VariantName = "[No Variations]"
Add component (AddParameter): Name = "Voltage Rating"; Value = "125V"; VariantName = "[No Variations]"
Add component (AddParameter): Name = "Width"; Value = "12.5mm"; VariantName = "[No Variations]"
Added Component: Designator=G1(405290120000)
Add component (AddParameter): Name = "Arrow Part Number"; Value = ""; VariantName = "[No Variations]"
Add component (AddParameter): Name = "Arrow Price/Stock"; Value = ""; VariantName = "[No Variations]"
Add component (AddParameter): Name = "Datasheet Link"; Value = "http://uk.rs-online.com/web/p/products/1829776"; VariantName = "[No Variations]"
Add component (AddParameter): Name = "Height"; Value = "25mm"; VariantName = "[No Variations]"
Add component (AddParameter): Name = "Manufacturer_Name"; Value = "FINDER"; VariantName = "[No Variations]"
Add component (AddParameter): Name = "Manufacturer_Part_Number"; Value = "40.52.9.012.0000"; VariantName = "[No Variations]"
Add component (AddParameter): Name = "Mouser Part Number"; Value = ""; VariantName = "[No Variations]"
Add component (AddParameter): Name = "Mouser Price/Stock"; Value = ""; VariantName = "[No Variations]"
Added Component: Designator=G2(405290120000)
Add component (AddParameter): Name = "Arrow Part Number"; Value = ""; VariantName = "[No Variations]"
Add component (AddParameter): Name = "Arrow Price/Stock"; Value = ""; VariantName = "[No Variations]"
Add component (AddParameter): Name = "Datasheet Link"; Value = "http://uk.rs-online.com/web/p/products/1829776"; VariantName = "[No Variations]"
Add component (AddParameter): Name = "Height"; Value = "25mm"; VariantName = "[No Variations]"
Add component (AddParameter): Name = "Manufacturer_Name"; Value = "FINDER"; VariantName = "[No Variations]"
Add component (AddParameter): Name = "Manufacturer_Part_Number"; Value = "40.52.9.012.0000"; VariantName = "[No Variations]"
Add component (AddParameter): Name = "Mouser Part Number"; Value = ""; VariantName = "[No Variations]"
Add component (AddParameter): Name = "Mouser Price/Stock"; Value = ""; VariantName = "[No Variations]"
Added Component: Designator=G3(405290120000)
Add component (AddParameter): Name = "Arrow Part Number"; Value = ""; VariantName = "[No Variations]"
Add component (AddParameter): Name = "Arrow Price/Stock"; Value = ""; VariantName = "[No Variations]"
Add component (AddParameter): Name = "Datasheet Link"; Value = "http://uk.rs-online.com/web/p/products/1829776"; VariantName = "[No Variations]"
Add component (AddParameter): Name = "Height"; Value = "25mm"; VariantName = "[No Variations]"
Add component (AddParameter): Name = "Manufacturer_Name"; Value = "FINDER"; VariantName = "[No Variations]"
Add component (AddParameter): Name = "Manufacturer_Part_Number"; Value = "40.52.9.012.0000"; VariantName = "[No Variations]"
Add component (AddParameter): Name = "Mouser Part Number"; Value = ""; VariantName = "[No Variations]"
Add component (AddParameter): Name = "Mouser Price/Stock"; Value = ""; VariantName = "[No Variations]"
Added Component: Designator=G4(405290120000)
Add component (AddParameter): Name = "Arrow Part Number"; Value = ""; VariantName = "[No Variations]"
Add component (AddParameter): Name = "Arrow Price/Stock"; Value = ""; VariantName = "[No Variations]"
Add component (AddParameter): Name = "Datasheet Link"; Value = "http://uk.rs-online.com/web/p/products/1829776"; VariantName = "[No Variations]"
Add component (AddParameter): Name = "Height"; Value = "25mm"; VariantName = "[No Variations]"
Add component (AddParameter): Name = "Manufacturer_Name"; Value = "FINDER"; VariantName = "[No Variations]"
Add component (AddParameter): Name = "Manufacturer_Part_Number"; Value = "40.52.9.012.0000"; VariantName = "[No Variations]"
Add component (AddParameter): Name = "Mouser Part Number"; Value = ""; VariantName = "[No Variations]"
Add component (AddParameter): Name = "Mouser Price/Stock"; Value = ""; VariantName = "[No Variations]"
Added Component: Designator=G5(405290120000)
Add component (AddParameter): Name = "Arrow Part Number"; Value = ""; VariantName = "[No Variations]"
Add component (AddParameter): Name = "Arrow Price/Stock"; Value = ""; VariantName = "[No Variations]"
Add component (AddParameter): Name = "Datasheet Link"; Value = "http://uk.rs-online.com/web/p/products/1829776"; VariantName = "[No Variations]"
Add component (AddParameter): Name = "Height"; Value = "25mm"; VariantName = "[No Variations]"
Add component (AddParameter): Name = "Manufacturer_Name"; Value = "FINDER"; VariantName = "[No Variations]"
Add component (AddParameter): Name = "Manufacturer_Part_Number"; Value = "40.52.9.012.0000"; VariantName = "[No Variations]"
Add component (AddParameter): Name = "Mouser Part Number"; Value = ""; VariantName = "[No Variations]"
Add component (AddParameter): Name = "Mouser Price/Stock"; Value = ""; VariantName = "[No Variations]"
Added Component: Designator=G6(405290120000)
Add component (AddParameter): Name = "Arrow Part Number"; Value = ""; VariantName = "[No Variations]"
Add component (AddParameter): Name = "Arrow Price/Stock"; Value = ""; VariantName = "[No Variations]"
Add component (AddParameter): Name = "Datasheet Link"; Value = "http://uk.rs-online.com/web/p/products/1829776"; VariantName = "[No Variations]"
Add component (AddParameter): Name = "Height"; Value = "25mm"; VariantName = "[No Variations]"
Add component (AddParameter): Name = "Manufacturer_Name"; Value = "FINDER"; VariantName = "[No Variations]"
Add component (AddParameter): Name = "Manufacturer_Part_Number"; Value = "40.52.9.012.0000"; VariantName = "[No Variations]"
Add component (AddParameter): Name = "Mouser Part Number"; Value = ""; VariantName = "[No Variations]"
Add component (AddParameter): Name = "Mouser Price/Stock"; Value = ""; VariantName = "[No Variations]"
Added Component: Designator=G7(405290120000)
Add component (AddParameter): Name = "Arrow Part Number"; Value = ""; VariantName = "[No Variations]"
Add component (AddParameter): Name = "Arrow Price/Stock"; Value = ""; VariantName = "[No Variations]"
Add component (AddParameter): Name = "Datasheet Link"; Value = "http://uk.rs-online.com/web/p/products/1829776"; VariantName = "[No Variations]"
Add component (AddParameter): Name = "Height"; Value = "25mm"; VariantName = "[No Variations]"
Add component (AddParameter): Name = "Manufacturer_Name"; Value = "FINDER"; VariantName = "[No Variations]"
Add component (AddParameter): Name = "Manufacturer_Part_Number"; Value = "40.52.9.012.0000"; VariantName = "[No Variations]"
Add component (AddParameter): Name = "Mouser Part Number"; Value = ""; VariantName = "[No Variations]"
Add component (AddParameter): Name = "Mouser Price/Stock"; Value = ""; VariantName = "[No Variations]"
Added Component: Designator=G8(405290120000)
Add component (AddParameter): Name = "Arrow Part Number"; Value = ""; VariantName = "[No Variations]"
Add component (AddParameter): Name = "Arrow Price/Stock"; Value = ""; VariantName = "[No Variations]"
Add component (AddParameter): Name = "Datasheet Link"; Value = "http://uk.rs-online.com/web/p/products/1829776"; VariantName = "[No Variations]"
Add component (AddParameter): Name = "Height"; Value = "25mm"; VariantName = "[No Variations]"
Add component (AddParameter): Name = "Manufacturer_Name"; Value = "FINDER"; VariantName = "[No Variations]"
Add component (AddParameter): Name = "Manufacturer_Part_Number"; Value = "40.52.9.012.0000"; VariantName = "[No Variations]"
Add component (AddParameter): Name = "Mouser Part Number"; Value = ""; VariantName = "[No Variations]"
Add component (AddParameter): Name = "Mouser Price/Stock"; Value = ""; VariantName = "[No Variations]"
Added Component: Designator=G9(405290120000)
Add component (AddParameter): Name = "Arrow Part Number"; Value = ""; VariantName = "[No Variations]"
Add component (AddParameter): Name = "Arrow Price/Stock"; Value = ""; VariantName = "[No Variations]"
Add component (AddParameter): Name = "Datasheet Link"; Value = "http://uk.rs-online.com/web/p/products/1829776"; VariantName = "[No Variations]"
Add component (AddParameter): Name = "Height"; Value = "25mm"; VariantName = "[No Variations]"
Add component (AddParameter): Name = "Manufacturer_Name"; Value = "FINDER"; VariantName = "[No Variations]"
Add component (AddParameter): Name = "Manufacturer_Part_Number"; Value = "40.52.9.012.0000"; VariantName = "[No Variations]"
Add component (AddParameter): Name = "Mouser Part Number"; Value = ""; VariantName = "[No Variations]"
Add component (AddParameter): Name = "Mouser Price/Stock"; Value = ""; VariantName = "[No Variations]"
Added Component: Designator=J1(HEADER_MALE_TH_2P_2.54)
Add component (AddParameter): Name = "Arrow Part Number"; Value = "TB004-508-02BE"; VariantName = "[No Variations]"
Add component (AddParameter): Name = "Arrow Price/Stock"; Value = "https://www.arrow.com/en/products/tb004-508-02be/cui-inc"; VariantName = "[No Variations]"
Add component (AddParameter): Name = "Datasheet Link"; Value = "https://componentsearchengine.com/Datasheets/1/TB004-508-02BE.pdf"; VariantName = "[No Variations]"
Add component (AddParameter): Name = "Height"; Value = "14.1mm"; VariantName = "[No Variations]"
Add component (AddParameter): Name = "Manufacturer_Name"; Value = "CUI Devices"; VariantName = "[No Variations]"
Add component (AddParameter): Name = "Manufacturer_Part_Number"; Value = "TB004-508-02BE"; VariantName = "[No Variations]"
Add component (AddParameter): Name = "Mouser Part Number"; Value = "490-TB004-508-02BE"; VariantName = "[No Variations]"
Add component (AddParameter): Name = "Mouser Price/Stock"; Value = "https://www.mouser.co.uk/ProductDetail/CUI-Devices/TB004-508-02BE?qs=vLWxofP3U2zLwdGzG2tSkA%3D%3D"; VariantName = "[No Variations]"
Added Component: Designator=J2(HEADER_MALE_TH_2P_2.54)
Add component (AddParameter): Name = "Arrow Part Number"; Value = "TB004-508-02BE"; VariantName = "[No Variations]"
Add component (AddParameter): Name = "Arrow Price/Stock"; Value = "https://www.arrow.com/en/products/tb004-508-02be/cui-inc"; VariantName = "[No Variations]"
Add component (AddParameter): Name = "Datasheet Link"; Value = "https://componentsearchengine.com/Datasheets/1/TB004-508-02BE.pdf"; VariantName = "[No Variations]"
Add component (AddParameter): Name = "Height"; Value = "14.1mm"; VariantName = "[No Variations]"
Add component (AddParameter): Name = "Manufacturer_Name"; Value = "CUI Devices"; VariantName = "[No Variations]"
Add component (AddParameter): Name = "Manufacturer_Part_Number"; Value = "TB004-508-02BE"; VariantName = "[No Variations]"
Add component (AddParameter): Name = "Mouser Part Number"; Value = "490-TB004-508-02BE"; VariantName = "[No Variations]"
Add component (AddParameter): Name = "Mouser Price/Stock"; Value = "https://www.mouser.co.uk/ProductDetail/CUI-Devices/TB004-508-02BE?qs=vLWxofP3U2zLwdGzG2tSkA%3D%3D"; VariantName = "[No Variations]"
Added Component: Designator=J3(CON_4Pin_Horizontal_3.5mm)
Add component (AddParameter): Name = "Copyright"; Value = "Copyright (C) 2022 Ultra Librarian. All rights reserved."; VariantName = "[No Variations]"
Add component (AddParameter): Name = "Manufacturer_Part_Number"; Value = "2350514-4"; VariantName = "[No Variations]"
Add component (AddParameter): Name = "Mfr_Name"; Value = "TE Connectivity"; VariantName = "[No Variations]"
Add component (AddParameter): Name = "RefDes"; Value = "RefDes"; VariantName = "[No Variations]"
Add component (AddParameter): Name = "Type"; Value = "DEV"; VariantName = "[No Variations]"
Added Component: Designator=J4(HEADER_MALE_TH_2P_2.54)
Add component (AddParameter): Name = "Arrow Part Number"; Value = "TB004-508-02BE"; VariantName = "[No Variations]"
Add component (AddParameter): Name = "Arrow Price/Stock"; Value = "https://www.arrow.com/en/products/tb004-508-02be/cui-inc"; VariantName = "[No Variations]"
Add component (AddParameter): Name = "Datasheet Link"; Value = "https://componentsearchengine.com/Datasheets/1/TB004-508-02BE.pdf"; VariantName = "[No Variations]"
Add component (AddParameter): Name = "Height"; Value = "14.1mm"; VariantName = "[No Variations]"
Add component (AddParameter): Name = "Manufacturer_Name"; Value = "CUI Devices"; VariantName = "[No Variations]"
Add component (AddParameter): Name = "Manufacturer_Part_Number"; Value = "TB004-508-02BE"; VariantName = "[No Variations]"
Add component (AddParameter): Name = "Mouser Part Number"; Value = "490-TB004-508-02BE"; VariantName = "[No Variations]"
Add component (AddParameter): Name = "Mouser Price/Stock"; Value = "https://www.mouser.co.uk/ProductDetail/CUI-Devices/TB004-508-02BE?qs=vLWxofP3U2zLwdGzG2tSkA%3D%3D"; VariantName = "[No Variations]"
Added Component: Designator=J5(HEADER_MALE_TH_2P_2.54)
Add component (AddParameter): Name = "Arrow Part Number"; Value = "TB004-508-02BE"; VariantName = "[No Variations]"
Add component (AddParameter): Name = "Arrow Price/Stock"; Value = "https://www.arrow.com/en/products/tb004-508-02be/cui-inc"; VariantName = "[No Variations]"
Add component (AddParameter): Name = "Datasheet Link"; Value = "https://componentsearchengine.com/Datasheets/1/TB004-508-02BE.pdf"; VariantName = "[No Variations]"
Add component (AddParameter): Name = "Height"; Value = "14.1mm"; VariantName = "[No Variations]"
Add component (AddParameter): Name = "Manufacturer_Name"; Value = "CUI Devices"; VariantName = "[No Variations]"
Add component (AddParameter): Name = "Manufacturer_Part_Number"; Value = "TB004-508-02BE"; VariantName = "[No Variations]"
Add component (AddParameter): Name = "Mouser Part Number"; Value = "490-TB004-508-02BE"; VariantName = "[No Variations]"
Add component (AddParameter): Name = "Mouser Price/Stock"; Value = "https://www.mouser.co.uk/ProductDetail/CUI-Devices/TB004-508-02BE?qs=vLWxofP3U2zLwdGzG2tSkA%3D%3D"; VariantName = "[No Variations]"
Added Component: Designator=J6(CON_4Pin_Horizontal_3.5mm)
Add component (AddParameter): Name = "Copyright"; Value = "Copyright (C) 2022 Ultra Librarian. All rights reserved."; VariantName = "[No Variations]"
Add component (AddParameter): Name = "Manufacturer_Part_Number"; Value = "2350514-4"; VariantName = "[No Variations]"
Add component (AddParameter): Name = "Mfr_Name"; Value = "TE Connectivity"; VariantName = "[No Variations]"
Add component (AddParameter): Name = "RefDes"; Value = "RefDes"; VariantName = "[No Variations]"
Add component (AddParameter): Name = "Type"; Value = "DEV"; VariantName = "[No Variations]"
Added Component: Designator=J7(HEADER_MALE_TH_2P_2.54)
Add component (AddParameter): Name = "Arrow Part Number"; Value = "TB004-508-02BE"; VariantName = "[No Variations]"
Add component (AddParameter): Name = "Arrow Price/Stock"; Value = "https://www.arrow.com/en/products/tb004-508-02be/cui-inc"; VariantName = "[No Variations]"
Add component (AddParameter): Name = "Datasheet Link"; Value = "https://componentsearchengine.com/Datasheets/1/TB004-508-02BE.pdf"; VariantName = "[No Variations]"
Add component (AddParameter): Name = "Height"; Value = "14.1mm"; VariantName = "[No Variations]"
Add component (AddParameter): Name = "Manufacturer_Name"; Value = "CUI Devices"; VariantName = "[No Variations]"
Add component (AddParameter): Name = "Manufacturer_Part_Number"; Value = "TB004-508-02BE"; VariantName = "[No Variations]"
Add component (AddParameter): Name = "Mouser Part Number"; Value = "490-TB004-508-02BE"; VariantName = "[No Variations]"
Add component (AddParameter): Name = "Mouser Price/Stock"; Value = "https://www.mouser.co.uk/ProductDetail/CUI-Devices/TB004-508-02BE?qs=vLWxofP3U2zLwdGzG2tSkA%3D%3D"; VariantName = "[No Variations]"
Added Component: Designator=J8(HEADER_MALE_TH_2P_2.54)
Add component (AddParameter): Name = "Arrow Part Number"; Value = "TB004-508-02BE"; VariantName = "[No Variations]"
Add component (AddParameter): Name = "Arrow Price/Stock"; Value = "https://www.arrow.com/en/products/tb004-508-02be/cui-inc"; VariantName = "[No Variations]"
Add component (AddParameter): Name = "Datasheet Link"; Value = "https://componentsearchengine.com/Datasheets/1/TB004-508-02BE.pdf"; VariantName = "[No Variations]"
Add component (AddParameter): Name = "Height"; Value = "14.1mm"; VariantName = "[No Variations]"
Add component (AddParameter): Name = "Manufacturer_Name"; Value = "CUI Devices"; VariantName = "[No Variations]"
Add component (AddParameter): Name = "Manufacturer_Part_Number"; Value = "TB004-508-02BE"; VariantName = "[No Variations]"
Add component (AddParameter): Name = "Mouser Part Number"; Value = "490-TB004-508-02BE"; VariantName = "[No Variations]"
Add component (AddParameter): Name = "Mouser Price/Stock"; Value = "https://www.mouser.co.uk/ProductDetail/CUI-Devices/TB004-508-02BE?qs=vLWxofP3U2zLwdGzG2tSkA%3D%3D"; VariantName = "[No Variations]"
Added Component: Designator=J9(HEADER_MALE_TH_2P_2.54)
Add component (AddParameter): Name = "Arrow Part Number"; Value = "TB004-508-02BE"; VariantName = "[No Variations]"
Add component (AddParameter): Name = "Arrow Price/Stock"; Value = "https://www.arrow.com/en/products/tb004-508-02be/cui-inc"; VariantName = "[No Variations]"
Add component (AddParameter): Name = "Datasheet Link"; Value = "https://componentsearchengine.com/Datasheets/1/TB004-508-02BE.pdf"; VariantName = "[No Variations]"
Add component (AddParameter): Name = "Height"; Value = "14.1mm"; VariantName = "[No Variations]"
Add component (AddParameter): Name = "Manufacturer_Name"; Value = "CUI Devices"; VariantName = "[No Variations]"
Add component (AddParameter): Name = "Manufacturer_Part_Number"; Value = "TB004-508-02BE"; VariantName = "[No Variations]"
Add component (AddParameter): Name = "Mouser Part Number"; Value = "490-TB004-508-02BE"; VariantName = "[No Variations]"
Add component (AddParameter): Name = "Mouser Price/Stock"; Value = "https://www.mouser.co.uk/ProductDetail/CUI-Devices/TB004-508-02BE?qs=vLWxofP3U2zLwdGzG2tSkA%3D%3D"; VariantName = "[No Variations]"
Added Component: Designator=J10(HEADER_MALE_TH_2P_2.54)
Add component (AddParameter): Name = "Arrow Part Number"; Value = "TB004-508-02BE"; VariantName = "[No Variations]"
Add component (AddParameter): Name = "Arrow Price/Stock"; Value = "https://www.arrow.com/en/products/tb004-508-02be/cui-inc"; VariantName = "[No Variations]"
Add component (AddParameter): Name = "Datasheet Link"; Value = "https://componentsearchengine.com/Datasheets/1/TB004-508-02BE.pdf"; VariantName = "[No Variations]"
Add component (AddParameter): Name = "Height"; Value = "14.1mm"; VariantName = "[No Variations]"
Add component (AddParameter): Name = "Manufacturer_Name"; Value = "CUI Devices"; VariantName = "[No Variations]"
Add component (AddParameter): Name = "Manufacturer_Part_Number"; Value = "TB004-508-02BE"; VariantName = "[No Variations]"
Add component (AddParameter): Name = "Mouser Part Number"; Value = "490-TB004-508-02BE"; VariantName = "[No Variations]"
Add component (AddParameter): Name = "Mouser Price/Stock"; Value = "https://www.mouser.co.uk/ProductDetail/CUI-Devices/TB004-508-02BE?qs=vLWxofP3U2zLwdGzG2tSkA%3D%3D"; VariantName = "[No Variations]"
Added Component: Designator=J11(HEADER_MALE_TH_2P_2.54)
Add component (AddParameter): Name = "Arrow Part Number"; Value = "TB004-508-02BE"; VariantName = "[No Variations]"
Add component (AddParameter): Name = "Arrow Price/Stock"; Value = "https://www.arrow.com/en/products/tb004-508-02be/cui-inc"; VariantName = "[No Variations]"
Add component (AddParameter): Name = "Datasheet Link"; Value = "https://componentsearchengine.com/Datasheets/1/TB004-508-02BE.pdf"; VariantName = "[No Variations]"
Add component (AddParameter): Name = "Height"; Value = "14.1mm"; VariantName = "[No Variations]"
Add component (AddParameter): Name = "Manufacturer_Name"; Value = "CUI Devices"; VariantName = "[No Variations]"
Add component (AddParameter): Name = "Manufacturer_Part_Number"; Value = "TB004-508-02BE"; VariantName = "[No Variations]"
Add component (AddParameter): Name = "Mouser Part Number"; Value = "490-TB004-508-02BE"; VariantName = "[No Variations]"
Add component (AddParameter): Name = "Mouser Price/Stock"; Value = "https://www.mouser.co.uk/ProductDetail/CUI-Devices/TB004-508-02BE?qs=vLWxofP3U2zLwdGzG2tSkA%3D%3D"; VariantName = "[No Variations]"
Added Component: Designator=J12(HEADER_MALE_TH_2P_2.54)
Add component (AddParameter): Name = "Arrow Part Number"; Value = "TB004-508-02BE"; VariantName = "[No Variations]"
Add component (AddParameter): Name = "Arrow Price/Stock"; Value = "https://www.arrow.com/en/products/tb004-508-02be/cui-inc"; VariantName = "[No Variations]"
Add component (AddParameter): Name = "Datasheet Link"; Value = "https://componentsearchengine.com/Datasheets/1/TB004-508-02BE.pdf"; VariantName = "[No Variations]"
Add component (AddParameter): Name = "Height"; Value = "14.1mm"; VariantName = "[No Variations]"
Add component (AddParameter): Name = "Manufacturer_Name"; Value = "CUI Devices"; VariantName = "[No Variations]"
Add component (AddParameter): Name = "Manufacturer_Part_Number"; Value = "TB004-508-02BE"; VariantName = "[No Variations]"
Add component (AddParameter): Name = "Mouser Part Number"; Value = "490-TB004-508-02BE"; VariantName = "[No Variations]"
Add component (AddParameter): Name = "Mouser Price/Stock"; Value = "https://www.mouser.co.uk/ProductDetail/CUI-Devices/TB004-508-02BE?qs=vLWxofP3U2zLwdGzG2tSkA%3D%3D"; VariantName = "[No Variations]"
Added Component: Designator=J13(HEADER_MALE_TH_2P_2.54)
Add component (AddParameter): Name = "Arrow Part Number"; Value = "TB004-508-02BE"; VariantName = "[No Variations]"
Add component (AddParameter): Name = "Arrow Price/Stock"; Value = "https://www.arrow.com/en/products/tb004-508-02be/cui-inc"; VariantName = "[No Variations]"
Add component (AddParameter): Name = "Datasheet Link"; Value = "https://componentsearchengine.com/Datasheets/1/TB004-508-02BE.pdf"; VariantName = "[No Variations]"
Add component (AddParameter): Name = "Height"; Value = "14.1mm"; VariantName = "[No Variations]"
Add component (AddParameter): Name = "Manufacturer_Name"; Value = "CUI Devices"; VariantName = "[No Variations]"
Add component (AddParameter): Name = "Manufacturer_Part_Number"; Value = "TB004-508-02BE"; VariantName = "[No Variations]"
Add component (AddParameter): Name = "Mouser Part Number"; Value = "490-TB004-508-02BE"; VariantName = "[No Variations]"
Add component (AddParameter): Name = "Mouser Price/Stock"; Value = "https://www.mouser.co.uk/ProductDetail/CUI-Devices/TB004-508-02BE?qs=vLWxofP3U2zLwdGzG2tSkA%3D%3D"; VariantName = "[No Variations]"
Added Component: Designator=J14(HEADER_MALE_TH_2P_2.54)
Add component (AddParameter): Name = "Arrow Part Number"; Value = "TB004-508-02BE"; VariantName = "[No Variations]"
Add component (AddParameter): Name = "Arrow Price/Stock"; Value = "https://www.arrow.com/en/products/tb004-508-02be/cui-inc"; VariantName = "[No Variations]"
Add component (AddParameter): Name = "Datasheet Link"; Value = "https://componentsearchengine.com/Datasheets/1/TB004-508-02BE.pdf"; VariantName = "[No Variations]"
Add component (AddParameter): Name = "Height"; Value = "14.1mm"; VariantName = "[No Variations]"
Add component (AddParameter): Name = "Manufacturer_Name"; Value = "CUI Devices"; VariantName = "[No Variations]"
Add component (AddParameter): Name = "Manufacturer_Part_Number"; Value = "TB004-508-02BE"; VariantName = "[No Variations]"
Add component (AddParameter): Name = "Mouser Part Number"; Value = "490-TB004-508-02BE"; VariantName = "[No Variations]"
Add component (AddParameter): Name = "Mouser Price/Stock"; Value = "https://www.mouser.co.uk/ProductDetail/CUI-Devices/TB004-508-02BE?qs=vLWxofP3U2zLwdGzG2tSkA%3D%3D"; VariantName = "[No Variations]"
Added Component: Designator=J15(HEADER_MALE_TH_2P_2.54)
Add component (AddParameter): Name = "Arrow Part Number"; Value = "TB004-508-02BE"; VariantName = "[No Variations]"
Add component (AddParameter): Name = "Arrow Price/Stock"; Value = "https://www.arrow.com/en/products/tb004-508-02be/cui-inc"; VariantName = "[No Variations]"
Add component (AddParameter): Name = "Datasheet Link"; Value = "https://componentsearchengine.com/Datasheets/1/TB004-508-02BE.pdf"; VariantName = "[No Variations]"
Add component (AddParameter): Name = "Height"; Value = "14.1mm"; VariantName = "[No Variations]"
Add component (AddParameter): Name = "Manufacturer_Name"; Value = "CUI Devices"; VariantName = "[No Variations]"
Add component (AddParameter): Name = "Manufacturer_Part_Number"; Value = "TB004-508-02BE"; VariantName = "[No Variations]"
Add component (AddParameter): Name = "Mouser Part Number"; Value = "490-TB004-508-02BE"; VariantName = "[No Variations]"
Add component (AddParameter): Name = "Mouser Price/Stock"; Value = "https://www.mouser.co.uk/ProductDetail/CUI-Devices/TB004-508-02BE?qs=vLWxofP3U2zLwdGzG2tSkA%3D%3D"; VariantName = "[No Variations]"
Added Component: Designator=J16(Terminal_TH_2P_5.00)
Add component (AddParameter): Name = "Arrow Part Number"; Value = "TB004-508-02BE"; VariantName = "[No Variations]"
Add component (AddParameter): Name = "Arrow Price/Stock"; Value = "https://www.arrow.com/en/products/tb004-508-02be/cui-inc"; VariantName = "[No Variations]"
Add component (AddParameter): Name = "Datasheet Link"; Value = "https://componentsearchengine.com/Datasheets/1/TB004-508-02BE.pdf"; VariantName = "[No Variations]"
Add component (AddParameter): Name = "Height"; Value = "14.1mm"; VariantName = "[No Variations]"
Add component (AddParameter): Name = "Manufacturer_Name"; Value = "CUI Devices"; VariantName = "[No Variations]"
Add component (AddParameter): Name = "Manufacturer_Part_Number"; Value = "TB004-508-02BE"; VariantName = "[No Variations]"
Add component (AddParameter): Name = "Mouser Part Number"; Value = "490-TB004-508-02BE"; VariantName = "[No Variations]"
Add component (AddParameter): Name = "Mouser Price/Stock"; Value = "https://www.mouser.co.uk/ProductDetail/CUI-Devices/TB004-508-02BE?qs=vLWxofP3U2zLwdGzG2tSkA%3D%3D"; VariantName = "[No Variations]"
Added Component: Designator=J17(TerminalPowerLine)
Add component (AddParameter): Name = "Arrow Part Number"; Value = "TB004-508-02BE"; VariantName = "[No Variations]"
Add component (AddParameter): Name = "Arrow Price/Stock"; Value = "https://www.arrow.com/en/products/tb004-508-02be/cui-inc"; VariantName = "[No Variations]"
Add component (AddParameter): Name = "Datasheet Link"; Value = "https://componentsearchengine.com/Datasheets/1/TB004-508-02BE.pdf"; VariantName = "[No Variations]"
Add component (AddParameter): Name = "Height"; Value = "14.1mm"; VariantName = "[No Variations]"
Add component (AddParameter): Name = "Manufacturer_Name"; Value = "CUI Devices"; VariantName = "[No Variations]"
Add component (AddParameter): Name = "Manufacturer_Part_Number"; Value = "TB004-508-02BE"; VariantName = "[No Variations]"
Add component (AddParameter): Name = "Mouser Part Number"; Value = "490-TB004-508-02BE"; VariantName = "[No Variations]"
Add component (AddParameter): Name = "Mouser Price/Stock"; Value = "https://www.mouser.co.uk/ProductDetail/CUI-Devices/TB004-508-02BE?qs=vLWxofP3U2zLwdGzG2tSkA%3D%3D"; VariantName = "[No Variations]"
Added Component: Designator=J19(TERMINAL_TH_3P_3.5)
Add component (AddParameter): Name = "Arrow Part Number"; Value = "1546551-3"; VariantName = "[No Variations]"
Add component (AddParameter): Name = "Arrow Price/Stock"; Value = "https://www.arrow.com/en/products/1546551-3/te-connectivity"; VariantName = "[No Variations]"
Add component (AddParameter): Name = "Datasheet Link"; Value = "https://www.te.com/commerce/DocumentDelivery/DDEController?Action=srchrtrv&DocNm=1546551&DocType=Customer+Drawing&DocLang=English&DocFormat=pdf&PartCntxt=1546551-3"; VariantName = "[No Variations]"
Add component (AddParameter): Name = "Height"; Value = "8.5mm"; VariantName = "[No Variations]"
Add component (AddParameter): Name = "Manufacturer_Name"; Value = "TE Connectivity"; VariantName = "[No Variations]"
Add component (AddParameter): Name = "Manufacturer_Part_Number"; Value = "1546551-3"; VariantName = "[No Variations]"
Add component (AddParameter): Name = "Mouser Part Number"; Value = "571-1546551-3"; VariantName = "[No Variations]"
Add component (AddParameter): Name = "Mouser Price/Stock"; Value = "https://www.mouser.co.uk/ProductDetail/TE-Connectivity/1546551-3?qs=m%2FhmcwQ75LlRawcWGeRFDA%3D%3D"; VariantName = "[No Variations]"
Added Component: Designator=J20(TERMINAL_TH_3P_3.5)
Add component (AddParameter): Name = "Arrow Part Number"; Value = "1546551-3"; VariantName = "[No Variations]"
Add component (AddParameter): Name = "Arrow Price/Stock"; Value = "https://www.arrow.com/en/products/1546551-3/te-connectivity"; VariantName = "[No Variations]"
Add component (AddParameter): Name = "Datasheet Link"; Value = "https://www.te.com/commerce/DocumentDelivery/DDEController?Action=srchrtrv&DocNm=1546551&DocType=Customer+Drawing&DocLang=English&DocFormat=pdf&PartCntxt=1546551-3"; VariantName = "[No Variations]"
Add component (AddParameter): Name = "Height"; Value = "8.5mm"; VariantName = "[No Variations]"
Add component (AddParameter): Name = "Manufacturer_Name"; Value = "TE Connectivity"; VariantName = "[No Variations]"
Add component (AddParameter): Name = "Manufacturer_Part_Number"; Value = "1546551-3"; VariantName = "[No Variations]"
Add component (AddParameter): Name = "Mouser Part Number"; Value = "571-1546551-3"; VariantName = "[No Variations]"
Add component (AddParameter): Name = "Mouser Price/Stock"; Value = "https://www.mouser.co.uk/ProductDetail/TE-Connectivity/1546551-3?qs=m%2FhmcwQ75LlRawcWGeRFDA%3D%3D"; VariantName = "[No Variations]"
Added Component: Designator=J21(TERMINAL_TH_3P_3.5)
Add component (AddParameter): Name = "Arrow Part Number"; Value = "1546551-3"; VariantName = "[No Variations]"
Add component (AddParameter): Name = "Arrow Price/Stock"; Value = "https://www.arrow.com/en/products/1546551-3/te-connectivity"; VariantName = "[No Variations]"
Add component (AddParameter): Name = "Datasheet Link"; Value = "https://www.te.com/commerce/DocumentDelivery/DDEController?Action=srchrtrv&DocNm=1546551&DocType=Customer+Drawing&DocLang=English&DocFormat=pdf&PartCntxt=1546551-3"; VariantName = "[No Variations]"
Add component (AddParameter): Name = "Height"; Value = "8.5mm"; VariantName = "[No Variations]"
Add component (AddParameter): Name = "Manufacturer_Name"; Value = "TE Connectivity"; VariantName = "[No Variations]"
Add component (AddParameter): Name = "Manufacturer_Part_Number"; Value = "1546551-3"; VariantName = "[No Variations]"
Add component (AddParameter): Name = "Mouser Part Number"; Value = "571-1546551-3"; VariantName = "[No Variations]"
Add component (AddParameter): Name = "Mouser Price/Stock"; Value = "https://www.mouser.co.uk/ProductDetail/TE-Connectivity/1546551-3?qs=m%2FhmcwQ75LlRawcWGeRFDA%3D%3D"; VariantName = "[No Variations]"
Added Component: Designator=J22(TERMINAL_TH_3P_3.5)
Add component (AddParameter): Name = "Arrow Part Number"; Value = "1546551-3"; VariantName = "[No Variations]"
Add component (AddParameter): Name = "Arrow Price/Stock"; Value = "https://www.arrow.com/en/products/1546551-3/te-connectivity"; VariantName = "[No Variations]"
Add component (AddParameter): Name = "Datasheet Link"; Value = "https://www.te.com/commerce/DocumentDelivery/DDEController?Action=srchrtrv&DocNm=1546551&DocType=Customer+Drawing&DocLang=English&DocFormat=pdf&PartCntxt=1546551-3"; VariantName = "[No Variations]"
Add component (AddParameter): Name = "Height"; Value = "8.5mm"; VariantName = "[No Variations]"
Add component (AddParameter): Name = "Manufacturer_Name"; Value = "TE Connectivity"; VariantName = "[No Variations]"
Add component (AddParameter): Name = "Manufacturer_Part_Number"; Value = "1546551-3"; VariantName = "[No Variations]"
Add component (AddParameter): Name = "Mouser Part Number"; Value = "571-1546551-3"; VariantName = "[No Variations]"
Add component (AddParameter): Name = "Mouser Price/Stock"; Value = "https://www.mouser.co.uk/ProductDetail/TE-Connectivity/1546551-3?qs=m%2FhmcwQ75LlRawcWGeRFDA%3D%3D"; VariantName = "[No Variations]"
Added Component: Designator=J23(TERMINAL_TH_3P_3.5)
Add component (AddParameter): Name = "Arrow Part Number"; Value = "1546551-3"; VariantName = "[No Variations]"
Add component (AddParameter): Name = "Arrow Price/Stock"; Value = "https://www.arrow.com/en/products/1546551-3/te-connectivity"; VariantName = "[No Variations]"
Add component (AddParameter): Name = "Datasheet Link"; Value = "https://www.te.com/commerce/DocumentDelivery/DDEController?Action=srchrtrv&DocNm=1546551&DocType=Customer+Drawing&DocLang=English&DocFormat=pdf&PartCntxt=1546551-3"; VariantName = "[No Variations]"
Add component (AddParameter): Name = "Height"; Value = "8.5mm"; VariantName = "[No Variations]"
Add component (AddParameter): Name = "Manufacturer_Name"; Value = "TE Connectivity"; VariantName = "[No Variations]"
Add component (AddParameter): Name = "Manufacturer_Part_Number"; Value = "1546551-3"; VariantName = "[No Variations]"
Add component (AddParameter): Name = "Mouser Part Number"; Value = "571-1546551-3"; VariantName = "[No Variations]"
Add component (AddParameter): Name = "Mouser Price/Stock"; Value = "https://www.mouser.co.uk/ProductDetail/TE-Connectivity/1546551-3?qs=m%2FhmcwQ75LlRawcWGeRFDA%3D%3D"; VariantName = "[No Variations]"
Added Component: Designator=J24(TERMINAL_TH_3P_3.5)
Add component (AddParameter): Name = "Arrow Part Number"; Value = "1546551-3"; VariantName = "[No Variations]"
Add component (AddParameter): Name = "Arrow Price/Stock"; Value = "https://www.arrow.com/en/products/1546551-3/te-connectivity"; VariantName = "[No Variations]"
Add component (AddParameter): Name = "Datasheet Link"; Value = "https://www.te.com/commerce/DocumentDelivery/DDEController?Action=srchrtrv&DocNm=1546551&DocType=Customer+Drawing&DocLang=English&DocFormat=pdf&PartCntxt=1546551-3"; VariantName = "[No Variations]"
Add component (AddParameter): Name = "Height"; Value = "8.5mm"; VariantName = "[No Variations]"
Add component (AddParameter): Name = "Manufacturer_Name"; Value = "TE Connectivity"; VariantName = "[No Variations]"
Add component (AddParameter): Name = "Manufacturer_Part_Number"; Value = "1546551-3"; VariantName = "[No Variations]"
Add component (AddParameter): Name = "Mouser Part Number"; Value = "571-1546551-3"; VariantName = "[No Variations]"
Add component (AddParameter): Name = "Mouser Price/Stock"; Value = "https://www.mouser.co.uk/ProductDetail/TE-Connectivity/1546551-3?qs=m%2FhmcwQ75LlRawcWGeRFDA%3D%3D"; VariantName = "[No Variations]"
Added Component: Designator=J25(TERMINAL_TH_3P_3.5)
Add component (AddParameter): Name = "Arrow Part Number"; Value = "1546551-3"; VariantName = "[No Variations]"
Add component (AddParameter): Name = "Arrow Price/Stock"; Value = "https://www.arrow.com/en/products/1546551-3/te-connectivity"; VariantName = "[No Variations]"
Add component (AddParameter): Name = "Datasheet Link"; Value = "https://www.te.com/commerce/DocumentDelivery/DDEController?Action=srchrtrv&DocNm=1546551&DocType=Customer+Drawing&DocLang=English&DocFormat=pdf&PartCntxt=1546551-3"; VariantName = "[No Variations]"
Add component (AddParameter): Name = "Height"; Value = "8.5mm"; VariantName = "[No Variations]"
Add component (AddParameter): Name = "Manufacturer_Name"; Value = "TE Connectivity"; VariantName = "[No Variations]"
Add component (AddParameter): Name = "Manufacturer_Part_Number"; Value = "1546551-3"; VariantName = "[No Variations]"
Add component (AddParameter): Name = "Mouser Part Number"; Value = "571-1546551-3"; VariantName = "[No Variations]"
Add component (AddParameter): Name = "Mouser Price/Stock"; Value = "https://www.mouser.co.uk/ProductDetail/TE-Connectivity/1546551-3?qs=m%2FhmcwQ75LlRawcWGeRFDA%3D%3D"; VariantName = "[No Variations]"
Added Component: Designator=J26(TERMINAL_TH_3P_3.5)
Add component (AddParameter): Name = "Arrow Part Number"; Value = "1546551-3"; VariantName = "[No Variations]"
Add component (AddParameter): Name = "Arrow Price/Stock"; Value = "https://www.arrow.com/en/products/1546551-3/te-connectivity"; VariantName = "[No Variations]"
Add component (AddParameter): Name = "Datasheet Link"; Value = "https://www.te.com/commerce/DocumentDelivery/DDEController?Action=srchrtrv&DocNm=1546551&DocType=Customer+Drawing&DocLang=English&DocFormat=pdf&PartCntxt=1546551-3"; VariantName = "[No Variations]"
Add component (AddParameter): Name = "Height"; Value = "8.5mm"; VariantName = "[No Variations]"
Add component (AddParameter): Name = "Manufacturer_Name"; Value = "TE Connectivity"; VariantName = "[No Variations]"
Add component (AddParameter): Name = "Manufacturer_Part_Number"; Value = "1546551-3"; VariantName = "[No Variations]"
Add component (AddParameter): Name = "Mouser Part Number"; Value = "571-1546551-3"; VariantName = "[No Variations]"
Add component (AddParameter): Name = "Mouser Price/Stock"; Value = "https://www.mouser.co.uk/ProductDetail/TE-Connectivity/1546551-3?qs=m%2FhmcwQ75LlRawcWGeRFDA%3D%3D"; VariantName = "[No Variations]"
Added Component: Designator=J27(TERMINAL_TH_3P_3.5)
Add component (AddParameter): Name = "Arrow Part Number"; Value = "1546551-3"; VariantName = "[No Variations]"
Add component (AddParameter): Name = "Arrow Price/Stock"; Value = "https://www.arrow.com/en/products/1546551-3/te-connectivity"; VariantName = "[No Variations]"
Add component (AddParameter): Name = "Datasheet Link"; Value = "https://www.te.com/commerce/DocumentDelivery/DDEController?Action=srchrtrv&DocNm=1546551&DocType=Customer+Drawing&DocLang=English&DocFormat=pdf&PartCntxt=1546551-3"; VariantName = "[No Variations]"
Add component (AddParameter): Name = "Height"; Value = "8.5mm"; VariantName = "[No Variations]"
Add component (AddParameter): Name = "Manufacturer_Name"; Value = "TE Connectivity"; VariantName = "[No Variations]"
Add component (AddParameter): Name = "Manufacturer_Part_Number"; Value = "1546551-3"; VariantName = "[No Variations]"
Add component (AddParameter): Name = "Mouser Part Number"; Value = "571-1546551-3"; VariantName = "[No Variations]"
Add component (AddParameter): Name = "Mouser Price/Stock"; Value = "https://www.mouser.co.uk/ProductDetail/TE-Connectivity/1546551-3?qs=m%2FhmcwQ75LlRawcWGeRFDA%3D%3D"; VariantName = "[No Variations]"
Added Component: Designator=J28(TERMINAL_TH_3P_3.5)
Add component (AddParameter): Name = "Arrow Part Number"; Value = "1546551-3"; VariantName = "[No Variations]"
Add component (AddParameter): Name = "Arrow Price/Stock"; Value = "https://www.arrow.com/en/products/1546551-3/te-connectivity"; VariantName = "[No Variations]"
Add component (AddParameter): Name = "Datasheet Link"; Value = "https://www.te.com/commerce/DocumentDelivery/DDEController?Action=srchrtrv&DocNm=1546551&DocType=Customer+Drawing&DocLang=English&DocFormat=pdf&PartCntxt=1546551-3"; VariantName = "[No Variations]"
Add component (AddParameter): Name = "Height"; Value = "8.5mm"; VariantName = "[No Variations]"
Add component (AddParameter): Name = "Manufacturer_Name"; Value = "TE Connectivity"; VariantName = "[No Variations]"
Add component (AddParameter): Name = "Manufacturer_Part_Number"; Value = "1546551-3"; VariantName = "[No Variations]"
Add component (AddParameter): Name = "Mouser Part Number"; Value = "571-1546551-3"; VariantName = "[No Variations]"
Add component (AddParameter): Name = "Mouser Price/Stock"; Value = "https://www.mouser.co.uk/ProductDetail/TE-Connectivity/1546551-3?qs=m%2FhmcwQ75LlRawcWGeRFDA%3D%3D"; VariantName = "[No Variations]"
Added Component: Designator=J29(TERMINAL_TH_3P_3.5)
Add component (AddParameter): Name = "Arrow Part Number"; Value = "1546551-3"; VariantName = "[No Variations]"
Add component (AddParameter): Name = "Arrow Price/Stock"; Value = "https://www.arrow.com/en/products/1546551-3/te-connectivity"; VariantName = "[No Variations]"
Add component (AddParameter): Name = "Datasheet Link"; Value = "https://www.te.com/commerce/DocumentDelivery/DDEController?Action=srchrtrv&DocNm=1546551&DocType=Customer+Drawing&DocLang=English&DocFormat=pdf&PartCntxt=1546551-3"; VariantName = "[No Variations]"
Add component (AddParameter): Name = "Height"; Value = "8.5mm"; VariantName = "[No Variations]"
Add component (AddParameter): Name = "Manufacturer_Name"; Value = "TE Connectivity"; VariantName = "[No Variations]"
Add component (AddParameter): Name = "Manufacturer_Part_Number"; Value = "1546551-3"; VariantName = "[No Variations]"
Add component (AddParameter): Name = "Mouser Part Number"; Value = "571-1546551-3"; VariantName = "[No Variations]"
Add component (AddParameter): Name = "Mouser Price/Stock"; Value = "https://www.mouser.co.uk/ProductDetail/TE-Connectivity/1546551-3?qs=m%2FhmcwQ75LlRawcWGeRFDA%3D%3D"; VariantName = "[No Variations]"
Added Component: Designator=J30(TERMINAL_TH_3P_3.5)
Add component (AddParameter): Name = "Arrow Part Number"; Value = "1546551-3"; VariantName = "[No Variations]"
Add component (AddParameter): Name = "Arrow Price/Stock"; Value = "https://www.arrow.com/en/products/1546551-3/te-connectivity"; VariantName = "[No Variations]"
Add component (AddParameter): Name = "Datasheet Link"; Value = "https://www.te.com/commerce/DocumentDelivery/DDEController?Action=srchrtrv&DocNm=1546551&DocType=Customer+Drawing&DocLang=English&DocFormat=pdf&PartCntxt=1546551-3"; VariantName = "[No Variations]"
Add component (AddParameter): Name = "Height"; Value = "8.5mm"; VariantName = "[No Variations]"
Add component (AddParameter): Name = "Manufacturer_Name"; Value = "TE Connectivity"; VariantName = "[No Variations]"
Add component (AddParameter): Name = "Manufacturer_Part_Number"; Value = "1546551-3"; VariantName = "[No Variations]"
Add component (AddParameter): Name = "Mouser Part Number"; Value = "571-1546551-3"; VariantName = "[No Variations]"
Add component (AddParameter): Name = "Mouser Price/Stock"; Value = "https://www.mouser.co.uk/ProductDetail/TE-Connectivity/1546551-3?qs=m%2FhmcwQ75LlRawcWGeRFDA%3D%3D"; VariantName = "[No Variations]"
Added Component: Designator=J31(TERMINAL_TH_3P_3.5)
Add component (AddParameter): Name = "Arrow Part Number"; Value = "1546551-3"; VariantName = "[No Variations]"
Add component (AddParameter): Name = "Arrow Price/Stock"; Value = "https://www.arrow.com/en/products/1546551-3/te-connectivity"; VariantName = "[No Variations]"
Add component (AddParameter): Name = "Datasheet Link"; Value = "https://www.te.com/commerce/DocumentDelivery/DDEController?Action=srchrtrv&DocNm=1546551&DocType=Customer+Drawing&DocLang=English&DocFormat=pdf&PartCntxt=1546551-3"; VariantName = "[No Variations]"
Add component (AddParameter): Name = "Height"; Value = "8.5mm"; VariantName = "[No Variations]"
Add component (AddParameter): Name = "Manufacturer_Name"; Value = "TE Connectivity"; VariantName = "[No Variations]"
Add component (AddParameter): Name = "Manufacturer_Part_Number"; Value = "1546551-3"; VariantName = "[No Variations]"
Add component (AddParameter): Name = "Mouser Part Number"; Value = "571-1546551-3"; VariantName = "[No Variations]"
Add component (AddParameter): Name = "Mouser Price/Stock"; Value = "https://www.mouser.co.uk/ProductDetail/TE-Connectivity/1546551-3?qs=m%2FhmcwQ75LlRawcWGeRFDA%3D%3D"; VariantName = "[No Variations]"
Added Component: Designator=J32(TERMINAL_TH_3P_3.5)
Add component (AddParameter): Name = "Arrow Part Number"; Value = "1546551-3"; VariantName = "[No Variations]"
Add component (AddParameter): Name = "Arrow Price/Stock"; Value = "https://www.arrow.com/en/products/1546551-3/te-connectivity"; VariantName = "[No Variations]"
Add component (AddParameter): Name = "Datasheet Link"; Value = "https://www.te.com/commerce/DocumentDelivery/DDEController?Action=srchrtrv&DocNm=1546551&DocType=Customer+Drawing&DocLang=English&DocFormat=pdf&PartCntxt=1546551-3"; VariantName = "[No Variations]"
Add component (AddParameter): Name = "Height"; Value = "8.5mm"; VariantName = "[No Variations]"
Add component (AddParameter): Name = "Manufacturer_Name"; Value = "TE Connectivity"; VariantName = "[No Variations]"
Add component (AddParameter): Name = "Manufacturer_Part_Number"; Value = "1546551-3"; VariantName = "[No Variations]"
Add component (AddParameter): Name = "Mouser Part Number"; Value = "571-1546551-3"; VariantName = "[No Variations]"
Add component (AddParameter): Name = "Mouser Price/Stock"; Value = "https://www.mouser.co.uk/ProductDetail/TE-Connectivity/1546551-3?qs=m%2FhmcwQ75LlRawcWGeRFDA%3D%3D"; VariantName = "[No Variations]"
Added Component: Designator=J33(TERMINAL_TH_3P_3.5)
Add component (AddParameter): Name = "Arrow Part Number"; Value = "1546551-3"; VariantName = "[No Variations]"
Add component (AddParameter): Name = "Arrow Price/Stock"; Value = "https://www.arrow.com/en/products/1546551-3/te-connectivity"; VariantName = "[No Variations]"
Add component (AddParameter): Name = "Datasheet Link"; Value = "https://www.te.com/commerce/DocumentDelivery/DDEController?Action=srchrtrv&DocNm=1546551&DocType=Customer+Drawing&DocLang=English&DocFormat=pdf&PartCntxt=1546551-3"; VariantName = "[No Variations]"
Add component (AddParameter): Name = "Height"; Value = "8.5mm"; VariantName = "[No Variations]"
Add component (AddParameter): Name = "Manufacturer_Name"; Value = "TE Connectivity"; VariantName = "[No Variations]"
Add component (AddParameter): Name = "Manufacturer_Part_Number"; Value = "1546551-3"; VariantName = "[No Variations]"
Add component (AddParameter): Name = "Mouser Part Number"; Value = "571-1546551-3"; VariantName = "[No Variations]"
Add component (AddParameter): Name = "Mouser Price/Stock"; Value = "https://www.mouser.co.uk/ProductDetail/TE-Connectivity/1546551-3?qs=m%2FhmcwQ75LlRawcWGeRFDA%3D%3D"; VariantName = "[No Variations]"
Added Component: Designator=J34(TERMINAL_TH_3P_3.5)
Add component (AddParameter): Name = "Arrow Part Number"; Value = "1546551-3"; VariantName = "[No Variations]"
Add component (AddParameter): Name = "Arrow Price/Stock"; Value = "https://www.arrow.com/en/products/1546551-3/te-connectivity"; VariantName = "[No Variations]"
Add component (AddParameter): Name = "Datasheet Link"; Value = "https://www.te.com/commerce/DocumentDelivery/DDEController?Action=srchrtrv&DocNm=1546551&DocType=Customer+Drawing&DocLang=English&DocFormat=pdf&PartCntxt=1546551-3"; VariantName = "[No Variations]"
Add component (AddParameter): Name = "Height"; Value = "8.5mm"; VariantName = "[No Variations]"
Add component (AddParameter): Name = "Manufacturer_Name"; Value = "TE Connectivity"; VariantName = "[No Variations]"
Add component (AddParameter): Name = "Manufacturer_Part_Number"; Value = "1546551-3"; VariantName = "[No Variations]"
Add component (AddParameter): Name = "Mouser Part Number"; Value = "571-1546551-3"; VariantName = "[No Variations]"
Add component (AddParameter): Name = "Mouser Price/Stock"; Value = "https://www.mouser.co.uk/ProductDetail/TE-Connectivity/1546551-3?qs=m%2FhmcwQ75LlRawcWGeRFDA%3D%3D"; VariantName = "[No Variations]"
Added Component: Designator=J35(TERMINAL_TH_3P_3.5)
Add component (AddParameter): Name = "Arrow Part Number"; Value = "1546551-3"; VariantName = "[No Variations]"
Add component (AddParameter): Name = "Arrow Price/Stock"; Value = "https://www.arrow.com/en/products/1546551-3/te-connectivity"; VariantName = "[No Variations]"
Add component (AddParameter): Name = "Datasheet Link"; Value = "https://www.te.com/commerce/DocumentDelivery/DDEController?Action=srchrtrv&DocNm=1546551&DocType=Customer+Drawing&DocLang=English&DocFormat=pdf&PartCntxt=1546551-3"; VariantName = "[No Variations]"
Add component (AddParameter): Name = "Height"; Value = "8.5mm"; VariantName = "[No Variations]"
Add component (AddParameter): Name = "Manufacturer_Name"; Value = "TE Connectivity"; VariantName = "[No Variations]"
Add component (AddParameter): Name = "Manufacturer_Part_Number"; Value = "1546551-3"; VariantName = "[No Variations]"
Add component (AddParameter): Name = "Mouser Part Number"; Value = "571-1546551-3"; VariantName = "[No Variations]"
Add component (AddParameter): Name = "Mouser Price/Stock"; Value = "https://www.mouser.co.uk/ProductDetail/TE-Connectivity/1546551-3?qs=m%2FhmcwQ75LlRawcWGeRFDA%3D%3D"; VariantName = "[No Variations]"
Added Component: Designator=J36(TERMINAL_TH_3P_3.5)
Add component (AddParameter): Name = "Arrow Part Number"; Value = "1546551-3"; VariantName = "[No Variations]"
Add component (AddParameter): Name = "Arrow Price/Stock"; Value = "https://www.arrow.com/en/products/1546551-3/te-connectivity"; VariantName = "[No Variations]"
Add component (AddParameter): Name = "Datasheet Link"; Value = "https://www.te.com/commerce/DocumentDelivery/DDEController?Action=srchrtrv&DocNm=1546551&DocType=Customer+Drawing&DocLang=English&DocFormat=pdf&PartCntxt=1546551-3"; VariantName = "[No Variations]"
Add component (AddParameter): Name = "Height"; Value = "8.5mm"; VariantName = "[No Variations]"
Add component (AddParameter): Name = "Manufacturer_Name"; Value = "TE Connectivity"; VariantName = "[No Variations]"
Add component (AddParameter): Name = "Manufacturer_Part_Number"; Value = "1546551-3"; VariantName = "[No Variations]"
Add component (AddParameter): Name = "Mouser Part Number"; Value = "571-1546551-3"; VariantName = "[No Variations]"
Add component (AddParameter): Name = "Mouser Price/Stock"; Value = "https://www.mouser.co.uk/ProductDetail/TE-Connectivity/1546551-3?qs=m%2FhmcwQ75LlRawcWGeRFDA%3D%3D"; VariantName = "[No Variations]"
Added Component: Designator=J37(TERMINAL_TH_3P_3.5)
Add component (AddParameter): Name = "Arrow Part Number"; Value = "1546551-3"; VariantName = "[No Variations]"
Add component (AddParameter): Name = "Arrow Price/Stock"; Value = "https://www.arrow.com/en/products/1546551-3/te-connectivity"; VariantName = "[No Variations]"
Add component (AddParameter): Name = "Datasheet Link"; Value = "https://www.te.com/commerce/DocumentDelivery/DDEController?Action=srchrtrv&DocNm=1546551&DocType=Customer+Drawing&DocLang=English&DocFormat=pdf&PartCntxt=1546551-3"; VariantName = "[No Variations]"
Add component (AddParameter): Name = "Height"; Value = "8.5mm"; VariantName = "[No Variations]"
Add component (AddParameter): Name = "Manufacturer_Name"; Value = "TE Connectivity"; VariantName = "[No Variations]"
Add component (AddParameter): Name = "Manufacturer_Part_Number"; Value = "1546551-3"; VariantName = "[No Variations]"
Add component (AddParameter): Name = "Mouser Part Number"; Value = "571-1546551-3"; VariantName = "[No Variations]"
Add component (AddParameter): Name = "Mouser Price/Stock"; Value = "https://www.mouser.co.uk/ProductDetail/TE-Connectivity/1546551-3?qs=m%2FhmcwQ75LlRawcWGeRFDA%3D%3D"; VariantName = "[No Variations]"
Added Component: Designator=J38(TERMINAL_TH_3P_3.5)
Add component (AddParameter): Name = "Arrow Part Number"; Value = "1546551-3"; VariantName = "[No Variations]"
Add component (AddParameter): Name = "Arrow Price/Stock"; Value = "https://www.arrow.com/en/products/1546551-3/te-connectivity"; VariantName = "[No Variations]"
Add component (AddParameter): Name = "Datasheet Link"; Value = "https://www.te.com/commerce/DocumentDelivery/DDEController?Action=srchrtrv&DocNm=1546551&DocType=Customer+Drawing&DocLang=English&DocFormat=pdf&PartCntxt=1546551-3"; VariantName = "[No Variations]"
Add component (AddParameter): Name = "Height"; Value = "8.5mm"; VariantName = "[No Variations]"
Add component (AddParameter): Name = "Manufacturer_Name"; Value = "TE Connectivity"; VariantName = "[No Variations]"
Add component (AddParameter): Name = "Manufacturer_Part_Number"; Value = "1546551-3"; VariantName = "[No Variations]"
Add component (AddParameter): Name = "Mouser Part Number"; Value = "571-1546551-3"; VariantName = "[No Variations]"
Add component (AddParameter): Name = "Mouser Price/Stock"; Value = "https://www.mouser.co.uk/ProductDetail/TE-Connectivity/1546551-3?qs=m%2FhmcwQ75LlRawcWGeRFDA%3D%3D"; VariantName = "[No Variations]"
Added Component: Designator=Q1(FP-PC817X1J000F-MFG)
Add component (AddParameter): Name = "Case/Package"; Value = "DIP"; VariantName = "[No Variations]"
Add component (AddParameter): Name = "Collector Emitter Breakdown Voltage"; Value = "80V"; VariantName = "[No Variations]"
Add component (AddParameter): Name = "Collector Emitter Saturation Voltage"; Value = "200mV"; VariantName = "[No Variations]"
Add component (AddParameter): Name = "Collector Emitter Voltage (VCEO)"; Value = "80V"; VariantName = "[No Variations]"
Add component (AddParameter): Name = "Current Transfer Ratio"; Value = "600%"; VariantName = "[No Variations]"
Add component (AddParameter): Name = "Fall Time"; Value = "18000ns"; VariantName = "[No Variations]"
Add component (AddParameter): Name = "Forward Current"; Value = "50mA"; VariantName = "[No Variations]"
Add component (AddParameter): Name = "Forward Voltage"; Value = "1.4V"; VariantName = "[No Variations]"
Add component (AddParameter): Name = "Input Current"; Value = "20mA"; VariantName = "[No Variations]"
Add component (AddParameter): Name = "Isolation Voltage"; Value = "5kV"; VariantName = "[No Variations]"
Add component (AddParameter): Name = "Max Collector Current"; Value = "50mA"; VariantName = "[No Variations]"
Add component (AddParameter): Name = "Max Input Current"; Value = "50mA"; VariantName = "[No Variations]"
Add component (AddParameter): Name = "Max Operating Temperature"; Value = "100°C"; VariantName = "[No Variations]"
Add component (AddParameter): Name = "Max Power Dissipation"; Value = "200mW"; VariantName = "[No Variations]"
Add component (AddParameter): Name = "Min Operating Temperature"; Value = "-30°C"; VariantName = "[No Variations]"
Add component (AddParameter): Name = "Mount"; Value = "Through Hole"; VariantName = "[No Variations]"
Add component (AddParameter): Name = "Number of Channels"; Value = "1"; VariantName = "[No Variations]"
Add component (AddParameter): Name = "Number of Elements"; Value = "1"; VariantName = "[No Variations]"
Add component (AddParameter): Name = "Number of Pins"; Value = "4"; VariantName = "[No Variations]"
Add component (AddParameter): Name = "Output Current per Channel"; Value = "50mA"; VariantName = "[No Variations]"
Add component (AddParameter): Name = "Output Voltage"; Value = "80V"; VariantName = "[No Variations]"
Add component (AddParameter): Name = "Package Quantity"; Value = "2000"; VariantName = "[No Variations]"
Add component (AddParameter): Name = "Packaging"; Value = "Sleeve"; VariantName = "[No Variations]"
Add component (AddParameter): Name = "Power Dissipation"; Value = "200mW"; VariantName = "[No Variations]"
Add component (AddParameter): Name = "Radiation Hardening"; Value = "No"; VariantName = "[No Variations]"
Add component (AddParameter): Name = "Reverse Breakdown Voltage"; Value = "6V"; VariantName = "[No Variations]"
Add component (AddParameter): Name = "Rise Time"; Value = "18000ns"; VariantName = "[No Variations]"
Added Component: Designator=Q2(FAIR-TO-92-3)
Add component (AddParameter): Name = "<PCN>"; Value = "http://www.mouser.com/PCN/3.26.10LTBDFairchild.pdf"; VariantName = "[No Variations]"
Add component (AddParameter): Name = "Brand"; Value = "FairchildSemiconductor"; VariantName = "[No Variations]"
Add component (AddParameter): Name = "Collector- Base Voltage VCBO"; Value = "75V"; VariantName = "[No Variations]"
Add component (AddParameter): Name = "Collector- Emitter Voltage VCEO Max"; Value = "40V"; VariantName = "[No Variations]"
Add component (AddParameter): Name = "Collector-Emitter Saturation Voltage"; Value = "1V"; VariantName = "[No Variations]"
Add component (AddParameter): Name = "Configuration"; Value = "Single"; VariantName = "[No Variations]"
Add component (AddParameter): Name = "Datasheet URL"; Value = "https://www.fairchildsemi.com/datasheets/PN/PN2222A.pdf"; VariantName = "[No Variations]"
Add component (AddParameter): Name = "Datasheet Version"; Value = "Rev. 1.1.0, 07/2014"; VariantName = "[No Variations]"
Add component (AddParameter): Name = "DC Collector/Base Gain hfe Min"; Value = "100"; VariantName = "[No Variations]"
Add component (AddParameter): Name = "DC Current Gain hFE Max"; Value = "300"; VariantName = "[No Variations]"
Add component (AddParameter): Name = "Emitter- Base Voltage VEBO"; Value = "6V"; VariantName = "[No Variations]"
Add component (AddParameter): Name = "Factory Pack Quantity"; Value = "2000"; VariantName = "[No Variations]"
Add component (AddParameter): Name = "Gain Bandwidth Product fT"; Value = "300MHz"; VariantName = "[No Variations]"
Add component (AddParameter): Name = "Manufacturer"; Value = "FairchildSemiconductor"; VariantName = "[No Variations]"
Add component (AddParameter): Name = "Manufacturer URL"; Value = "https://www.fairchildsemi.com/"; VariantName = "[No Variations]"
Add component (AddParameter): Name = "Maximum DC Collector Current"; Value = "1A"; VariantName = "[No Variations]"
Add component (AddParameter): Name = "Maximum Operating Temperature"; Value = "+150C"; VariantName = "[No Variations]"
Add component (AddParameter): Name = "Maximum Power Dissipation"; Value = "625mW"; VariantName = "[No Variations]"
Add component (AddParameter): Name = "Minimum Operating Temperature"; Value = "-55C"; VariantName = "[No Variations]"
Add component (AddParameter): Name = "Mounting Style"; Value = "ThroughHole"; VariantName = "[No Variations]"
Add component (AddParameter): Name = "Mounting Technology"; Value = "ThroughHole"; VariantName = "[No Variations]"
Add component (AddParameter): Name = "Package / Case"; Value = "TO-92-3KinkedLead"; VariantName = "[No Variations]"
Add component (AddParameter): Name = "Package Description"; Value = "3-Pin Transistor Outline Package, Body Dia 4.79 mm, Pitch 2.6 mm"; VariantName = "[No Variations]"
Add component (AddParameter): Name = "Package Reference"; Value = "TO-92"; VariantName = "[No Variations]"
Add component (AddParameter): Name = "Packaging"; Value = "Reel"; VariantName = "[No Variations]"
Add component (AddParameter): Name = "Product Category"; Value = "BipolarTransistors-BJT"; VariantName = "[No Variations]"
Add component (AddParameter): Name = "RoHS"; Value = "Details"; VariantName = "[No Variations]"
Add component (AddParameter): Name = "Series"; Value = "PN2222"; VariantName = "[No Variations]"
Add component (AddParameter): Name = "Transistor Polarity"; Value = "NPN"; VariantName = "[No Variations]"
Add component (AddParameter): Name = "Unit Weight"; Value = "0.008466oz"; VariantName = "[No Variations]"
Added Component: Designator=Q3(FP-PC817X1J000F-MFG)
Add component (AddParameter): Name = "Case/Package"; Value = "DIP"; VariantName = "[No Variations]"
Add component (AddParameter): Name = "Collector Emitter Breakdown Voltage"; Value = "80V"; VariantName = "[No Variations]"
Add component (AddParameter): Name = "Collector Emitter Saturation Voltage"; Value = "200mV"; VariantName = "[No Variations]"
Add component (AddParameter): Name = "Collector Emitter Voltage (VCEO)"; Value = "80V"; VariantName = "[No Variations]"
Add component (AddParameter): Name = "Current Transfer Ratio"; Value = "600%"; VariantName = "[No Variations]"
Add component (AddParameter): Name = "Fall Time"; Value = "18000ns"; VariantName = "[No Variations]"
Add component (AddParameter): Name = "Forward Current"; Value = "50mA"; VariantName = "[No Variations]"
Add component (AddParameter): Name = "Forward Voltage"; Value = "1.4V"; VariantName = "[No Variations]"
Add component (AddParameter): Name = "Input Current"; Value = "20mA"; VariantName = "[No Variations]"
Add component (AddParameter): Name = "Isolation Voltage"; Value = "5kV"; VariantName = "[No Variations]"
Add component (AddParameter): Name = "Max Collector Current"; Value = "50mA"; VariantName = "[No Variations]"
Add component (AddParameter): Name = "Max Input Current"; Value = "50mA"; VariantName = "[No Variations]"
Add component (AddParameter): Name = "Max Operating Temperature"; Value = "100°C"; VariantName = "[No Variations]"
Add component (AddParameter): Name = "Max Power Dissipation"; Value = "200mW"; VariantName = "[No Variations]"
Add component (AddParameter): Name = "Min Operating Temperature"; Value = "-30°C"; VariantName = "[No Variations]"
Add component (AddParameter): Name = "Mount"; Value = "Through Hole"; VariantName = "[No Variations]"
Add component (AddParameter): Name = "Number of Channels"; Value = "1"; VariantName = "[No Variations]"
Add component (AddParameter): Name = "Number of Elements"; Value = "1"; VariantName = "[No Variations]"
Add component (AddParameter): Name = "Number of Pins"; Value = "4"; VariantName = "[No Variations]"
Add component (AddParameter): Name = "Output Current per Channel"; Value = "50mA"; VariantName = "[No Variations]"
Add component (AddParameter): Name = "Output Voltage"; Value = "80V"; VariantName = "[No Variations]"
Add component (AddParameter): Name = "Package Quantity"; Value = "2000"; VariantName = "[No Variations]"
Add component (AddParameter): Name = "Packaging"; Value = "Sleeve"; VariantName = "[No Variations]"
Add component (AddParameter): Name = "Power Dissipation"; Value = "200mW"; VariantName = "[No Variations]"
Add component (AddParameter): Name = "Radiation Hardening"; Value = "No"; VariantName = "[No Variations]"
Add component (AddParameter): Name = "Reverse Breakdown Voltage"; Value = "6V"; VariantName = "[No Variations]"
Add component (AddParameter): Name = "Rise Time"; Value = "18000ns"; VariantName = "[No Variations]"
Added Component: Designator=Q4(FP-PC817X1J000F-MFG)
Add component (AddParameter): Name = "Case/Package"; Value = "DIP"; VariantName = "[No Variations]"
Add component (AddParameter): Name = "Collector Emitter Breakdown Voltage"; Value = "80V"; VariantName = "[No Variations]"
Add component (AddParameter): Name = "Collector Emitter Saturation Voltage"; Value = "200mV"; VariantName = "[No Variations]"
Add component (AddParameter): Name = "Collector Emitter Voltage (VCEO)"; Value = "80V"; VariantName = "[No Variations]"
Add component (AddParameter): Name = "Current Transfer Ratio"; Value = "600%"; VariantName = "[No Variations]"
Add component (AddParameter): Name = "Fall Time"; Value = "18000ns"; VariantName = "[No Variations]"
Add component (AddParameter): Name = "Forward Current"; Value = "50mA"; VariantName = "[No Variations]"
Add component (AddParameter): Name = "Forward Voltage"; Value = "1.4V"; VariantName = "[No Variations]"
Add component (AddParameter): Name = "Input Current"; Value = "20mA"; VariantName = "[No Variations]"
Add component (AddParameter): Name = "Isolation Voltage"; Value = "5kV"; VariantName = "[No Variations]"
Add component (AddParameter): Name = "Max Collector Current"; Value = "50mA"; VariantName = "[No Variations]"
Add component (AddParameter): Name = "Max Input Current"; Value = "50mA"; VariantName = "[No Variations]"
Add component (AddParameter): Name = "Max Operating Temperature"; Value = "100°C"; VariantName = "[No Variations]"
Add component (AddParameter): Name = "Max Power Dissipation"; Value = "200mW"; VariantName = "[No Variations]"
Add component (AddParameter): Name = "Min Operating Temperature"; Value = "-30°C"; VariantName = "[No Variations]"
Add component (AddParameter): Name = "Mount"; Value = "Through Hole"; VariantName = "[No Variations]"
Add component (AddParameter): Name = "Number of Channels"; Value = "1"; VariantName = "[No Variations]"
Add component (AddParameter): Name = "Number of Elements"; Value = "1"; VariantName = "[No Variations]"
Add component (AddParameter): Name = "Number of Pins"; Value = "4"; VariantName = "[No Variations]"
Add component (AddParameter): Name = "Output Current per Channel"; Value = "50mA"; VariantName = "[No Variations]"
Add component (AddParameter): Name = "Output Voltage"; Value = "80V"; VariantName = "[No Variations]"
Add component (AddParameter): Name = "Package Quantity"; Value = "2000"; VariantName = "[No Variations]"
Add component (AddParameter): Name = "Packaging"; Value = "Sleeve"; VariantName = "[No Variations]"
Add component (AddParameter): Name = "Power Dissipation"; Value = "200mW"; VariantName = "[No Variations]"
Add component (AddParameter): Name = "Radiation Hardening"; Value = "No"; VariantName = "[No Variations]"
Add component (AddParameter): Name = "Reverse Breakdown Voltage"; Value = "6V"; VariantName = "[No Variations]"
Add component (AddParameter): Name = "Rise Time"; Value = "18000ns"; VariantName = "[No Variations]"
Added Component: Designator=Q5(FAIR-TO-92-3)
Add component (AddParameter): Name = "<PCN>"; Value = "http://www.mouser.com/PCN/3.26.10LTBDFairchild.pdf"; VariantName = "[No Variations]"
Add component (AddParameter): Name = "Brand"; Value = "FairchildSemiconductor"; VariantName = "[No Variations]"
Add component (AddParameter): Name = "Collector- Base Voltage VCBO"; Value = "75V"; VariantName = "[No Variations]"
Add component (AddParameter): Name = "Collector- Emitter Voltage VCEO Max"; Value = "40V"; VariantName = "[No Variations]"
Add component (AddParameter): Name = "Collector-Emitter Saturation Voltage"; Value = "1V"; VariantName = "[No Variations]"
Add component (AddParameter): Name = "Configuration"; Value = "Single"; VariantName = "[No Variations]"
Add component (AddParameter): Name = "Datasheet URL"; Value = "https://www.fairchildsemi.com/datasheets/PN/PN2222A.pdf"; VariantName = "[No Variations]"
Add component (AddParameter): Name = "Datasheet Version"; Value = "Rev. 1.1.0, 07/2014"; VariantName = "[No Variations]"
Add component (AddParameter): Name = "DC Collector/Base Gain hfe Min"; Value = "100"; VariantName = "[No Variations]"
Add component (AddParameter): Name = "DC Current Gain hFE Max"; Value = "300"; VariantName = "[No Variations]"
Add component (AddParameter): Name = "Emitter- Base Voltage VEBO"; Value = "6V"; VariantName = "[No Variations]"
Add component (AddParameter): Name = "Factory Pack Quantity"; Value = "2000"; VariantName = "[No Variations]"
Add component (AddParameter): Name = "Gain Bandwidth Product fT"; Value = "300MHz"; VariantName = "[No Variations]"
Add component (AddParameter): Name = "Manufacturer"; Value = "FairchildSemiconductor"; VariantName = "[No Variations]"
Add component (AddParameter): Name = "Manufacturer URL"; Value = "https://www.fairchildsemi.com/"; VariantName = "[No Variations]"
Add component (AddParameter): Name = "Maximum DC Collector Current"; Value = "1A"; VariantName = "[No Variations]"
Add component (AddParameter): Name = "Maximum Operating Temperature"; Value = "+150C"; VariantName = "[No Variations]"
Add component (AddParameter): Name = "Maximum Power Dissipation"; Value = "625mW"; VariantName = "[No Variations]"
Add component (AddParameter): Name = "Minimum Operating Temperature"; Value = "-55C"; VariantName = "[No Variations]"
Add component (AddParameter): Name = "Mounting Style"; Value = "ThroughHole"; VariantName = "[No Variations]"
Add component (AddParameter): Name = "Mounting Technology"; Value = "ThroughHole"; VariantName = "[No Variations]"
Add component (AddParameter): Name = "Package / Case"; Value = "TO-92-3KinkedLead"; VariantName = "[No Variations]"
Add component (AddParameter): Name = "Package Description"; Value = "3-Pin Transistor Outline Package, Body Dia 4.79 mm, Pitch 2.6 mm"; VariantName = "[No Variations]"
Add component (AddParameter): Name = "Package Reference"; Value = "TO-92"; VariantName = "[No Variations]"
Add component (AddParameter): Name = "Packaging"; Value = "Reel"; VariantName = "[No Variations]"
Add component (AddParameter): Name = "Product Category"; Value = "BipolarTransistors-BJT"; VariantName = "[No Variations]"
Add component (AddParameter): Name = "RoHS"; Value = "Details"; VariantName = "[No Variations]"
Add component (AddParameter): Name = "Series"; Value = "PN2222"; VariantName = "[No Variations]"
Add component (AddParameter): Name = "Transistor Polarity"; Value = "NPN"; VariantName = "[No Variations]"
Add component (AddParameter): Name = "Unit Weight"; Value = "0.008466oz"; VariantName = "[No Variations]"
Added Component: Designator=Q6(FAIR-TO-92-3)
Add component (AddParameter): Name = "<PCN>"; Value = "http://www.mouser.com/PCN/3.26.10LTBDFairchild.pdf"; VariantName = "[No Variations]"
Add component (AddParameter): Name = "Brand"; Value = "FairchildSemiconductor"; VariantName = "[No Variations]"
Add component (AddParameter): Name = "Collector- Base Voltage VCBO"; Value = "75V"; VariantName = "[No Variations]"
Add component (AddParameter): Name = "Collector- Emitter Voltage VCEO Max"; Value = "40V"; VariantName = "[No Variations]"
Add component (AddParameter): Name = "Collector-Emitter Saturation Voltage"; Value = "1V"; VariantName = "[No Variations]"
Add component (AddParameter): Name = "Configuration"; Value = "Single"; VariantName = "[No Variations]"
Add component (AddParameter): Name = "Datasheet URL"; Value = "https://www.fairchildsemi.com/datasheets/PN/PN2222A.pdf"; VariantName = "[No Variations]"
Add component (AddParameter): Name = "Datasheet Version"; Value = "Rev. 1.1.0, 07/2014"; VariantName = "[No Variations]"
Add component (AddParameter): Name = "DC Collector/Base Gain hfe Min"; Value = "100"; VariantName = "[No Variations]"
Add component (AddParameter): Name = "DC Current Gain hFE Max"; Value = "300"; VariantName = "[No Variations]"
Add component (AddParameter): Name = "Emitter- Base Voltage VEBO"; Value = "6V"; VariantName = "[No Variations]"
Add component (AddParameter): Name = "Factory Pack Quantity"; Value = "2000"; VariantName = "[No Variations]"
Add component (AddParameter): Name = "Gain Bandwidth Product fT"; Value = "300MHz"; VariantName = "[No Variations]"
Add component (AddParameter): Name = "Manufacturer"; Value = "FairchildSemiconductor"; VariantName = "[No Variations]"
Add component (AddParameter): Name = "Manufacturer URL"; Value = "https://www.fairchildsemi.com/"; VariantName = "[No Variations]"
Add component (AddParameter): Name = "Maximum DC Collector Current"; Value = "1A"; VariantName = "[No Variations]"
Add component (AddParameter): Name = "Maximum Operating Temperature"; Value = "+150C"; VariantName = "[No Variations]"
Add component (AddParameter): Name = "Maximum Power Dissipation"; Value = "625mW"; VariantName = "[No Variations]"
Add component (AddParameter): Name = "Minimum Operating Temperature"; Value = "-55C"; VariantName = "[No Variations]"
Add component (AddParameter): Name = "Mounting Style"; Value = "ThroughHole"; VariantName = "[No Variations]"
Add component (AddParameter): Name = "Mounting Technology"; Value = "ThroughHole"; VariantName = "[No Variations]"
Add component (AddParameter): Name = "Package / Case"; Value = "TO-92-3KinkedLead"; VariantName = "[No Variations]"
Add component (AddParameter): Name = "Package Description"; Value = "3-Pin Transistor Outline Package, Body Dia 4.79 mm, Pitch 2.6 mm"; VariantName = "[No Variations]"
Add component (AddParameter): Name = "Package Reference"; Value = "TO-92"; VariantName = "[No Variations]"
Add component (AddParameter): Name = "Packaging"; Value = "Reel"; VariantName = "[No Variations]"
Add component (AddParameter): Name = "Product Category"; Value = "BipolarTransistors-BJT"; VariantName = "[No Variations]"
Add component (AddParameter): Name = "RoHS"; Value = "Details"; VariantName = "[No Variations]"
Add component (AddParameter): Name = "Series"; Value = "PN2222"; VariantName = "[No Variations]"
Add component (AddParameter): Name = "Transistor Polarity"; Value = "NPN"; VariantName = "[No Variations]"
Add component (AddParameter): Name = "Unit Weight"; Value = "0.008466oz"; VariantName = "[No Variations]"
Added Component: Designator=Q7(FP-PC817X1J000F-MFG)
Add component (AddParameter): Name = "Case/Package"; Value = "DIP"; VariantName = "[No Variations]"
Add component (AddParameter): Name = "Collector Emitter Breakdown Voltage"; Value = "80V"; VariantName = "[No Variations]"
Add component (AddParameter): Name = "Collector Emitter Saturation Voltage"; Value = "200mV"; VariantName = "[No Variations]"
Add component (AddParameter): Name = "Collector Emitter Voltage (VCEO)"; Value = "80V"; VariantName = "[No Variations]"
Add component (AddParameter): Name = "Current Transfer Ratio"; Value = "600%"; VariantName = "[No Variations]"
Add component (AddParameter): Name = "Fall Time"; Value = "18000ns"; VariantName = "[No Variations]"
Add component (AddParameter): Name = "Forward Current"; Value = "50mA"; VariantName = "[No Variations]"
Add component (AddParameter): Name = "Forward Voltage"; Value = "1.4V"; VariantName = "[No Variations]"
Add component (AddParameter): Name = "Input Current"; Value = "20mA"; VariantName = "[No Variations]"
Add component (AddParameter): Name = "Isolation Voltage"; Value = "5kV"; VariantName = "[No Variations]"
Add component (AddParameter): Name = "Max Collector Current"; Value = "50mA"; VariantName = "[No Variations]"
Add component (AddParameter): Name = "Max Input Current"; Value = "50mA"; VariantName = "[No Variations]"
Add component (AddParameter): Name = "Max Operating Temperature"; Value = "100°C"; VariantName = "[No Variations]"
Add component (AddParameter): Name = "Max Power Dissipation"; Value = "200mW"; VariantName = "[No Variations]"
Add component (AddParameter): Name = "Min Operating Temperature"; Value = "-30°C"; VariantName = "[No Variations]"
Add component (AddParameter): Name = "Mount"; Value = "Through Hole"; VariantName = "[No Variations]"
Add component (AddParameter): Name = "Number of Channels"; Value = "1"; VariantName = "[No Variations]"
Add component (AddParameter): Name = "Number of Elements"; Value = "1"; VariantName = "[No Variations]"
Add component (AddParameter): Name = "Number of Pins"; Value = "4"; VariantName = "[No Variations]"
Add component (AddParameter): Name = "Output Current per Channel"; Value = "50mA"; VariantName = "[No Variations]"
Add component (AddParameter): Name = "Output Voltage"; Value = "80V"; VariantName = "[No Variations]"
Add component (AddParameter): Name = "Package Quantity"; Value = "2000"; VariantName = "[No Variations]"
Add component (AddParameter): Name = "Packaging"; Value = "Sleeve"; VariantName = "[No Variations]"
Add component (AddParameter): Name = "Power Dissipation"; Value = "200mW"; VariantName = "[No Variations]"
Add component (AddParameter): Name = "Radiation Hardening"; Value = "No"; VariantName = "[No Variations]"
Add component (AddParameter): Name = "Reverse Breakdown Voltage"; Value = "6V"; VariantName = "[No Variations]"
Add component (AddParameter): Name = "Rise Time"; Value = "18000ns"; VariantName = "[No Variations]"
Added Component: Designator=Q8(FP-PC817X1J000F-MFG)
Add component (AddParameter): Name = "Case/Package"; Value = "DIP"; VariantName = "[No Variations]"
Add component (AddParameter): Name = "Collector Emitter Breakdown Voltage"; Value = "80V"; VariantName = "[No Variations]"
Add component (AddParameter): Name = "Collector Emitter Saturation Voltage"; Value = "200mV"; VariantName = "[No Variations]"
Add component (AddParameter): Name = "Collector Emitter Voltage (VCEO)"; Value = "80V"; VariantName = "[No Variations]"
Add component (AddParameter): Name = "Current Transfer Ratio"; Value = "600%"; VariantName = "[No Variations]"
Add component (AddParameter): Name = "Fall Time"; Value = "18000ns"; VariantName = "[No Variations]"
Add component (AddParameter): Name = "Forward Current"; Value = "50mA"; VariantName = "[No Variations]"
Add component (AddParameter): Name = "Forward Voltage"; Value = "1.4V"; VariantName = "[No Variations]"
Add component (AddParameter): Name = "Input Current"; Value = "20mA"; VariantName = "[No Variations]"
Add component (AddParameter): Name = "Isolation Voltage"; Value = "5kV"; VariantName = "[No Variations]"
Add component (AddParameter): Name = "Max Collector Current"; Value = "50mA"; VariantName = "[No Variations]"
Add component (AddParameter): Name = "Max Input Current"; Value = "50mA"; VariantName = "[No Variations]"
Add component (AddParameter): Name = "Max Operating Temperature"; Value = "100°C"; VariantName = "[No Variations]"
Add component (AddParameter): Name = "Max Power Dissipation"; Value = "200mW"; VariantName = "[No Variations]"
Add component (AddParameter): Name = "Min Operating Temperature"; Value = "-30°C"; VariantName = "[No Variations]"
Add component (AddParameter): Name = "Mount"; Value = "Through Hole"; VariantName = "[No Variations]"
Add component (AddParameter): Name = "Number of Channels"; Value = "1"; VariantName = "[No Variations]"
Add component (AddParameter): Name = "Number of Elements"; Value = "1"; VariantName = "[No Variations]"
Add component (AddParameter): Name = "Number of Pins"; Value = "4"; VariantName = "[No Variations]"
Add component (AddParameter): Name = "Output Current per Channel"; Value = "50mA"; VariantName = "[No Variations]"
Add component (AddParameter): Name = "Output Voltage"; Value = "80V"; VariantName = "[No Variations]"
Add component (AddParameter): Name = "Package Quantity"; Value = "2000"; VariantName = "[No Variations]"
Add component (AddParameter): Name = "Packaging"; Value = "Sleeve"; VariantName = "[No Variations]"
Add component (AddParameter): Name = "Power Dissipation"; Value = "200mW"; VariantName = "[No Variations]"
Add component (AddParameter): Name = "Radiation Hardening"; Value = "No"; VariantName = "[No Variations]"
Add component (AddParameter): Name = "Reverse Breakdown Voltage"; Value = "6V"; VariantName = "[No Variations]"
Add component (AddParameter): Name = "Rise Time"; Value = "18000ns"; VariantName = "[No Variations]"
Added Component: Designator=Q9(FP-PC817X1J000F-MFG)
Add component (AddParameter): Name = "Case/Package"; Value = "DIP"; VariantName = "[No Variations]"
Add component (AddParameter): Name = "Collector Emitter Breakdown Voltage"; Value = "80V"; VariantName = "[No Variations]"
Add component (AddParameter): Name = "Collector Emitter Saturation Voltage"; Value = "200mV"; VariantName = "[No Variations]"
Add component (AddParameter): Name = "Collector Emitter Voltage (VCEO)"; Value = "80V"; VariantName = "[No Variations]"
Add component (AddParameter): Name = "Current Transfer Ratio"; Value = "600%"; VariantName = "[No Variations]"
Add component (AddParameter): Name = "Fall Time"; Value = "18000ns"; VariantName = "[No Variations]"
Add component (AddParameter): Name = "Forward Current"; Value = "50mA"; VariantName = "[No Variations]"
Add component (AddParameter): Name = "Forward Voltage"; Value = "1.4V"; VariantName = "[No Variations]"
Add component (AddParameter): Name = "Input Current"; Value = "20mA"; VariantName = "[No Variations]"
Add component (AddParameter): Name = "Isolation Voltage"; Value = "5kV"; VariantName = "[No Variations]"
Add component (AddParameter): Name = "Max Collector Current"; Value = "50mA"; VariantName = "[No Variations]"
Add component (AddParameter): Name = "Max Input Current"; Value = "50mA"; VariantName = "[No Variations]"
Add component (AddParameter): Name = "Max Operating Temperature"; Value = "100°C"; VariantName = "[No Variations]"
Add component (AddParameter): Name = "Max Power Dissipation"; Value = "200mW"; VariantName = "[No Variations]"
Add component (AddParameter): Name = "Min Operating Temperature"; Value = "-30°C"; VariantName = "[No Variations]"
Add component (AddParameter): Name = "Mount"; Value = "Through Hole"; VariantName = "[No Variations]"
Add component (AddParameter): Name = "Number of Channels"; Value = "1"; VariantName = "[No Variations]"
Add component (AddParameter): Name = "Number of Elements"; Value = "1"; VariantName = "[No Variations]"
Add component (AddParameter): Name = "Number of Pins"; Value = "4"; VariantName = "[No Variations]"
Add component (AddParameter): Name = "Output Current per Channel"; Value = "50mA"; VariantName = "[No Variations]"
Add component (AddParameter): Name = "Output Voltage"; Value = "80V"; VariantName = "[No Variations]"
Add component (AddParameter): Name = "Package Quantity"; Value = "2000"; VariantName = "[No Variations]"
Add component (AddParameter): Name = "Packaging"; Value = "Sleeve"; VariantName = "[No Variations]"
Add component (AddParameter): Name = "Power Dissipation"; Value = "200mW"; VariantName = "[No Variations]"
Add component (AddParameter): Name = "Radiation Hardening"; Value = "No"; VariantName = "[No Variations]"
Add component (AddParameter): Name = "Reverse Breakdown Voltage"; Value = "6V"; VariantName = "[No Variations]"
Add component (AddParameter): Name = "Rise Time"; Value = "18000ns"; VariantName = "[No Variations]"
Added Component: Designator=Q10(FAIR-TO-92-3)
Add component (AddParameter): Name = "<PCN>"; Value = "http://www.mouser.com/PCN/3.26.10LTBDFairchild.pdf"; VariantName = "[No Variations]"
Add component (AddParameter): Name = "Brand"; Value = "FairchildSemiconductor"; VariantName = "[No Variations]"
Add component (AddParameter): Name = "Collector- Base Voltage VCBO"; Value = "75V"; VariantName = "[No Variations]"
Add component (AddParameter): Name = "Collector- Emitter Voltage VCEO Max"; Value = "40V"; VariantName = "[No Variations]"
Add component (AddParameter): Name = "Collector-Emitter Saturation Voltage"; Value = "1V"; VariantName = "[No Variations]"
Add component (AddParameter): Name = "Configuration"; Value = "Single"; VariantName = "[No Variations]"
Add component (AddParameter): Name = "Datasheet URL"; Value = "https://www.fairchildsemi.com/datasheets/PN/PN2222A.pdf"; VariantName = "[No Variations]"
Add component (AddParameter): Name = "Datasheet Version"; Value = "Rev. 1.1.0, 07/2014"; VariantName = "[No Variations]"
Add component (AddParameter): Name = "DC Collector/Base Gain hfe Min"; Value = "100"; VariantName = "[No Variations]"
Add component (AddParameter): Name = "DC Current Gain hFE Max"; Value = "300"; VariantName = "[No Variations]"
Add component (AddParameter): Name = "Emitter- Base Voltage VEBO"; Value = "6V"; VariantName = "[No Variations]"
Add component (AddParameter): Name = "Factory Pack Quantity"; Value = "2000"; VariantName = "[No Variations]"
Add component (AddParameter): Name = "Gain Bandwidth Product fT"; Value = "300MHz"; VariantName = "[No Variations]"
Add component (AddParameter): Name = "Manufacturer"; Value = "FairchildSemiconductor"; VariantName = "[No Variations]"
Add component (AddParameter): Name = "Manufacturer URL"; Value = "https://www.fairchildsemi.com/"; VariantName = "[No Variations]"
Add component (AddParameter): Name = "Maximum DC Collector Current"; Value = "1A"; VariantName = "[No Variations]"
Add component (AddParameter): Name = "Maximum Operating Temperature"; Value = "+150C"; VariantName = "[No Variations]"
Add component (AddParameter): Name = "Maximum Power Dissipation"; Value = "625mW"; VariantName = "[No Variations]"
Add component (AddParameter): Name = "Minimum Operating Temperature"; Value = "-55C"; VariantName = "[No Variations]"
Add component (AddParameter): Name = "Mounting Style"; Value = "ThroughHole"; VariantName = "[No Variations]"
Add component (AddParameter): Name = "Mounting Technology"; Value = "ThroughHole"; VariantName = "[No Variations]"
Add component (AddParameter): Name = "Package / Case"; Value = "TO-92-3KinkedLead"; VariantName = "[No Variations]"
Add component (AddParameter): Name = "Package Description"; Value = "3-Pin Transistor Outline Package, Body Dia 4.79 mm, Pitch 2.6 mm"; VariantName = "[No Variations]"
Add component (AddParameter): Name = "Package Reference"; Value = "TO-92"; VariantName = "[No Variations]"
Add component (AddParameter): Name = "Packaging"; Value = "Reel"; VariantName = "[No Variations]"
Add component (AddParameter): Name = "Product Category"; Value = "BipolarTransistors-BJT"; VariantName = "[No Variations]"
Add component (AddParameter): Name = "RoHS"; Value = "Details"; VariantName = "[No Variations]"
Add component (AddParameter): Name = "Series"; Value = "PN2222"; VariantName = "[No Variations]"
Add component (AddParameter): Name = "Transistor Polarity"; Value = "NPN"; VariantName = "[No Variations]"
Add component (AddParameter): Name = "Unit Weight"; Value = "0.008466oz"; VariantName = "[No Variations]"
Added Component: Designator=Q11(FAIR-TO-92-3)
Add component (AddParameter): Name = "<PCN>"; Value = "http://www.mouser.com/PCN/3.26.10LTBDFairchild.pdf"; VariantName = "[No Variations]"
Add component (AddParameter): Name = "Brand"; Value = "FairchildSemiconductor"; VariantName = "[No Variations]"
Add component (AddParameter): Name = "Collector- Base Voltage VCBO"; Value = "75V"; VariantName = "[No Variations]"
Add component (AddParameter): Name = "Collector- Emitter Voltage VCEO Max"; Value = "40V"; VariantName = "[No Variations]"
Add component (AddParameter): Name = "Collector-Emitter Saturation Voltage"; Value = "1V"; VariantName = "[No Variations]"
Add component (AddParameter): Name = "Configuration"; Value = "Single"; VariantName = "[No Variations]"
Add component (AddParameter): Name = "Datasheet URL"; Value = "https://www.fairchildsemi.com/datasheets/PN/PN2222A.pdf"; VariantName = "[No Variations]"
Add component (AddParameter): Name = "Datasheet Version"; Value = "Rev. 1.1.0, 07/2014"; VariantName = "[No Variations]"
Add component (AddParameter): Name = "DC Collector/Base Gain hfe Min"; Value = "100"; VariantName = "[No Variations]"
Add component (AddParameter): Name = "DC Current Gain hFE Max"; Value = "300"; VariantName = "[No Variations]"
Add component (AddParameter): Name = "Emitter- Base Voltage VEBO"; Value = "6V"; VariantName = "[No Variations]"
Add component (AddParameter): Name = "Factory Pack Quantity"; Value = "2000"; VariantName = "[No Variations]"
Add component (AddParameter): Name = "Gain Bandwidth Product fT"; Value = "300MHz"; VariantName = "[No Variations]"
Add component (AddParameter): Name = "Manufacturer"; Value = "FairchildSemiconductor"; VariantName = "[No Variations]"
Add component (AddParameter): Name = "Manufacturer URL"; Value = "https://www.fairchildsemi.com/"; VariantName = "[No Variations]"
Add component (AddParameter): Name = "Maximum DC Collector Current"; Value = "1A"; VariantName = "[No Variations]"
Add component (AddParameter): Name = "Maximum Operating Temperature"; Value = "+150C"; VariantName = "[No Variations]"
Add component (AddParameter): Name = "Maximum Power Dissipation"; Value = "625mW"; VariantName = "[No Variations]"
Add component (AddParameter): Name = "Minimum Operating Temperature"; Value = "-55C"; VariantName = "[No Variations]"
Add component (AddParameter): Name = "Mounting Style"; Value = "ThroughHole"; VariantName = "[No Variations]"
Add component (AddParameter): Name = "Mounting Technology"; Value = "ThroughHole"; VariantName = "[No Variations]"
Add component (AddParameter): Name = "Package / Case"; Value = "TO-92-3KinkedLead"; VariantName = "[No Variations]"
Add component (AddParameter): Name = "Package Description"; Value = "3-Pin Transistor Outline Package, Body Dia 4.79 mm, Pitch 2.6 mm"; VariantName = "[No Variations]"
Add component (AddParameter): Name = "Package Reference"; Value = "TO-92"; VariantName = "[No Variations]"
Add component (AddParameter): Name = "Packaging"; Value = "Reel"; VariantName = "[No Variations]"
Add component (AddParameter): Name = "Product Category"; Value = "BipolarTransistors-BJT"; VariantName = "[No Variations]"
Add component (AddParameter): Name = "RoHS"; Value = "Details"; VariantName = "[No Variations]"
Add component (AddParameter): Name = "Series"; Value = "PN2222"; VariantName = "[No Variations]"
Add component (AddParameter): Name = "Transistor Polarity"; Value = "NPN"; VariantName = "[No Variations]"
Add component (AddParameter): Name = "Unit Weight"; Value = "0.008466oz"; VariantName = "[No Variations]"
Added Component: Designator=Q12(FAIR-TO-92-3)
Add component (AddParameter): Name = "<PCN>"; Value = "http://www.mouser.com/PCN/3.26.10LTBDFairchild.pdf"; VariantName = "[No Variations]"
Add component (AddParameter): Name = "Brand"; Value = "FairchildSemiconductor"; VariantName = "[No Variations]"
Add component (AddParameter): Name = "Collector- Base Voltage VCBO"; Value = "75V"; VariantName = "[No Variations]"
Add component (AddParameter): Name = "Collector- Emitter Voltage VCEO Max"; Value = "40V"; VariantName = "[No Variations]"
Add component (AddParameter): Name = "Collector-Emitter Saturation Voltage"; Value = "1V"; VariantName = "[No Variations]"
Add component (AddParameter): Name = "Configuration"; Value = "Single"; VariantName = "[No Variations]"
Add component (AddParameter): Name = "Datasheet URL"; Value = "https://www.fairchildsemi.com/datasheets/PN/PN2222A.pdf"; VariantName = "[No Variations]"
Add component (AddParameter): Name = "Datasheet Version"; Value = "Rev. 1.1.0, 07/2014"; VariantName = "[No Variations]"
Add component (AddParameter): Name = "DC Collector/Base Gain hfe Min"; Value = "100"; VariantName = "[No Variations]"
Add component (AddParameter): Name = "DC Current Gain hFE Max"; Value = "300"; VariantName = "[No Variations]"
Add component (AddParameter): Name = "Emitter- Base Voltage VEBO"; Value = "6V"; VariantName = "[No Variations]"
Add component (AddParameter): Name = "Factory Pack Quantity"; Value = "2000"; VariantName = "[No Variations]"
Add component (AddParameter): Name = "Gain Bandwidth Product fT"; Value = "300MHz"; VariantName = "[No Variations]"
Add component (AddParameter): Name = "Manufacturer"; Value = "FairchildSemiconductor"; VariantName = "[No Variations]"
Add component (AddParameter): Name = "Manufacturer URL"; Value = "https://www.fairchildsemi.com/"; VariantName = "[No Variations]"
Add component (AddParameter): Name = "Maximum DC Collector Current"; Value = "1A"; VariantName = "[No Variations]"
Add component (AddParameter): Name = "Maximum Operating Temperature"; Value = "+150C"; VariantName = "[No Variations]"
Add component (AddParameter): Name = "Maximum Power Dissipation"; Value = "625mW"; VariantName = "[No Variations]"
Add component (AddParameter): Name = "Minimum Operating Temperature"; Value = "-55C"; VariantName = "[No Variations]"
Add component (AddParameter): Name = "Mounting Style"; Value = "ThroughHole"; VariantName = "[No Variations]"
Add component (AddParameter): Name = "Mounting Technology"; Value = "ThroughHole"; VariantName = "[No Variations]"
Add component (AddParameter): Name = "Package / Case"; Value = "TO-92-3KinkedLead"; VariantName = "[No Variations]"
Add component (AddParameter): Name = "Package Description"; Value = "3-Pin Transistor Outline Package, Body Dia 4.79 mm, Pitch 2.6 mm"; VariantName = "[No Variations]"
Add component (AddParameter): Name = "Package Reference"; Value = "TO-92"; VariantName = "[No Variations]"
Add component (AddParameter): Name = "Packaging"; Value = "Reel"; VariantName = "[No Variations]"
Add component (AddParameter): Name = "Product Category"; Value = "BipolarTransistors-BJT"; VariantName = "[No Variations]"
Add component (AddParameter): Name = "RoHS"; Value = "Details"; VariantName = "[No Variations]"
Add component (AddParameter): Name = "Series"; Value = "PN2222"; VariantName = "[No Variations]"
Add component (AddParameter): Name = "Transistor Polarity"; Value = "NPN"; VariantName = "[No Variations]"
Add component (AddParameter): Name = "Unit Weight"; Value = "0.008466oz"; VariantName = "[No Variations]"
Added Component: Designator=Q13(FP-PC817X1J000F-MFG)
Add component (AddParameter): Name = "Case/Package"; Value = "DIP"; VariantName = "[No Variations]"
Add component (AddParameter): Name = "Collector Emitter Breakdown Voltage"; Value = "80V"; VariantName = "[No Variations]"
Add component (AddParameter): Name = "Collector Emitter Saturation Voltage"; Value = "200mV"; VariantName = "[No Variations]"
Add component (AddParameter): Name = "Collector Emitter Voltage (VCEO)"; Value = "80V"; VariantName = "[No Variations]"
Add component (AddParameter): Name = "Current Transfer Ratio"; Value = "600%"; VariantName = "[No Variations]"
Add component (AddParameter): Name = "Fall Time"; Value = "18000ns"; VariantName = "[No Variations]"
Add component (AddParameter): Name = "Forward Current"; Value = "50mA"; VariantName = "[No Variations]"
Add component (AddParameter): Name = "Forward Voltage"; Value = "1.4V"; VariantName = "[No Variations]"
Add component (AddParameter): Name = "Input Current"; Value = "20mA"; VariantName = "[No Variations]"
Add component (AddParameter): Name = "Isolation Voltage"; Value = "5kV"; VariantName = "[No Variations]"
Add component (AddParameter): Name = "Max Collector Current"; Value = "50mA"; VariantName = "[No Variations]"
Add component (AddParameter): Name = "Max Input Current"; Value = "50mA"; VariantName = "[No Variations]"
Add component (AddParameter): Name = "Max Operating Temperature"; Value = "100°C"; VariantName = "[No Variations]"
Add component (AddParameter): Name = "Max Power Dissipation"; Value = "200mW"; VariantName = "[No Variations]"
Add component (AddParameter): Name = "Min Operating Temperature"; Value = "-30°C"; VariantName = "[No Variations]"
Add component (AddParameter): Name = "Mount"; Value = "Through Hole"; VariantName = "[No Variations]"
Add component (AddParameter): Name = "Number of Channels"; Value = "1"; VariantName = "[No Variations]"
Add component (AddParameter): Name = "Number of Elements"; Value = "1"; VariantName = "[No Variations]"
Add component (AddParameter): Name = "Number of Pins"; Value = "4"; VariantName = "[No Variations]"
Add component (AddParameter): Name = "Output Current per Channel"; Value = "50mA"; VariantName = "[No Variations]"
Add component (AddParameter): Name = "Output Voltage"; Value = "80V"; VariantName = "[No Variations]"
Add component (AddParameter): Name = "Package Quantity"; Value = "2000"; VariantName = "[No Variations]"
Add component (AddParameter): Name = "Packaging"; Value = "Sleeve"; VariantName = "[No Variations]"
Add component (AddParameter): Name = "Power Dissipation"; Value = "200mW"; VariantName = "[No Variations]"
Add component (AddParameter): Name = "Radiation Hardening"; Value = "No"; VariantName = "[No Variations]"
Add component (AddParameter): Name = "Reverse Breakdown Voltage"; Value = "6V"; VariantName = "[No Variations]"
Add component (AddParameter): Name = "Rise Time"; Value = "18000ns"; VariantName = "[No Variations]"
Added Component: Designator=Q14(FP-PC817X1J000F-MFG)
Add component (AddParameter): Name = "Case/Package"; Value = "DIP"; VariantName = "[No Variations]"
Add component (AddParameter): Name = "Collector Emitter Breakdown Voltage"; Value = "80V"; VariantName = "[No Variations]"
Add component (AddParameter): Name = "Collector Emitter Saturation Voltage"; Value = "200mV"; VariantName = "[No Variations]"
Add component (AddParameter): Name = "Collector Emitter Voltage (VCEO)"; Value = "80V"; VariantName = "[No Variations]"
Add component (AddParameter): Name = "Current Transfer Ratio"; Value = "600%"; VariantName = "[No Variations]"
Add component (AddParameter): Name = "Fall Time"; Value = "18000ns"; VariantName = "[No Variations]"
Add component (AddParameter): Name = "Forward Current"; Value = "50mA"; VariantName = "[No Variations]"
Add component (AddParameter): Name = "Forward Voltage"; Value = "1.4V"; VariantName = "[No Variations]"
Add component (AddParameter): Name = "Input Current"; Value = "20mA"; VariantName = "[No Variations]"
Add component (AddParameter): Name = "Isolation Voltage"; Value = "5kV"; VariantName = "[No Variations]"
Add component (AddParameter): Name = "Max Collector Current"; Value = "50mA"; VariantName = "[No Variations]"
Add component (AddParameter): Name = "Max Input Current"; Value = "50mA"; VariantName = "[No Variations]"
Add component (AddParameter): Name = "Max Operating Temperature"; Value = "100°C"; VariantName = "[No Variations]"
Add component (AddParameter): Name = "Max Power Dissipation"; Value = "200mW"; VariantName = "[No Variations]"
Add component (AddParameter): Name = "Min Operating Temperature"; Value = "-30°C"; VariantName = "[No Variations]"
Add component (AddParameter): Name = "Mount"; Value = "Through Hole"; VariantName = "[No Variations]"
Add component (AddParameter): Name = "Number of Channels"; Value = "1"; VariantName = "[No Variations]"
Add component (AddParameter): Name = "Number of Elements"; Value = "1"; VariantName = "[No Variations]"
Add component (AddParameter): Name = "Number of Pins"; Value = "4"; VariantName = "[No Variations]"
Add component (AddParameter): Name = "Output Current per Channel"; Value = "50mA"; VariantName = "[No Variations]"
Add component (AddParameter): Name = "Output Voltage"; Value = "80V"; VariantName = "[No Variations]"
Add component (AddParameter): Name = "Package Quantity"; Value = "2000"; VariantName = "[No Variations]"
Add component (AddParameter): Name = "Packaging"; Value = "Sleeve"; VariantName = "[No Variations]"
Add component (AddParameter): Name = "Power Dissipation"; Value = "200mW"; VariantName = "[No Variations]"
Add component (AddParameter): Name = "Radiation Hardening"; Value = "No"; VariantName = "[No Variations]"
Add component (AddParameter): Name = "Reverse Breakdown Voltage"; Value = "6V"; VariantName = "[No Variations]"
Add component (AddParameter): Name = "Rise Time"; Value = "18000ns"; VariantName = "[No Variations]"
Added Component: Designator=Q15(FP-PC817X1J000F-MFG)
Add component (AddParameter): Name = "Case/Package"; Value = "DIP"; VariantName = "[No Variations]"
Add component (AddParameter): Name = "Collector Emitter Breakdown Voltage"; Value = "80V"; VariantName = "[No Variations]"
Add component (AddParameter): Name = "Collector Emitter Saturation Voltage"; Value = "200mV"; VariantName = "[No Variations]"
Add component (AddParameter): Name = "Collector Emitter Voltage (VCEO)"; Value = "80V"; VariantName = "[No Variations]"
Add component (AddParameter): Name = "Current Transfer Ratio"; Value = "600%"; VariantName = "[No Variations]"
Add component (AddParameter): Name = "Fall Time"; Value = "18000ns"; VariantName = "[No Variations]"
Add component (AddParameter): Name = "Forward Current"; Value = "50mA"; VariantName = "[No Variations]"
Add component (AddParameter): Name = "Forward Voltage"; Value = "1.4V"; VariantName = "[No Variations]"
Add component (AddParameter): Name = "Input Current"; Value = "20mA"; VariantName = "[No Variations]"
Add component (AddParameter): Name = "Isolation Voltage"; Value = "5kV"; VariantName = "[No Variations]"
Add component (AddParameter): Name = "Max Collector Current"; Value = "50mA"; VariantName = "[No Variations]"
Add component (AddParameter): Name = "Max Input Current"; Value = "50mA"; VariantName = "[No Variations]"
Add component (AddParameter): Name = "Max Operating Temperature"; Value = "100°C"; VariantName = "[No Variations]"
Add component (AddParameter): Name = "Max Power Dissipation"; Value = "200mW"; VariantName = "[No Variations]"
Add component (AddParameter): Name = "Min Operating Temperature"; Value = "-30°C"; VariantName = "[No Variations]"
Add component (AddParameter): Name = "Mount"; Value = "Through Hole"; VariantName = "[No Variations]"
Add component (AddParameter): Name = "Number of Channels"; Value = "1"; VariantName = "[No Variations]"
Add component (AddParameter): Name = "Number of Elements"; Value = "1"; VariantName = "[No Variations]"
Add component (AddParameter): Name = "Number of Pins"; Value = "4"; VariantName = "[No Variations]"
Add component (AddParameter): Name = "Output Current per Channel"; Value = "50mA"; VariantName = "[No Variations]"
Add component (AddParameter): Name = "Output Voltage"; Value = "80V"; VariantName = "[No Variations]"
Add component (AddParameter): Name = "Package Quantity"; Value = "2000"; VariantName = "[No Variations]"
Add component (AddParameter): Name = "Packaging"; Value = "Sleeve"; VariantName = "[No Variations]"
Add component (AddParameter): Name = "Power Dissipation"; Value = "200mW"; VariantName = "[No Variations]"
Add component (AddParameter): Name = "Radiation Hardening"; Value = "No"; VariantName = "[No Variations]"
Add component (AddParameter): Name = "Reverse Breakdown Voltage"; Value = "6V"; VariantName = "[No Variations]"
Add component (AddParameter): Name = "Rise Time"; Value = "18000ns"; VariantName = "[No Variations]"
Added Component: Designator=Q16(FAIR-TO-92-3)
Add component (AddParameter): Name = "<PCN>"; Value = "http://www.mouser.com/PCN/3.26.10LTBDFairchild.pdf"; VariantName = "[No Variations]"
Add component (AddParameter): Name = "Brand"; Value = "FairchildSemiconductor"; VariantName = "[No Variations]"
Add component (AddParameter): Name = "Collector- Base Voltage VCBO"; Value = "75V"; VariantName = "[No Variations]"
Add component (AddParameter): Name = "Collector- Emitter Voltage VCEO Max"; Value = "40V"; VariantName = "[No Variations]"
Add component (AddParameter): Name = "Collector-Emitter Saturation Voltage"; Value = "1V"; VariantName = "[No Variations]"
Add component (AddParameter): Name = "Configuration"; Value = "Single"; VariantName = "[No Variations]"
Add component (AddParameter): Name = "Datasheet URL"; Value = "https://www.fairchildsemi.com/datasheets/PN/PN2222A.pdf"; VariantName = "[No Variations]"
Add component (AddParameter): Name = "Datasheet Version"; Value = "Rev. 1.1.0, 07/2014"; VariantName = "[No Variations]"
Add component (AddParameter): Name = "DC Collector/Base Gain hfe Min"; Value = "100"; VariantName = "[No Variations]"
Add component (AddParameter): Name = "DC Current Gain hFE Max"; Value = "300"; VariantName = "[No Variations]"
Add component (AddParameter): Name = "Emitter- Base Voltage VEBO"; Value = "6V"; VariantName = "[No Variations]"
Add component (AddParameter): Name = "Factory Pack Quantity"; Value = "2000"; VariantName = "[No Variations]"
Add component (AddParameter): Name = "Gain Bandwidth Product fT"; Value = "300MHz"; VariantName = "[No Variations]"
Add component (AddParameter): Name = "Manufacturer"; Value = "FairchildSemiconductor"; VariantName = "[No Variations]"
Add component (AddParameter): Name = "Manufacturer URL"; Value = "https://www.fairchildsemi.com/"; VariantName = "[No Variations]"
Add component (AddParameter): Name = "Maximum DC Collector Current"; Value = "1A"; VariantName = "[No Variations]"
Add component (AddParameter): Name = "Maximum Operating Temperature"; Value = "+150C"; VariantName = "[No Variations]"
Add component (AddParameter): Name = "Maximum Power Dissipation"; Value = "625mW"; VariantName = "[No Variations]"
Add component (AddParameter): Name = "Minimum Operating Temperature"; Value = "-55C"; VariantName = "[No Variations]"
Add component (AddParameter): Name = "Mounting Style"; Value = "ThroughHole"; VariantName = "[No Variations]"
Add component (AddParameter): Name = "Mounting Technology"; Value = "ThroughHole"; VariantName = "[No Variations]"
Add component (AddParameter): Name = "Package / Case"; Value = "TO-92-3KinkedLead"; VariantName = "[No Variations]"
Add component (AddParameter): Name = "Package Description"; Value = "3-Pin Transistor Outline Package, Body Dia 4.79 mm, Pitch 2.6 mm"; VariantName = "[No Variations]"
Add component (AddParameter): Name = "Package Reference"; Value = "TO-92"; VariantName = "[No Variations]"
Add component (AddParameter): Name = "Packaging"; Value = "Reel"; VariantName = "[No Variations]"
Add component (AddParameter): Name = "Product Category"; Value = "BipolarTransistors-BJT"; VariantName = "[No Variations]"
Add component (AddParameter): Name = "RoHS"; Value = "Details"; VariantName = "[No Variations]"
Add component (AddParameter): Name = "Series"; Value = "PN2222"; VariantName = "[No Variations]"
Add component (AddParameter): Name = "Transistor Polarity"; Value = "NPN"; VariantName = "[No Variations]"
Add component (AddParameter): Name = "Unit Weight"; Value = "0.008466oz"; VariantName = "[No Variations]"
Added Component: Designator=Q17(FAIR-TO-92-3)
Add component (AddParameter): Name = "<PCN>"; Value = "http://www.mouser.com/PCN/3.26.10LTBDFairchild.pdf"; VariantName = "[No Variations]"
Add component (AddParameter): Name = "Brand"; Value = "FairchildSemiconductor"; VariantName = "[No Variations]"
Add component (AddParameter): Name = "Collector- Base Voltage VCBO"; Value = "75V"; VariantName = "[No Variations]"
Add component (AddParameter): Name = "Collector- Emitter Voltage VCEO Max"; Value = "40V"; VariantName = "[No Variations]"
Add component (AddParameter): Name = "Collector-Emitter Saturation Voltage"; Value = "1V"; VariantName = "[No Variations]"
Add component (AddParameter): Name = "Configuration"; Value = "Single"; VariantName = "[No Variations]"
Add component (AddParameter): Name = "Datasheet URL"; Value = "https://www.fairchildsemi.com/datasheets/PN/PN2222A.pdf"; VariantName = "[No Variations]"
Add component (AddParameter): Name = "Datasheet Version"; Value = "Rev. 1.1.0, 07/2014"; VariantName = "[No Variations]"
Add component (AddParameter): Name = "DC Collector/Base Gain hfe Min"; Value = "100"; VariantName = "[No Variations]"
Add component (AddParameter): Name = "DC Current Gain hFE Max"; Value = "300"; VariantName = "[No Variations]"
Add component (AddParameter): Name = "Emitter- Base Voltage VEBO"; Value = "6V"; VariantName = "[No Variations]"
Add component (AddParameter): Name = "Factory Pack Quantity"; Value = "2000"; VariantName = "[No Variations]"
Add component (AddParameter): Name = "Gain Bandwidth Product fT"; Value = "300MHz"; VariantName = "[No Variations]"
Add component (AddParameter): Name = "Manufacturer"; Value = "FairchildSemiconductor"; VariantName = "[No Variations]"
Add component (AddParameter): Name = "Manufacturer URL"; Value = "https://www.fairchildsemi.com/"; VariantName = "[No Variations]"
Add component (AddParameter): Name = "Maximum DC Collector Current"; Value = "1A"; VariantName = "[No Variations]"
Add component (AddParameter): Name = "Maximum Operating Temperature"; Value = "+150C"; VariantName = "[No Variations]"
Add component (AddParameter): Name = "Maximum Power Dissipation"; Value = "625mW"; VariantName = "[No Variations]"
Add component (AddParameter): Name = "Minimum Operating Temperature"; Value = "-55C"; VariantName = "[No Variations]"
Add component (AddParameter): Name = "Mounting Style"; Value = "ThroughHole"; VariantName = "[No Variations]"
Add component (AddParameter): Name = "Mounting Technology"; Value = "ThroughHole"; VariantName = "[No Variations]"
Add component (AddParameter): Name = "Package / Case"; Value = "TO-92-3KinkedLead"; VariantName = "[No Variations]"
Add component (AddParameter): Name = "Package Description"; Value = "3-Pin Transistor Outline Package, Body Dia 4.79 mm, Pitch 2.6 mm"; VariantName = "[No Variations]"
Add component (AddParameter): Name = "Package Reference"; Value = "TO-92"; VariantName = "[No Variations]"
Add component (AddParameter): Name = "Packaging"; Value = "Reel"; VariantName = "[No Variations]"
Add component (AddParameter): Name = "Product Category"; Value = "BipolarTransistors-BJT"; VariantName = "[No Variations]"
Add component (AddParameter): Name = "RoHS"; Value = "Details"; VariantName = "[No Variations]"
Add component (AddParameter): Name = "Series"; Value = "PN2222"; VariantName = "[No Variations]"
Add component (AddParameter): Name = "Transistor Polarity"; Value = "NPN"; VariantName = "[No Variations]"
Add component (AddParameter): Name = "Unit Weight"; Value = "0.008466oz"; VariantName = "[No Variations]"
Added Component: Designator=Q18(FAIR-TO-92-3)
Add component (AddParameter): Name = "<PCN>"; Value = "http://www.mouser.com/PCN/3.26.10LTBDFairchild.pdf"; VariantName = "[No Variations]"
Add component (AddParameter): Name = "Brand"; Value = "FairchildSemiconductor"; VariantName = "[No Variations]"
Add component (AddParameter): Name = "Collector- Base Voltage VCBO"; Value = "75V"; VariantName = "[No Variations]"
Add component (AddParameter): Name = "Collector- Emitter Voltage VCEO Max"; Value = "40V"; VariantName = "[No Variations]"
Add component (AddParameter): Name = "Collector-Emitter Saturation Voltage"; Value = "1V"; VariantName = "[No Variations]"
Add component (AddParameter): Name = "Configuration"; Value = "Single"; VariantName = "[No Variations]"
Add component (AddParameter): Name = "Datasheet URL"; Value = "https://www.fairchildsemi.com/datasheets/PN/PN2222A.pdf"; VariantName = "[No Variations]"
Add component (AddParameter): Name = "Datasheet Version"; Value = "Rev. 1.1.0, 07/2014"; VariantName = "[No Variations]"
Add component (AddParameter): Name = "DC Collector/Base Gain hfe Min"; Value = "100"; VariantName = "[No Variations]"
Add component (AddParameter): Name = "DC Current Gain hFE Max"; Value = "300"; VariantName = "[No Variations]"
Add component (AddParameter): Name = "Emitter- Base Voltage VEBO"; Value = "6V"; VariantName = "[No Variations]"
Add component (AddParameter): Name = "Factory Pack Quantity"; Value = "2000"; VariantName = "[No Variations]"
Add component (AddParameter): Name = "Gain Bandwidth Product fT"; Value = "300MHz"; VariantName = "[No Variations]"
Add component (AddParameter): Name = "Manufacturer"; Value = "FairchildSemiconductor"; VariantName = "[No Variations]"
Add component (AddParameter): Name = "Manufacturer URL"; Value = "https://www.fairchildsemi.com/"; VariantName = "[No Variations]"
Add component (AddParameter): Name = "Maximum DC Collector Current"; Value = "1A"; VariantName = "[No Variations]"
Add component (AddParameter): Name = "Maximum Operating Temperature"; Value = "+150C"; VariantName = "[No Variations]"
Add component (AddParameter): Name = "Maximum Power Dissipation"; Value = "625mW"; VariantName = "[No Variations]"
Add component (AddParameter): Name = "Minimum Operating Temperature"; Value = "-55C"; VariantName = "[No Variations]"
Add component (AddParameter): Name = "Mounting Style"; Value = "ThroughHole"; VariantName = "[No Variations]"
Add component (AddParameter): Name = "Mounting Technology"; Value = "ThroughHole"; VariantName = "[No Variations]"
Add component (AddParameter): Name = "Package / Case"; Value = "TO-92-3KinkedLead"; VariantName = "[No Variations]"
Add component (AddParameter): Name = "Package Description"; Value = "3-Pin Transistor Outline Package, Body Dia 4.79 mm, Pitch 2.6 mm"; VariantName = "[No Variations]"
Add component (AddParameter): Name = "Package Reference"; Value = "TO-92"; VariantName = "[No Variations]"
Add component (AddParameter): Name = "Packaging"; Value = "Reel"; VariantName = "[No Variations]"
Add component (AddParameter): Name = "Product Category"; Value = "BipolarTransistors-BJT"; VariantName = "[No Variations]"
Add component (AddParameter): Name = "RoHS"; Value = "Details"; VariantName = "[No Variations]"
Add component (AddParameter): Name = "Series"; Value = "PN2222"; VariantName = "[No Variations]"
Add component (AddParameter): Name = "Transistor Polarity"; Value = "NPN"; VariantName = "[No Variations]"
Add component (AddParameter): Name = "Unit Weight"; Value = "0.008466oz"; VariantName = "[No Variations]"
Added Component: Designator=Q19(FAIR-TO-92-3)
Add component (AddParameter): Name = "<PCN>"; Value = "http://www.mouser.com/PCN/3.26.10LTBDFairchild.pdf"; VariantName = "[No Variations]"
Add component (AddParameter): Name = "Brand"; Value = "FairchildSemiconductor"; VariantName = "[No Variations]"
Add component (AddParameter): Name = "Collector- Base Voltage VCBO"; Value = "75V"; VariantName = "[No Variations]"
Add component (AddParameter): Name = "Collector- Emitter Voltage VCEO Max"; Value = "40V"; VariantName = "[No Variations]"
Add component (AddParameter): Name = "Collector-Emitter Saturation Voltage"; Value = "1V"; VariantName = "[No Variations]"
Add component (AddParameter): Name = "Configuration"; Value = "Single"; VariantName = "[No Variations]"
Add component (AddParameter): Name = "Datasheet URL"; Value = "https://www.fairchildsemi.com/datasheets/PN/PN2222A.pdf"; VariantName = "[No Variations]"
Add component (AddParameter): Name = "Datasheet Version"; Value = "Rev. 1.1.0, 07/2014"; VariantName = "[No Variations]"
Add component (AddParameter): Name = "DC Collector/Base Gain hfe Min"; Value = "100"; VariantName = "[No Variations]"
Add component (AddParameter): Name = "DC Current Gain hFE Max"; Value = "300"; VariantName = "[No Variations]"
Add component (AddParameter): Name = "Emitter- Base Voltage VEBO"; Value = "6V"; VariantName = "[No Variations]"
Add component (AddParameter): Name = "Factory Pack Quantity"; Value = "2000"; VariantName = "[No Variations]"
Add component (AddParameter): Name = "Gain Bandwidth Product fT"; Value = "300MHz"; VariantName = "[No Variations]"
Add component (AddParameter): Name = "Manufacturer"; Value = "FairchildSemiconductor"; VariantName = "[No Variations]"
Add component (AddParameter): Name = "Manufacturer URL"; Value = "https://www.fairchildsemi.com/"; VariantName = "[No Variations]"
Add component (AddParameter): Name = "Maximum DC Collector Current"; Value = "1A"; VariantName = "[No Variations]"
Add component (AddParameter): Name = "Maximum Operating Temperature"; Value = "+150C"; VariantName = "[No Variations]"
Add component (AddParameter): Name = "Maximum Power Dissipation"; Value = "625mW"; VariantName = "[No Variations]"
Add component (AddParameter): Name = "Minimum Operating Temperature"; Value = "-55C"; VariantName = "[No Variations]"
Add component (AddParameter): Name = "Mounting Style"; Value = "ThroughHole"; VariantName = "[No Variations]"
Add component (AddParameter): Name = "Mounting Technology"; Value = "ThroughHole"; VariantName = "[No Variations]"
Add component (AddParameter): Name = "Package / Case"; Value = "TO-92-3KinkedLead"; VariantName = "[No Variations]"
Add component (AddParameter): Name = "Package Description"; Value = "3-Pin Transistor Outline Package, Body Dia 4.79 mm, Pitch 2.6 mm"; VariantName = "[No Variations]"
Add component (AddParameter): Name = "Package Reference"; Value = "TO-92"; VariantName = "[No Variations]"
Add component (AddParameter): Name = "Packaging"; Value = "Reel"; VariantName = "[No Variations]"
Add component (AddParameter): Name = "Product Category"; Value = "BipolarTransistors-BJT"; VariantName = "[No Variations]"
Add component (AddParameter): Name = "RoHS"; Value = "Details"; VariantName = "[No Variations]"
Add component (AddParameter): Name = "Series"; Value = "PN2222"; VariantName = "[No Variations]"
Add component (AddParameter): Name = "Transistor Polarity"; Value = "NPN"; VariantName = "[No Variations]"
Add component (AddParameter): Name = "Unit Weight"; Value = "0.008466oz"; VariantName = "[No Variations]"
Added Component: Designator=Q20(FAIR-TO-92-3)
Add component (AddParameter): Name = "<PCN>"; Value = "http://www.mouser.com/PCN/3.26.10LTBDFairchild.pdf"; VariantName = "[No Variations]"
Add component (AddParameter): Name = "Brand"; Value = "FairchildSemiconductor"; VariantName = "[No Variations]"
Add component (AddParameter): Name = "Collector- Base Voltage VCBO"; Value = "75V"; VariantName = "[No Variations]"
Add component (AddParameter): Name = "Collector- Emitter Voltage VCEO Max"; Value = "40V"; VariantName = "[No Variations]"
Add component (AddParameter): Name = "Collector-Emitter Saturation Voltage"; Value = "1V"; VariantName = "[No Variations]"
Add component (AddParameter): Name = "Configuration"; Value = "Single"; VariantName = "[No Variations]"
Add component (AddParameter): Name = "Datasheet URL"; Value = "https://www.fairchildsemi.com/datasheets/PN/PN2222A.pdf"; VariantName = "[No Variations]"
Add component (AddParameter): Name = "Datasheet Version"; Value = "Rev. 1.1.0, 07/2014"; VariantName = "[No Variations]"
Add component (AddParameter): Name = "DC Collector/Base Gain hfe Min"; Value = "100"; VariantName = "[No Variations]"
Add component (AddParameter): Name = "DC Current Gain hFE Max"; Value = "300"; VariantName = "[No Variations]"
Add component (AddParameter): Name = "Emitter- Base Voltage VEBO"; Value = "6V"; VariantName = "[No Variations]"
Add component (AddParameter): Name = "Factory Pack Quantity"; Value = "2000"; VariantName = "[No Variations]"
Add component (AddParameter): Name = "Gain Bandwidth Product fT"; Value = "300MHz"; VariantName = "[No Variations]"
Add component (AddParameter): Name = "Manufacturer"; Value = "FairchildSemiconductor"; VariantName = "[No Variations]"
Add component (AddParameter): Name = "Manufacturer URL"; Value = "https://www.fairchildsemi.com/"; VariantName = "[No Variations]"
Add component (AddParameter): Name = "Maximum DC Collector Current"; Value = "1A"; VariantName = "[No Variations]"
Add component (AddParameter): Name = "Maximum Operating Temperature"; Value = "+150C"; VariantName = "[No Variations]"
Add component (AddParameter): Name = "Maximum Power Dissipation"; Value = "625mW"; VariantName = "[No Variations]"
Add component (AddParameter): Name = "Minimum Operating Temperature"; Value = "-55C"; VariantName = "[No Variations]"
Add component (AddParameter): Name = "Mounting Style"; Value = "ThroughHole"; VariantName = "[No Variations]"
Add component (AddParameter): Name = "Mounting Technology"; Value = "ThroughHole"; VariantName = "[No Variations]"
Add component (AddParameter): Name = "Package / Case"; Value = "TO-92-3KinkedLead"; VariantName = "[No Variations]"
Add component (AddParameter): Name = "Package Description"; Value = "3-Pin Transistor Outline Package, Body Dia 4.79 mm, Pitch 2.6 mm"; VariantName = "[No Variations]"
Add component (AddParameter): Name = "Package Reference"; Value = "TO-92"; VariantName = "[No Variations]"
Add component (AddParameter): Name = "Packaging"; Value = "Reel"; VariantName = "[No Variations]"
Add component (AddParameter): Name = "Product Category"; Value = "BipolarTransistors-BJT"; VariantName = "[No Variations]"
Add component (AddParameter): Name = "RoHS"; Value = "Details"; VariantName = "[No Variations]"
Add component (AddParameter): Name = "Series"; Value = "PN2222"; VariantName = "[No Variations]"
Add component (AddParameter): Name = "Transistor Polarity"; Value = "NPN"; VariantName = "[No Variations]"
Add component (AddParameter): Name = "Unit Weight"; Value = "0.008466oz"; VariantName = "[No Variations]"
Added Component: Designator=Q21(FAIR-TO-92-3)
Add component (AddParameter): Name = "<PCN>"; Value = "http://www.mouser.com/PCN/3.26.10LTBDFairchild.pdf"; VariantName = "[No Variations]"
Add component (AddParameter): Name = "Brand"; Value = "FairchildSemiconductor"; VariantName = "[No Variations]"
Add component (AddParameter): Name = "Collector- Base Voltage VCBO"; Value = "75V"; VariantName = "[No Variations]"
Add component (AddParameter): Name = "Collector- Emitter Voltage VCEO Max"; Value = "40V"; VariantName = "[No Variations]"
Add component (AddParameter): Name = "Collector-Emitter Saturation Voltage"; Value = "1V"; VariantName = "[No Variations]"
Add component (AddParameter): Name = "Configuration"; Value = "Single"; VariantName = "[No Variations]"
Add component (AddParameter): Name = "Datasheet URL"; Value = "https://www.fairchildsemi.com/datasheets/PN/PN2222A.pdf"; VariantName = "[No Variations]"
Add component (AddParameter): Name = "Datasheet Version"; Value = "Rev. 1.1.0, 07/2014"; VariantName = "[No Variations]"
Add component (AddParameter): Name = "DC Collector/Base Gain hfe Min"; Value = "100"; VariantName = "[No Variations]"
Add component (AddParameter): Name = "DC Current Gain hFE Max"; Value = "300"; VariantName = "[No Variations]"
Add component (AddParameter): Name = "Emitter- Base Voltage VEBO"; Value = "6V"; VariantName = "[No Variations]"
Add component (AddParameter): Name = "Factory Pack Quantity"; Value = "2000"; VariantName = "[No Variations]"
Add component (AddParameter): Name = "Gain Bandwidth Product fT"; Value = "300MHz"; VariantName = "[No Variations]"
Add component (AddParameter): Name = "Manufacturer"; Value = "FairchildSemiconductor"; VariantName = "[No Variations]"
Add component (AddParameter): Name = "Manufacturer URL"; Value = "https://www.fairchildsemi.com/"; VariantName = "[No Variations]"
Add component (AddParameter): Name = "Maximum DC Collector Current"; Value = "1A"; VariantName = "[No Variations]"
Add component (AddParameter): Name = "Maximum Operating Temperature"; Value = "+150C"; VariantName = "[No Variations]"
Add component (AddParameter): Name = "Maximum Power Dissipation"; Value = "625mW"; VariantName = "[No Variations]"
Add component (AddParameter): Name = "Minimum Operating Temperature"; Value = "-55C"; VariantName = "[No Variations]"
Add component (AddParameter): Name = "Mounting Style"; Value = "ThroughHole"; VariantName = "[No Variations]"
Add component (AddParameter): Name = "Mounting Technology"; Value = "ThroughHole"; VariantName = "[No Variations]"
Add component (AddParameter): Name = "Package / Case"; Value = "TO-92-3KinkedLead"; VariantName = "[No Variations]"
Add component (AddParameter): Name = "Package Description"; Value = "3-Pin Transistor Outline Package, Body Dia 4.79 mm, Pitch 2.6 mm"; VariantName = "[No Variations]"
Add component (AddParameter): Name = "Package Reference"; Value = "TO-92"; VariantName = "[No Variations]"
Add component (AddParameter): Name = "Packaging"; Value = "Reel"; VariantName = "[No Variations]"
Add component (AddParameter): Name = "Product Category"; Value = "BipolarTransistors-BJT"; VariantName = "[No Variations]"
Add component (AddParameter): Name = "RoHS"; Value = "Details"; VariantName = "[No Variations]"
Add component (AddParameter): Name = "Series"; Value = "PN2222"; VariantName = "[No Variations]"
Add component (AddParameter): Name = "Transistor Polarity"; Value = "NPN"; VariantName = "[No Variations]"
Add component (AddParameter): Name = "Unit Weight"; Value = "0.008466oz"; VariantName = "[No Variations]"
Added Component: Designator=Q22(FAIR-TO-92-3)
Add component (AddParameter): Name = "<PCN>"; Value = "http://www.mouser.com/PCN/3.26.10LTBDFairchild.pdf"; VariantName = "[No Variations]"
Add component (AddParameter): Name = "Brand"; Value = "FairchildSemiconductor"; VariantName = "[No Variations]"
Add component (AddParameter): Name = "Collector- Base Voltage VCBO"; Value = "75V"; VariantName = "[No Variations]"
Add component (AddParameter): Name = "Collector- Emitter Voltage VCEO Max"; Value = "40V"; VariantName = "[No Variations]"
Add component (AddParameter): Name = "Collector-Emitter Saturation Voltage"; Value = "1V"; VariantName = "[No Variations]"
Add component (AddParameter): Name = "Configuration"; Value = "Single"; VariantName = "[No Variations]"
Add component (AddParameter): Name = "Datasheet URL"; Value = "https://www.fairchildsemi.com/datasheets/PN/PN2222A.pdf"; VariantName = "[No Variations]"
Add component (AddParameter): Name = "Datasheet Version"; Value = "Rev. 1.1.0, 07/2014"; VariantName = "[No Variations]"
Add component (AddParameter): Name = "DC Collector/Base Gain hfe Min"; Value = "100"; VariantName = "[No Variations]"
Add component (AddParameter): Name = "DC Current Gain hFE Max"; Value = "300"; VariantName = "[No Variations]"
Add component (AddParameter): Name = "Emitter- Base Voltage VEBO"; Value = "6V"; VariantName = "[No Variations]"
Add component (AddParameter): Name = "Factory Pack Quantity"; Value = "2000"; VariantName = "[No Variations]"
Add component (AddParameter): Name = "Gain Bandwidth Product fT"; Value = "300MHz"; VariantName = "[No Variations]"
Add component (AddParameter): Name = "Manufacturer"; Value = "FairchildSemiconductor"; VariantName = "[No Variations]"
Add component (AddParameter): Name = "Manufacturer URL"; Value = "https://www.fairchildsemi.com/"; VariantName = "[No Variations]"
Add component (AddParameter): Name = "Maximum DC Collector Current"; Value = "1A"; VariantName = "[No Variations]"
Add component (AddParameter): Name = "Maximum Operating Temperature"; Value = "+150C"; VariantName = "[No Variations]"
Add component (AddParameter): Name = "Maximum Power Dissipation"; Value = "625mW"; VariantName = "[No Variations]"
Add component (AddParameter): Name = "Minimum Operating Temperature"; Value = "-55C"; VariantName = "[No Variations]"
Add component (AddParameter): Name = "Mounting Style"; Value = "ThroughHole"; VariantName = "[No Variations]"
Add component (AddParameter): Name = "Mounting Technology"; Value = "ThroughHole"; VariantName = "[No Variations]"
Add component (AddParameter): Name = "Package / Case"; Value = "TO-92-3KinkedLead"; VariantName = "[No Variations]"
Add component (AddParameter): Name = "Package Description"; Value = "3-Pin Transistor Outline Package, Body Dia 4.79 mm, Pitch 2.6 mm"; VariantName = "[No Variations]"
Add component (AddParameter): Name = "Package Reference"; Value = "TO-92"; VariantName = "[No Variations]"
Add component (AddParameter): Name = "Packaging"; Value = "Reel"; VariantName = "[No Variations]"
Add component (AddParameter): Name = "Product Category"; Value = "BipolarTransistors-BJT"; VariantName = "[No Variations]"
Add component (AddParameter): Name = "RoHS"; Value = "Details"; VariantName = "[No Variations]"
Add component (AddParameter): Name = "Series"; Value = "PN2222"; VariantName = "[No Variations]"
Add component (AddParameter): Name = "Transistor Polarity"; Value = "NPN"; VariantName = "[No Variations]"
Add component (AddParameter): Name = "Unit Weight"; Value = "0.008466oz"; VariantName = "[No Variations]"
Added Component: Designator=Q23(FAIR-TO-92-3)
Add component (AddParameter): Name = "<PCN>"; Value = "http://www.mouser.com/PCN/3.26.10LTBDFairchild.pdf"; VariantName = "[No Variations]"
Add component (AddParameter): Name = "Brand"; Value = "FairchildSemiconductor"; VariantName = "[No Variations]"
Add component (AddParameter): Name = "Collector- Base Voltage VCBO"; Value = "75V"; VariantName = "[No Variations]"
Add component (AddParameter): Name = "Collector- Emitter Voltage VCEO Max"; Value = "40V"; VariantName = "[No Variations]"
Add component (AddParameter): Name = "Collector-Emitter Saturation Voltage"; Value = "1V"; VariantName = "[No Variations]"
Add component (AddParameter): Name = "Configuration"; Value = "Single"; VariantName = "[No Variations]"
Add component (AddParameter): Name = "Datasheet URL"; Value = "https://www.fairchildsemi.com/datasheets/PN/PN2222A.pdf"; VariantName = "[No Variations]"
Add component (AddParameter): Name = "Datasheet Version"; Value = "Rev. 1.1.0, 07/2014"; VariantName = "[No Variations]"
Add component (AddParameter): Name = "DC Collector/Base Gain hfe Min"; Value = "100"; VariantName = "[No Variations]"
Add component (AddParameter): Name = "DC Current Gain hFE Max"; Value = "300"; VariantName = "[No Variations]"
Add component (AddParameter): Name = "Emitter- Base Voltage VEBO"; Value = "6V"; VariantName = "[No Variations]"
Add component (AddParameter): Name = "Factory Pack Quantity"; Value = "2000"; VariantName = "[No Variations]"
Add component (AddParameter): Name = "Gain Bandwidth Product fT"; Value = "300MHz"; VariantName = "[No Variations]"
Add component (AddParameter): Name = "Manufacturer"; Value = "FairchildSemiconductor"; VariantName = "[No Variations]"
Add component (AddParameter): Name = "Manufacturer URL"; Value = "https://www.fairchildsemi.com/"; VariantName = "[No Variations]"
Add component (AddParameter): Name = "Maximum DC Collector Current"; Value = "1A"; VariantName = "[No Variations]"
Add component (AddParameter): Name = "Maximum Operating Temperature"; Value = "+150C"; VariantName = "[No Variations]"
Add component (AddParameter): Name = "Maximum Power Dissipation"; Value = "625mW"; VariantName = "[No Variations]"
Add component (AddParameter): Name = "Minimum Operating Temperature"; Value = "-55C"; VariantName = "[No Variations]"
Add component (AddParameter): Name = "Mounting Style"; Value = "ThroughHole"; VariantName = "[No Variations]"
Add component (AddParameter): Name = "Mounting Technology"; Value = "ThroughHole"; VariantName = "[No Variations]"
Add component (AddParameter): Name = "Package / Case"; Value = "TO-92-3KinkedLead"; VariantName = "[No Variations]"
Add component (AddParameter): Name = "Package Description"; Value = "3-Pin Transistor Outline Package, Body Dia 4.79 mm, Pitch 2.6 mm"; VariantName = "[No Variations]"
Add component (AddParameter): Name = "Package Reference"; Value = "TO-92"; VariantName = "[No Variations]"
Add component (AddParameter): Name = "Packaging"; Value = "Reel"; VariantName = "[No Variations]"
Add component (AddParameter): Name = "Product Category"; Value = "BipolarTransistors-BJT"; VariantName = "[No Variations]"
Add component (AddParameter): Name = "RoHS"; Value = "Details"; VariantName = "[No Variations]"
Add component (AddParameter): Name = "Series"; Value = "PN2222"; VariantName = "[No Variations]"
Add component (AddParameter): Name = "Transistor Polarity"; Value = "NPN"; VariantName = "[No Variations]"
Add component (AddParameter): Name = "Unit Weight"; Value = "0.008466oz"; VariantName = "[No Variations]"
Added Component: Designator=Q24(FAIR-TO-92-3)
Add component (AddParameter): Name = "<PCN>"; Value = "http://www.mouser.com/PCN/3.26.10LTBDFairchild.pdf"; VariantName = "[No Variations]"
Add component (AddParameter): Name = "Brand"; Value = "FairchildSemiconductor"; VariantName = "[No Variations]"
Add component (AddParameter): Name = "Collector- Base Voltage VCBO"; Value = "75V"; VariantName = "[No Variations]"
Add component (AddParameter): Name = "Collector- Emitter Voltage VCEO Max"; Value = "40V"; VariantName = "[No Variations]"
Add component (AddParameter): Name = "Collector-Emitter Saturation Voltage"; Value = "1V"; VariantName = "[No Variations]"
Add component (AddParameter): Name = "Configuration"; Value = "Single"; VariantName = "[No Variations]"
Add component (AddParameter): Name = "Datasheet URL"; Value = "https://www.fairchildsemi.com/datasheets/PN/PN2222A.pdf"; VariantName = "[No Variations]"
Add component (AddParameter): Name = "Datasheet Version"; Value = "Rev. 1.1.0, 07/2014"; VariantName = "[No Variations]"
Add component (AddParameter): Name = "DC Collector/Base Gain hfe Min"; Value = "100"; VariantName = "[No Variations]"
Add component (AddParameter): Name = "DC Current Gain hFE Max"; Value = "300"; VariantName = "[No Variations]"
Add component (AddParameter): Name = "Emitter- Base Voltage VEBO"; Value = "6V"; VariantName = "[No Variations]"
Add component (AddParameter): Name = "Factory Pack Quantity"; Value = "2000"; VariantName = "[No Variations]"
Add component (AddParameter): Name = "Gain Bandwidth Product fT"; Value = "300MHz"; VariantName = "[No Variations]"
Add component (AddParameter): Name = "Manufacturer"; Value = "FairchildSemiconductor"; VariantName = "[No Variations]"
Add component (AddParameter): Name = "Manufacturer URL"; Value = "https://www.fairchildsemi.com/"; VariantName = "[No Variations]"
Add component (AddParameter): Name = "Maximum DC Collector Current"; Value = "1A"; VariantName = "[No Variations]"
Add component (AddParameter): Name = "Maximum Operating Temperature"; Value = "+150C"; VariantName = "[No Variations]"
Add component (AddParameter): Name = "Maximum Power Dissipation"; Value = "625mW"; VariantName = "[No Variations]"
Add component (AddParameter): Name = "Minimum Operating Temperature"; Value = "-55C"; VariantName = "[No Variations]"
Add component (AddParameter): Name = "Mounting Style"; Value = "ThroughHole"; VariantName = "[No Variations]"
Add component (AddParameter): Name = "Mounting Technology"; Value = "ThroughHole"; VariantName = "[No Variations]"
Add component (AddParameter): Name = "Package / Case"; Value = "TO-92-3KinkedLead"; VariantName = "[No Variations]"
Add component (AddParameter): Name = "Package Description"; Value = "3-Pin Transistor Outline Package, Body Dia 4.79 mm, Pitch 2.6 mm"; VariantName = "[No Variations]"
Add component (AddParameter): Name = "Package Reference"; Value = "TO-92"; VariantName = "[No Variations]"
Add component (AddParameter): Name = "Packaging"; Value = "Reel"; VariantName = "[No Variations]"
Add component (AddParameter): Name = "Product Category"; Value = "BipolarTransistors-BJT"; VariantName = "[No Variations]"
Add component (AddParameter): Name = "RoHS"; Value = "Details"; VariantName = "[No Variations]"
Add component (AddParameter): Name = "Series"; Value = "PN2222"; VariantName = "[No Variations]"
Add component (AddParameter): Name = "Transistor Polarity"; Value = "NPN"; VariantName = "[No Variations]"
Add component (AddParameter): Name = "Unit Weight"; Value = "0.008466oz"; VariantName = "[No Variations]"
Added Component: Designator=Q25(FAIR-TO-92-3)
Add component (AddParameter): Name = "<PCN>"; Value = "http://www.mouser.com/PCN/3.26.10LTBDFairchild.pdf"; VariantName = "[No Variations]"
Add component (AddParameter): Name = "Brand"; Value = "FairchildSemiconductor"; VariantName = "[No Variations]"
Add component (AddParameter): Name = "Collector- Base Voltage VCBO"; Value = "75V"; VariantName = "[No Variations]"
Add component (AddParameter): Name = "Collector- Emitter Voltage VCEO Max"; Value = "40V"; VariantName = "[No Variations]"
Add component (AddParameter): Name = "Collector-Emitter Saturation Voltage"; Value = "1V"; VariantName = "[No Variations]"
Add component (AddParameter): Name = "Configuration"; Value = "Single"; VariantName = "[No Variations]"
Add component (AddParameter): Name = "Datasheet URL"; Value = "https://www.fairchildsemi.com/datasheets/PN/PN2222A.pdf"; VariantName = "[No Variations]"
Add component (AddParameter): Name = "Datasheet Version"; Value = "Rev. 1.1.0, 07/2014"; VariantName = "[No Variations]"
Add component (AddParameter): Name = "DC Collector/Base Gain hfe Min"; Value = "100"; VariantName = "[No Variations]"
Add component (AddParameter): Name = "DC Current Gain hFE Max"; Value = "300"; VariantName = "[No Variations]"
Add component (AddParameter): Name = "Emitter- Base Voltage VEBO"; Value = "6V"; VariantName = "[No Variations]"
Add component (AddParameter): Name = "Factory Pack Quantity"; Value = "2000"; VariantName = "[No Variations]"
Add component (AddParameter): Name = "Gain Bandwidth Product fT"; Value = "300MHz"; VariantName = "[No Variations]"
Add component (AddParameter): Name = "Manufacturer"; Value = "FairchildSemiconductor"; VariantName = "[No Variations]"
Add component (AddParameter): Name = "Manufacturer URL"; Value = "https://www.fairchildsemi.com/"; VariantName = "[No Variations]"
Add component (AddParameter): Name = "Maximum DC Collector Current"; Value = "1A"; VariantName = "[No Variations]"
Add component (AddParameter): Name = "Maximum Operating Temperature"; Value = "+150C"; VariantName = "[No Variations]"
Add component (AddParameter): Name = "Maximum Power Dissipation"; Value = "625mW"; VariantName = "[No Variations]"
Add component (AddParameter): Name = "Minimum Operating Temperature"; Value = "-55C"; VariantName = "[No Variations]"
Add component (AddParameter): Name = "Mounting Style"; Value = "ThroughHole"; VariantName = "[No Variations]"
Add component (AddParameter): Name = "Mounting Technology"; Value = "ThroughHole"; VariantName = "[No Variations]"
Add component (AddParameter): Name = "Package / Case"; Value = "TO-92-3KinkedLead"; VariantName = "[No Variations]"
Add component (AddParameter): Name = "Package Description"; Value = "3-Pin Transistor Outline Package, Body Dia 4.79 mm, Pitch 2.6 mm"; VariantName = "[No Variations]"
Add component (AddParameter): Name = "Package Reference"; Value = "TO-92"; VariantName = "[No Variations]"
Add component (AddParameter): Name = "Packaging"; Value = "Reel"; VariantName = "[No Variations]"
Add component (AddParameter): Name = "Product Category"; Value = "BipolarTransistors-BJT"; VariantName = "[No Variations]"
Add component (AddParameter): Name = "RoHS"; Value = "Details"; VariantName = "[No Variations]"
Add component (AddParameter): Name = "Series"; Value = "PN2222"; VariantName = "[No Variations]"
Add component (AddParameter): Name = "Transistor Polarity"; Value = "NPN"; VariantName = "[No Variations]"
Add component (AddParameter): Name = "Unit Weight"; Value = "0.008466oz"; VariantName = "[No Variations]"
Added Component: Designator=Q26(FAIR-TO-92-3)
Add component (AddParameter): Name = "<PCN>"; Value = "http://www.mouser.com/PCN/3.26.10LTBDFairchild.pdf"; VariantName = "[No Variations]"
Add component (AddParameter): Name = "Brand"; Value = "FairchildSemiconductor"; VariantName = "[No Variations]"
Add component (AddParameter): Name = "Collector- Base Voltage VCBO"; Value = "75V"; VariantName = "[No Variations]"
Add component (AddParameter): Name = "Collector- Emitter Voltage VCEO Max"; Value = "40V"; VariantName = "[No Variations]"
Add component (AddParameter): Name = "Collector-Emitter Saturation Voltage"; Value = "1V"; VariantName = "[No Variations]"
Add component (AddParameter): Name = "Configuration"; Value = "Single"; VariantName = "[No Variations]"
Add component (AddParameter): Name = "Datasheet URL"; Value = "https://www.fairchildsemi.com/datasheets/PN/PN2222A.pdf"; VariantName = "[No Variations]"
Add component (AddParameter): Name = "Datasheet Version"; Value = "Rev. 1.1.0, 07/2014"; VariantName = "[No Variations]"
Add component (AddParameter): Name = "DC Collector/Base Gain hfe Min"; Value = "100"; VariantName = "[No Variations]"
Add component (AddParameter): Name = "DC Current Gain hFE Max"; Value = "300"; VariantName = "[No Variations]"
Add component (AddParameter): Name = "Emitter- Base Voltage VEBO"; Value = "6V"; VariantName = "[No Variations]"
Add component (AddParameter): Name = "Factory Pack Quantity"; Value = "2000"; VariantName = "[No Variations]"
Add component (AddParameter): Name = "Gain Bandwidth Product fT"; Value = "300MHz"; VariantName = "[No Variations]"
Add component (AddParameter): Name = "Manufacturer"; Value = "FairchildSemiconductor"; VariantName = "[No Variations]"
Add component (AddParameter): Name = "Manufacturer URL"; Value = "https://www.fairchildsemi.com/"; VariantName = "[No Variations]"
Add component (AddParameter): Name = "Maximum DC Collector Current"; Value = "1A"; VariantName = "[No Variations]"
Add component (AddParameter): Name = "Maximum Operating Temperature"; Value = "+150C"; VariantName = "[No Variations]"
Add component (AddParameter): Name = "Maximum Power Dissipation"; Value = "625mW"; VariantName = "[No Variations]"
Add component (AddParameter): Name = "Minimum Operating Temperature"; Value = "-55C"; VariantName = "[No Variations]"
Add component (AddParameter): Name = "Mounting Style"; Value = "ThroughHole"; VariantName = "[No Variations]"
Add component (AddParameter): Name = "Mounting Technology"; Value = "ThroughHole"; VariantName = "[No Variations]"
Add component (AddParameter): Name = "Package / Case"; Value = "TO-92-3KinkedLead"; VariantName = "[No Variations]"
Add component (AddParameter): Name = "Package Description"; Value = "3-Pin Transistor Outline Package, Body Dia 4.79 mm, Pitch 2.6 mm"; VariantName = "[No Variations]"
Add component (AddParameter): Name = "Package Reference"; Value = "TO-92"; VariantName = "[No Variations]"
Add component (AddParameter): Name = "Packaging"; Value = "Reel"; VariantName = "[No Variations]"
Add component (AddParameter): Name = "Product Category"; Value = "BipolarTransistors-BJT"; VariantName = "[No Variations]"
Add component (AddParameter): Name = "RoHS"; Value = "Details"; VariantName = "[No Variations]"
Add component (AddParameter): Name = "Series"; Value = "PN2222"; VariantName = "[No Variations]"
Add component (AddParameter): Name = "Transistor Polarity"; Value = "NPN"; VariantName = "[No Variations]"
Add component (AddParameter): Name = "Unit Weight"; Value = "0.008466oz"; VariantName = "[No Variations]"
Added Component: Designator=Q27(FAIR-TO-92-3)
Add component (AddParameter): Name = "<PCN>"; Value = "http://www.mouser.com/PCN/3.26.10LTBDFairchild.pdf"; VariantName = "[No Variations]"
Add component (AddParameter): Name = "Brand"; Value = "FairchildSemiconductor"; VariantName = "[No Variations]"
Add component (AddParameter): Name = "Collector- Base Voltage VCBO"; Value = "75V"; VariantName = "[No Variations]"
Add component (AddParameter): Name = "Collector- Emitter Voltage VCEO Max"; Value = "40V"; VariantName = "[No Variations]"
Add component (AddParameter): Name = "Collector-Emitter Saturation Voltage"; Value = "1V"; VariantName = "[No Variations]"
Add component (AddParameter): Name = "Configuration"; Value = "Single"; VariantName = "[No Variations]"
Add component (AddParameter): Name = "Datasheet URL"; Value = "https://www.fairchildsemi.com/datasheets/PN/PN2222A.pdf"; VariantName = "[No Variations]"
Add component (AddParameter): Name = "Datasheet Version"; Value = "Rev. 1.1.0, 07/2014"; VariantName = "[No Variations]"
Add component (AddParameter): Name = "DC Collector/Base Gain hfe Min"; Value = "100"; VariantName = "[No Variations]"
Add component (AddParameter): Name = "DC Current Gain hFE Max"; Value = "300"; VariantName = "[No Variations]"
Add component (AddParameter): Name = "Emitter- Base Voltage VEBO"; Value = "6V"; VariantName = "[No Variations]"
Add component (AddParameter): Name = "Factory Pack Quantity"; Value = "2000"; VariantName = "[No Variations]"
Add component (AddParameter): Name = "Gain Bandwidth Product fT"; Value = "300MHz"; VariantName = "[No Variations]"
Add component (AddParameter): Name = "Manufacturer"; Value = "FairchildSemiconductor"; VariantName = "[No Variations]"
Add component (AddParameter): Name = "Manufacturer URL"; Value = "https://www.fairchildsemi.com/"; VariantName = "[No Variations]"
Add component (AddParameter): Name = "Maximum DC Collector Current"; Value = "1A"; VariantName = "[No Variations]"
Add component (AddParameter): Name = "Maximum Operating Temperature"; Value = "+150C"; VariantName = "[No Variations]"
Add component (AddParameter): Name = "Maximum Power Dissipation"; Value = "625mW"; VariantName = "[No Variations]"
Add component (AddParameter): Name = "Minimum Operating Temperature"; Value = "-55C"; VariantName = "[No Variations]"
Add component (AddParameter): Name = "Mounting Style"; Value = "ThroughHole"; VariantName = "[No Variations]"
Add component (AddParameter): Name = "Mounting Technology"; Value = "ThroughHole"; VariantName = "[No Variations]"
Add component (AddParameter): Name = "Package / Case"; Value = "TO-92-3KinkedLead"; VariantName = "[No Variations]"
Add component (AddParameter): Name = "Package Description"; Value = "3-Pin Transistor Outline Package, Body Dia 4.79 mm, Pitch 2.6 mm"; VariantName = "[No Variations]"
Add component (AddParameter): Name = "Package Reference"; Value = "TO-92"; VariantName = "[No Variations]"
Add component (AddParameter): Name = "Packaging"; Value = "Reel"; VariantName = "[No Variations]"
Add component (AddParameter): Name = "Product Category"; Value = "BipolarTransistors-BJT"; VariantName = "[No Variations]"
Add component (AddParameter): Name = "RoHS"; Value = "Details"; VariantName = "[No Variations]"
Add component (AddParameter): Name = "Series"; Value = "PN2222"; VariantName = "[No Variations]"
Add component (AddParameter): Name = "Transistor Polarity"; Value = "NPN"; VariantName = "[No Variations]"
Add component (AddParameter): Name = "Unit Weight"; Value = "0.008466oz"; VariantName = "[No Variations]"
Added Component: Designator=R1(RESC3216X70X50NL05T20)
Add component (AddParameter): Name = "Manufacturer"; Value = "Panasonic"; VariantName = "[No Variations]"
Add component (AddParameter): Name = "Part Number"; Value = "ERJ-8GEY0R00V"; VariantName = "[No Variations]"
Added Component: Designator=R2(RESC3216X70X50NL05T20)
Add component (AddParameter): Name = "Manufacturer"; Value = "Panasonic"; VariantName = "[No Variations]"
Add component (AddParameter): Name = "Part Number"; Value = "ERJ-8GEY0R00V"; VariantName = "[No Variations]"
Added Component: Designator=R3(RESC3216X70X50NL05T20)
Add component (AddParameter): Name = "Manufacturer"; Value = "Panasonic"; VariantName = "[No Variations]"
Add component (AddParameter): Name = "Part Number"; Value = "ERJ-8GEY0R00V"; VariantName = "[No Variations]"
Added Component: Designator=R4(RESC3216X70X50NL05T20)
Add component (AddParameter): Name = "Manufacturer"; Value = "Panasonic"; VariantName = "[No Variations]"
Add component (AddParameter): Name = "Part Number"; Value = "ERJ-8GEY0R00V"; VariantName = "[No Variations]"
Added Component: Designator=R5(RESC3216X70X50NL05T20)
Add component (AddParameter): Name = "Manufacturer"; Value = "Panasonic"; VariantName = "[No Variations]"
Add component (AddParameter): Name = "Part Number"; Value = "ERJ-8GEY0R00V"; VariantName = "[No Variations]"
Added Component: Designator=R6(RESC3216X70X50NL05T20)
Add component (AddParameter): Name = "Manufacturer"; Value = "Panasonic"; VariantName = "[No Variations]"
Add component (AddParameter): Name = "Part Number"; Value = "ERJ-8GEY0R00V"; VariantName = "[No Variations]"
Added Component: Designator=R7(RESC3216X70X50NL05T20)
Add component (AddParameter): Name = "Manufacturer"; Value = "Panasonic"; VariantName = "[No Variations]"
Add component (AddParameter): Name = "Part Number"; Value = "ERJ-8GEY0R00V"; VariantName = "[No Variations]"
Added Component: Designator=R8(RESC3216X70X50NL05T20)
Add component (AddParameter): Name = "Manufacturer"; Value = "Panasonic"; VariantName = "[No Variations]"
Add component (AddParameter): Name = "Part Number"; Value = "ERJ-8GEY0R00V"; VariantName = "[No Variations]"
Added Component: Designator=R9(RESC3216X70X50NL05T20)
Add component (AddParameter): Name = "Manufacturer"; Value = "Panasonic"; VariantName = "[No Variations]"
Add component (AddParameter): Name = "Part Number"; Value = "ERJ-8GEY0R00V"; VariantName = "[No Variations]"
Added Component: Designator=R10(RESC3216X70X50NL05T20)
Add component (AddParameter): Name = "Manufacturer"; Value = "Panasonic"; VariantName = "[No Variations]"
Add component (AddParameter): Name = "Part Number"; Value = "ERJ-8GEY0R00V"; VariantName = "[No Variations]"
Added Component: Designator=R11(RESC3216X70X50NL05T20)
Add component (AddParameter): Name = "Manufacturer"; Value = "Panasonic"; VariantName = "[No Variations]"
Add component (AddParameter): Name = "Part Number"; Value = "ERJ-8GEY0R00V"; VariantName = "[No Variations]"
Added Component: Designator=R12(RESC3216X70X50NL05T20)
Add component (AddParameter): Name = "Manufacturer"; Value = "Panasonic"; VariantName = "[No Variations]"
Add component (AddParameter): Name = "Part Number"; Value = "ERJ-8GEY0R00V"; VariantName = "[No Variations]"
Added Component: Designator=R13(RESC3216X70X50NL05T20)
Add component (AddParameter): Name = "Manufacturer"; Value = "Panasonic"; VariantName = "[No Variations]"
Add component (AddParameter): Name = "Part Number"; Value = "ERJ-8GEY0R00V"; VariantName = "[No Variations]"
Added Component: Designator=R14(RESC3216X70X50NL05T20)
Add component (AddParameter): Name = "Manufacturer"; Value = "Panasonic"; VariantName = "[No Variations]"
Add component (AddParameter): Name = "Part Number"; Value = "ERJ-8GEY0R00V"; VariantName = "[No Variations]"
Added Component: Designator=R15(RESC3216X70X50NL05T20)
Add component (AddParameter): Name = "Manufacturer"; Value = "Panasonic"; VariantName = "[No Variations]"
Add component (AddParameter): Name = "Part Number"; Value = "ERJ-8GEY0R00V"; VariantName = "[No Variations]"
Added Component: Designator=R16(RESC3216X70X50NL05T20)
Add component (AddParameter): Name = "Manufacturer"; Value = "Panasonic"; VariantName = "[No Variations]"
Add component (AddParameter): Name = "Part Number"; Value = "ERJ-8GEY0R00V"; VariantName = "[No Variations]"
Added Component: Designator=R17(RESC3216X70X50NL05T20)
Add component (AddParameter): Name = "Manufacturer"; Value = "Panasonic"; VariantName = "[No Variations]"
Add component (AddParameter): Name = "Part Number"; Value = "ERJ-8GEY0R00V"; VariantName = "[No Variations]"
Added Component: Designator=R18(RESC3216X70X50NL05T20)
Add component (AddParameter): Name = "Manufacturer"; Value = "Panasonic"; VariantName = "[No Variations]"
Add component (AddParameter): Name = "Part Number"; Value = "ERJ-8GEY0R00V"; VariantName = "[No Variations]"
Added Component: Designator=R19(RESC3216X70X50NL05T20)
Add component (AddParameter): Name = "Manufacturer"; Value = "Panasonic"; VariantName = "[No Variations]"
Add component (AddParameter): Name = "Part Number"; Value = "ERJ-8GEY0R00V"; VariantName = "[No Variations]"
Added Component: Designator=R20(RESC3216X70X50NL05T20)
Add component (AddParameter): Name = "Manufacturer"; Value = "Panasonic"; VariantName = "[No Variations]"
Add component (AddParameter): Name = "Part Number"; Value = "ERJ-8GEY0R00V"; VariantName = "[No Variations]"
Added Component: Designator=R21(RESC3216X70X50NL05T20)
Add component (AddParameter): Name = "Manufacturer"; Value = "Panasonic"; VariantName = "[No Variations]"
Add component (AddParameter): Name = "Part Number"; Value = "ERJ-8GEY0R00V"; VariantName = "[No Variations]"
Added Component: Designator=R22(RESC3216X70X50NL05T20)
Add component (AddParameter): Name = "Manufacturer"; Value = "Panasonic"; VariantName = "[No Variations]"
Add component (AddParameter): Name = "Part Number"; Value = "ERJ-8GEY0R00V"; VariantName = "[No Variations]"
Added Component: Designator=R23(RESC3216X70X50NL05T20)
Add component (AddParameter): Name = "Manufacturer"; Value = "Panasonic"; VariantName = "[No Variations]"
Add component (AddParameter): Name = "Part Number"; Value = "ERJ-8GEY0R00V"; VariantName = "[No Variations]"
Added Component: Designator=R24(RESC3216X70X50NL05T20)
Add component (AddParameter): Name = "Manufacturer"; Value = "Panasonic"; VariantName = "[No Variations]"
Add component (AddParameter): Name = "Part Number"; Value = "ERJ-8GEY0R00V"; VariantName = "[No Variations]"
Added Component: Designator=R25(RESC3216X70X50NL05T20)
Add component (AddParameter): Name = "Manufacturer"; Value = "Panasonic"; VariantName = "[No Variations]"
Add component (AddParameter): Name = "Part Number"; Value = "ERJ-8GEY0R00V"; VariantName = "[No Variations]"
Added Component: Designator=R26(RESC3216X70X50NL05T20)
Add component (AddParameter): Name = "Manufacturer"; Value = "Panasonic"; VariantName = "[No Variations]"
Add component (AddParameter): Name = "Part Number"; Value = "ERJ-8GEY0R00V"; VariantName = "[No Variations]"
Added Component: Designator=R27(RESC3216X70X50NL05T20)
Add component (AddParameter): Name = "Manufacturer"; Value = "Panasonic"; VariantName = "[No Variations]"
Add component (AddParameter): Name = "Part Number"; Value = "ERJ-8GEY0R00V"; VariantName = "[No Variations]"
Added Component: Designator=R28(RESC3216X70X50NL05T20)
Add component (AddParameter): Name = "Manufacturer"; Value = "Panasonic"; VariantName = "[No Variations]"
Add component (AddParameter): Name = "Part Number"; Value = "ERJ-8GEY0R00V"; VariantName = "[No Variations]"
Added Component: Designator=R29(RESC3216X70X50NL05T20)
Add component (AddParameter): Name = "Manufacturer"; Value = "Panasonic"; VariantName = "[No Variations]"
Add component (AddParameter): Name = "Part Number"; Value = "ERJ-8GEY0R00V"; VariantName = "[No Variations]"
Added Component: Designator=R30(RESC3216X70X50NL05T20)
Add component (AddParameter): Name = "Manufacturer"; Value = "Panasonic"; VariantName = "[No Variations]"
Add component (AddParameter): Name = "Part Number"; Value = "ERJ-8GEY0R00V"; VariantName = "[No Variations]"
Added Component: Designator=R31(RESC3216X70X50NL05T20)
Add component (AddParameter): Name = "Manufacturer"; Value = "Panasonic"; VariantName = "[No Variations]"
Add component (AddParameter): Name = "Part Number"; Value = "ERJ-8GEY0R00V"; VariantName = "[No Variations]"
Added Component: Designator=R32(RESC3216X70X50NL05T20)
Add component (AddParameter): Name = "Manufacturer"; Value = "Panasonic"; VariantName = "[No Variations]"
Add component (AddParameter): Name = "Part Number"; Value = "ERJ-8GEY0R00V"; VariantName = "[No Variations]"
Added Component: Designator=R33(RESC3216X70X50NL05T20)
Add component (AddParameter): Name = "Manufacturer"; Value = "Panasonic"; VariantName = "[No Variations]"
Add component (AddParameter): Name = "Part Number"; Value = "ERJ-8GEY0R00V"; VariantName = "[No Variations]"
Added Component: Designator=R34(RESC3216X70X50NL05T20)
Add component (AddParameter): Name = "Manufacturer"; Value = "Panasonic"; VariantName = "[No Variations]"
Add component (AddParameter): Name = "Part Number"; Value = "ERJ-8GEY0R00V"; VariantName = "[No Variations]"
Added Component: Designator=R35(RESC3216X70X50NL05T20)
Add component (AddParameter): Name = "Manufacturer"; Value = "Panasonic"; VariantName = "[No Variations]"
Add component (AddParameter): Name = "Part Number"; Value = "ERJ-8GEY0R00V"; VariantName = "[No Variations]"
Added Component: Designator=R36(RESC3216X70X50NL05T20)
Add component (AddParameter): Name = "Manufacturer"; Value = "Panasonic"; VariantName = "[No Variations]"
Add component (AddParameter): Name = "Part Number"; Value = "ERJ-8GEY0R00V"; VariantName = "[No Variations]"
Added Component: Designator=R37(RESC3216X70X50NL05T20)
Add component (AddParameter): Name = "Manufacturer"; Value = "Panasonic"; VariantName = "[No Variations]"
Add component (AddParameter): Name = "Part Number"; Value = "ERJ-8GEY0R00V"; VariantName = "[No Variations]"
Added Component: Designator=R38(RESC3216X70X50NL05T20)
Add component (AddParameter): Name = "Manufacturer"; Value = "Panasonic"; VariantName = "[No Variations]"
Add component (AddParameter): Name = "Part Number"; Value = "ERJ-8GEY0R00V"; VariantName = "[No Variations]"
Added Component: Designator=R39(RESC3216X70X50NL05T20)
Add component (AddParameter): Name = "Manufacturer"; Value = "Panasonic"; VariantName = "[No Variations]"
Add component (AddParameter): Name = "Part Number"; Value = "ERJ-8GEY0R00V"; VariantName = "[No Variations]"
Added Component: Designator=R40(RESC3216X70X50NL05T20)
Add component (AddParameter): Name = "Manufacturer"; Value = "Panasonic"; VariantName = "[No Variations]"
Add component (AddParameter): Name = "Part Number"; Value = "ERJ-8GEY0R00V"; VariantName = "[No Variations]"
Added Component: Designator=R41(RESC3216X70X50NL05T20)
Add component (AddParameter): Name = "Manufacturer"; Value = "Panasonic"; VariantName = "[No Variations]"
Add component (AddParameter): Name = "Part Number"; Value = "ERJ-8GEY0R00V"; VariantName = "[No Variations]"
Added Component: Designator=R42(RESC3216X70X50NL05T20)
Add component (AddParameter): Name = "Manufacturer"; Value = "Panasonic"; VariantName = "[No Variations]"
Add component (AddParameter): Name = "Part Number"; Value = "ERJ-8GEY0R00V"; VariantName = "[No Variations]"
Added Component: Designator=R43(RESC3216X70X50NL05T20)
Add component (AddParameter): Name = "Manufacturer"; Value = "Panasonic"; VariantName = "[No Variations]"
Add component (AddParameter): Name = "Part Number"; Value = "ERJ-8GEY0R00V"; VariantName = "[No Variations]"
Added Component: Designator=R44(RESC3216X70X50NL05T20)
Add component (AddParameter): Name = "Manufacturer"; Value = "Panasonic"; VariantName = "[No Variations]"
Add component (AddParameter): Name = "Part Number"; Value = "ERJ-8GEY0R00V"; VariantName = "[No Variations]"
Added Component: Designator=R45(RESC3216X70X50NL05T20)
Add component (AddParameter): Name = "Manufacturer"; Value = "Panasonic"; VariantName = "[No Variations]"
Add component (AddParameter): Name = "Part Number"; Value = "ERJ-8GEY0R00V"; VariantName = "[No Variations]"
Added Pin To Net: NetName=+5v Pin=C2-2
Added Pin To Net: NetName=+5v Pin=D2-2
Added Pin To Net: NetName=+5v Pin=D5-2
Added Net: Name=+5v
Added Pin To Net: NetName=+15v Pin=C1-2
Added Pin To Net: NetName=+15v Pin=D1-2
Added Pin To Net: NetName=+15v Pin=D4-2
Added Pin To Net: NetName=+15v Pin=R1-2
Added Pin To Net: NetName=+15v Pin=R5-2
Added Pin To Net: NetName=+15v Pin=R6-2
Added Pin To Net: NetName=+15v Pin=R10-2
Added Pin To Net: NetName=+15v Pin=R11-2
Added Pin To Net: NetName=+15v Pin=R12-2
Added Pin To Net: NetName=+15v Pin=R16-2
Added Pin To Net: NetName=+15v Pin=R17-2
Added Pin To Net: NetName=+15v Pin=R18-2
Added Net: Name=+15v
Added Pin To Net: NetName=-5 Pin=D3-2
Added Net: Name=-5
Added Pin To Net: NetName=-5v Pin=C3-1
Added Pin To Net: NetName=-5v Pin=D3-1
Added Pin To Net: NetName=-5v Pin=D6-1
Added Pin To Net: NetName=-5v Pin=J3-4
Added Pin To Net: NetName=-5v Pin=J6-4
Added Net: Name=-5v
Added Pin To Net: NetName=3v3 Pin=DB1-1
Added Pin To Net: NetName=3v3 Pin=J1-1
Added Pin To Net: NetName=3v3 Pin=J1-2
Added Net: Name=3v3
Added Pin To Net: NetName=5 Pin=D2-1
Added Net: Name=5
Added Pin To Net: NetName=5v Pin=J3-3
Added Pin To Net: NetName=5v Pin=J6-3
Added Net: Name=5v
Added Pin To Net: NetName=15v Pin=D1-1
Added Pin To Net: NetName=15v Pin=J2-1
Added Pin To Net: NetName=15v Pin=J3-1
Added Pin To Net: NetName=15v Pin=J6-1
Added Net: Name=15v
Added Pin To Net: NetName=Base1 Pin=J2-2
Added Pin To Net: NetName=Base1 Pin=R2-2
Added Pin To Net: NetName=Base1 Pin=R3-2
Added Pin To Net: NetName=Base1 Pin=R4-2
Added Pin To Net: NetName=Base1 Pin=R7-2
Added Pin To Net: NetName=Base1 Pin=R8-2
Added Pin To Net: NetName=Base1 Pin=R9-2
Added Pin To Net: NetName=Base1 Pin=R13-2
Added Pin To Net: NetName=Base1 Pin=R14-2
Added Pin To Net: NetName=Base1 Pin=R15-2
Added Net: Name=Base1
Added Pin To Net: NetName=Base2 Pin=DB1-2
Added Net: Name=Base2
Added Pin To Net: NetName=Base3 Pin=DB1-3
Added Net: Name=Base3
Added Pin To Net: NetName=Base4 Pin=DB1-4
Added Net: Name=Base4
Added Pin To Net: NetName=Base5 Pin=J5-2
Added Net: Name=Base5
Added Pin To Net: NetName=Base6 Pin=DB1-6
Added Net: Name=Base6
Added Pin To Net: NetName=Base7 Pin=DB1-7
Added Net: Name=Base7
Added Pin To Net: NetName=Base8 Pin=DB1-8
Added Net: Name=Base8
Added Pin To Net: NetName=Base9 Pin=DB1-9
Added Net: Name=Base9
Added Pin To Net: NetName=GND_MCU Pin=C1-1
Added Pin To Net: NetName=GND_MCU Pin=C2-1
Added Pin To Net: NetName=GND_MCU Pin=C3-2
Added Pin To Net: NetName=GND_MCU Pin=C4-1
Added Pin To Net: NetName=GND_MCU Pin=D4-1
Added Pin To Net: NetName=GND_MCU Pin=D5-1
Added Pin To Net: NetName=GND_MCU Pin=D6-2
Added Pin To Net: NetName=GND_MCU Pin=DB1-M1
Added Pin To Net: NetName=GND_MCU Pin=DB1-M2
Added Pin To Net: NetName=GND_MCU Pin=J3-2
Added Pin To Net: NetName=GND_MCU Pin=J5-1
Added Pin To Net: NetName=GND_MCU Pin=J6-2
Added Pin To Net: NetName=GND_MCU Pin=Q2-1
Added Pin To Net: NetName=GND_MCU Pin=Q5-1
Added Pin To Net: NetName=GND_MCU Pin=Q6-1
Added Pin To Net: NetName=GND_MCU Pin=Q10-1
Added Pin To Net: NetName=GND_MCU Pin=Q11-1
Added Pin To Net: NetName=GND_MCU Pin=Q12-1
Added Pin To Net: NetName=GND_MCU Pin=Q16-1
Added Pin To Net: NetName=GND_MCU Pin=Q17-1
Added Pin To Net: NetName=GND_MCU Pin=Q18-1
Added Net: Name=GND_MCU
Added Pin To Net: NetName=GND Pin=DB1-5
Added Pin To Net: NetName=GND Pin=J4-1
Added Pin To Net: NetName=GND Pin=J4-2
Added Pin To Net: NetName=GND Pin=J16-2
Added Pin To Net: NetName=GND Pin=J17-2
Added Pin To Net: NetName=GND Pin=Q19-1
Added Pin To Net: NetName=GND Pin=Q20-1
Added Pin To Net: NetName=GND Pin=Q21-1
Added Pin To Net: NetName=GND Pin=Q22-1
Added Pin To Net: NetName=GND Pin=Q23-1
Added Pin To Net: NetName=GND Pin=Q24-1
Added Pin To Net: NetName=GND Pin=Q25-1
Added Pin To Net: NetName=GND Pin=Q26-1
Added Pin To Net: NetName=GND Pin=Q27-1
Added Net: Name=GND
Added Pin To Net: NetName=NetC4_2 Pin=C4-2
Added Pin To Net: NetName=NetC4_2 Pin=D7-2
Added Pin To Net: NetName=NetC4_2 Pin=D8-2
Added Pin To Net: NetName=NetC4_2 Pin=D9-2
Added Pin To Net: NetName=NetC4_2 Pin=D10-2
Added Pin To Net: NetName=NetC4_2 Pin=D11-2
Added Pin To Net: NetName=NetC4_2 Pin=D12-2
Added Pin To Net: NetName=NetC4_2 Pin=D13-2
Added Pin To Net: NetName=NetC4_2 Pin=D14-2
Added Pin To Net: NetName=NetC4_2 Pin=D15-2
Added Pin To Net: NetName=NetC4_2 Pin=D16-2
Added Pin To Net: NetName=NetC4_2 Pin=D17-2
Added Pin To Net: NetName=NetC4_2 Pin=D18-2
Added Pin To Net: NetName=NetC4_2 Pin=D19-2
Added Pin To Net: NetName=NetC4_2 Pin=D20-2
Added Pin To Net: NetName=NetC4_2 Pin=D21-2
Added Pin To Net: NetName=NetC4_2 Pin=D22-2
Added Pin To Net: NetName=NetC4_2 Pin=D23-2
Added Pin To Net: NetName=NetC4_2 Pin=D24-2
Added Pin To Net: NetName=NetC4_2 Pin=J7-2
Added Pin To Net: NetName=NetC4_2 Pin=J8-2
Added Pin To Net: NetName=NetC4_2 Pin=J9-2
Added Pin To Net: NetName=NetC4_2 Pin=J10-2
Added Pin To Net: NetName=NetC4_2 Pin=J11-2
Added Pin To Net: NetName=NetC4_2 Pin=J12-2
Added Pin To Net: NetName=NetC4_2 Pin=J13-2
Added Pin To Net: NetName=NetC4_2 Pin=J14-2
Added Pin To Net: NetName=NetC4_2 Pin=J15-2
Added Pin To Net: NetName=NetC4_2 Pin=J16-1
Added Pin To Net: NetName=NetC4_2 Pin=J17-1
Added Pin To Net: NetName=NetC4_2 Pin=Q1-4
Added Pin To Net: NetName=NetC4_2 Pin=Q3-4
Added Pin To Net: NetName=NetC4_2 Pin=Q4-4
Added Pin To Net: NetName=NetC4_2 Pin=Q7-4
Added Pin To Net: NetName=NetC4_2 Pin=Q8-4
Added Pin To Net: NetName=NetC4_2 Pin=Q9-4
Added Pin To Net: NetName=NetC4_2 Pin=Q13-4
Added Pin To Net: NetName=NetC4_2 Pin=Q14-4
Added Pin To Net: NetName=NetC4_2 Pin=Q15-4
Added Pin To Net: NetName=NetC4_2 Pin=R19-1
Added Pin To Net: NetName=NetC4_2 Pin=R20-1
Added Pin To Net: NetName=NetC4_2 Pin=R21-1
Added Pin To Net: NetName=NetC4_2 Pin=R28-1
Added Pin To Net: NetName=NetC4_2 Pin=R29-1
Added Pin To Net: NetName=NetC4_2 Pin=R30-1
Added Pin To Net: NetName=NetC4_2 Pin=R37-1
Added Pin To Net: NetName=NetC4_2 Pin=R38-1
Added Pin To Net: NetName=NetC4_2 Pin=R39-1
Added Net: Name=NetC4_2
Added Pin To Net: NetName=NetD7_1 Pin=D7-1
Added Pin To Net: NetName=NetD7_1 Pin=R22-2
Added Net: Name=NetD7_1
Added Pin To Net: NetName=NetD8_1 Pin=D8-1
Added Pin To Net: NetName=NetD8_1 Pin=R23-2
Added Net: Name=NetD8_1
Added Pin To Net: NetName=NetD9_1 Pin=D9-1
Added Pin To Net: NetName=NetD9_1 Pin=R24-2
Added Net: Name=NetD9_1
Added Pin To Net: NetName=NetD10_1 Pin=D10-1
Added Pin To Net: NetName=NetD10_1 Pin=G1-A1
Added Pin To Net: NetName=NetD10_1 Pin=J7-1
Added Pin To Net: NetName=NetD10_1 Pin=Q19-3
Added Pin To Net: NetName=NetD10_1 Pin=R22-1
Added Net: Name=NetD10_1
Added Pin To Net: NetName=NetD11_1 Pin=D11-1
Added Pin To Net: NetName=NetD11_1 Pin=G2-A1
Added Pin To Net: NetName=NetD11_1 Pin=J8-1
Added Pin To Net: NetName=NetD11_1 Pin=Q20-3
Added Pin To Net: NetName=NetD11_1 Pin=R23-1
Added Net: Name=NetD11_1
Added Pin To Net: NetName=NetD12_1 Pin=D12-1
Added Pin To Net: NetName=NetD12_1 Pin=G3-A1
Added Pin To Net: NetName=NetD12_1 Pin=J9-1
Added Pin To Net: NetName=NetD12_1 Pin=Q21-3
Added Pin To Net: NetName=NetD12_1 Pin=R24-1
Added Net: Name=NetD12_1
Added Pin To Net: NetName=NetD13_1 Pin=D13-1
Added Pin To Net: NetName=NetD13_1 Pin=R31-2
Added Net: Name=NetD13_1
Added Pin To Net: NetName=NetD14_1 Pin=D14-1
Added Pin To Net: NetName=NetD14_1 Pin=R32-2
Added Net: Name=NetD14_1
Added Pin To Net: NetName=NetD15_1 Pin=D15-1
Added Pin To Net: NetName=NetD15_1 Pin=R33-2
Added Net: Name=NetD15_1
Added Pin To Net: NetName=NetD16_1 Pin=D16-1
Added Pin To Net: NetName=NetD16_1 Pin=G4-A1
Added Pin To Net: NetName=NetD16_1 Pin=J10-1
Added Pin To Net: NetName=NetD16_1 Pin=Q22-3
Added Pin To Net: NetName=NetD16_1 Pin=R31-1
Added Net: Name=NetD16_1
Added Pin To Net: NetName=NetD17_1 Pin=D17-1
Added Pin To Net: NetName=NetD17_1 Pin=G5-A1
Added Pin To Net: NetName=NetD17_1 Pin=J11-1
Added Pin To Net: NetName=NetD17_1 Pin=Q23-3
Added Pin To Net: NetName=NetD17_1 Pin=R32-1
Added Net: Name=NetD17_1
Added Pin To Net: NetName=NetD18_1 Pin=D18-1
Added Pin To Net: NetName=NetD18_1 Pin=G6-A1
Added Pin To Net: NetName=NetD18_1 Pin=J12-1
Added Pin To Net: NetName=NetD18_1 Pin=Q24-3
Added Pin To Net: NetName=NetD18_1 Pin=R33-1
Added Net: Name=NetD18_1
Added Pin To Net: NetName=NetD19_1 Pin=D19-1
Added Pin To Net: NetName=NetD19_1 Pin=R41-2
Added Net: Name=NetD19_1
Added Pin To Net: NetName=NetD20_1 Pin=D20-1
Added Pin To Net: NetName=NetD20_1 Pin=R40-2
Added Net: Name=NetD20_1
Added Pin To Net: NetName=NetD21_1 Pin=D21-1
Added Pin To Net: NetName=NetD21_1 Pin=R42-2
Added Net: Name=NetD21_1
Added Pin To Net: NetName=NetD22_1 Pin=D22-1
Added Pin To Net: NetName=NetD22_1 Pin=G7-A1
Added Pin To Net: NetName=NetD22_1 Pin=J13-1
Added Pin To Net: NetName=NetD22_1 Pin=Q25-3
Added Pin To Net: NetName=NetD22_1 Pin=R40-1
Added Net: Name=NetD22_1
Added Pin To Net: NetName=NetD23_1 Pin=D23-1
Added Pin To Net: NetName=NetD23_1 Pin=G8-A1
Added Pin To Net: NetName=NetD23_1 Pin=J14-1
Added Pin To Net: NetName=NetD23_1 Pin=Q26-3
Added Pin To Net: NetName=NetD23_1 Pin=R41-1
Added Net: Name=NetD23_1
Added Pin To Net: NetName=NetD24_1 Pin=D24-1
Added Pin To Net: NetName=NetD24_1 Pin=G9-A1
Added Pin To Net: NetName=NetD24_1 Pin=J15-1
Added Pin To Net: NetName=NetD24_1 Pin=Q27-3
Added Pin To Net: NetName=NetD24_1 Pin=R42-1
Added Net: Name=NetD24_1
Added Pin To Net: NetName=NetG1_11 Pin=G1-11
Added Net: Name=NetG1_11
Added Pin To Net: NetName=NetG1_12 Pin=G1-12
Added Net: Name=NetG1_12
Added Pin To Net: NetName=NetG1_14 Pin=G1-14
Added Net: Name=NetG1_14
Added Pin To Net: NetName=NetG1_21 Pin=G1-21
Added Net: Name=NetG1_21
Added Pin To Net: NetName=NetG1_22 Pin=G1-22
Added Net: Name=NetG1_22
Added Pin To Net: NetName=NetG1_24 Pin=G1-24
Added Net: Name=NetG1_24
Added Pin To Net: NetName=NetG1_A2 Pin=G1-A2
Added Pin To Net: NetName=NetG1_A2 Pin=R19-2
Added Net: Name=NetG1_A2
Added Pin To Net: NetName=NetG2_11 Pin=G2-11
Added Net: Name=NetG2_11
Added Pin To Net: NetName=NetG2_12 Pin=G2-12
Added Net: Name=NetG2_12
Added Pin To Net: NetName=NetG2_14 Pin=G2-14
Added Net: Name=NetG2_14
Added Pin To Net: NetName=NetG2_21 Pin=G2-21
Added Net: Name=NetG2_21
Added Pin To Net: NetName=NetG2_22 Pin=G2-22
Added Net: Name=NetG2_22
Added Pin To Net: NetName=NetG2_24 Pin=G2-24
Added Net: Name=NetG2_24
Added Pin To Net: NetName=NetG2_A2 Pin=G2-A2
Added Pin To Net: NetName=NetG2_A2 Pin=R20-2
Added Net: Name=NetG2_A2
Added Pin To Net: NetName=NetG3_11 Pin=G3-11
Added Net: Name=NetG3_11
Added Pin To Net: NetName=NetG3_12 Pin=G3-12
Added Net: Name=NetG3_12
Added Pin To Net: NetName=NetG3_14 Pin=G3-14
Added Net: Name=NetG3_14
Added Pin To Net: NetName=NetG3_21 Pin=G3-21
Added Net: Name=NetG3_21
Added Pin To Net: NetName=NetG3_22 Pin=G3-22
Added Net: Name=NetG3_22
Added Pin To Net: NetName=NetG3_24 Pin=G3-24
Added Net: Name=NetG3_24
Added Pin To Net: NetName=NetG3_A2 Pin=G3-A2
Added Pin To Net: NetName=NetG3_A2 Pin=R21-2
Added Net: Name=NetG3_A2
Added Pin To Net: NetName=NetG4_11 Pin=G4-11
Added Net: Name=NetG4_11
Added Pin To Net: NetName=NetG4_12 Pin=G4-12
Added Net: Name=NetG4_12
Added Pin To Net: NetName=NetG4_14 Pin=G4-14
Added Net: Name=NetG4_14
Added Pin To Net: NetName=NetG4_21 Pin=G4-21
Added Net: Name=NetG4_21
Added Pin To Net: NetName=NetG4_22 Pin=G4-22
Added Net: Name=NetG4_22
Added Pin To Net: NetName=NetG4_24 Pin=G4-24
Added Net: Name=NetG4_24
Added Pin To Net: NetName=NetG4_A2 Pin=G4-A2
Added Pin To Net: NetName=NetG4_A2 Pin=R28-2
Added Net: Name=NetG4_A2
Added Pin To Net: NetName=NetG5_11 Pin=G5-11
Added Net: Name=NetG5_11
Added Pin To Net: NetName=NetG5_12 Pin=G5-12
Added Net: Name=NetG5_12
Added Pin To Net: NetName=NetG5_14 Pin=G5-14
Added Net: Name=NetG5_14
Added Pin To Net: NetName=NetG5_21 Pin=G5-21
Added Net: Name=NetG5_21
Added Pin To Net: NetName=NetG5_22 Pin=G5-22
Added Net: Name=NetG5_22
Added Pin To Net: NetName=NetG5_24 Pin=G5-24
Added Net: Name=NetG5_24
Added Pin To Net: NetName=NetG5_A2 Pin=G5-A2
Added Pin To Net: NetName=NetG5_A2 Pin=R29-2
Added Net: Name=NetG5_A2
Added Pin To Net: NetName=NetG6_11 Pin=G6-11
Added Net: Name=NetG6_11
Added Pin To Net: NetName=NetG6_12 Pin=G6-12
Added Net: Name=NetG6_12
Added Pin To Net: NetName=NetG6_14 Pin=G6-14
Added Net: Name=NetG6_14
Added Pin To Net: NetName=NetG6_21 Pin=G6-21
Added Net: Name=NetG6_21
Added Pin To Net: NetName=NetG6_22 Pin=G6-22
Added Net: Name=NetG6_22
Added Pin To Net: NetName=NetG6_24 Pin=G6-24
Added Net: Name=NetG6_24
Added Pin To Net: NetName=NetG6_A2 Pin=G6-A2
Added Pin To Net: NetName=NetG6_A2 Pin=R30-2
Added Net: Name=NetG6_A2
Added Pin To Net: NetName=NetG7_11 Pin=G7-11
Added Net: Name=NetG7_11
Added Pin To Net: NetName=NetG7_12 Pin=G7-12
Added Net: Name=NetG7_12
Added Pin To Net: NetName=NetG7_14 Pin=G7-14
Added Net: Name=NetG7_14
Added Pin To Net: NetName=NetG7_21 Pin=G7-21
Added Net: Name=NetG7_21
Added Pin To Net: NetName=NetG7_22 Pin=G7-22
Added Net: Name=NetG7_22
Added Pin To Net: NetName=NetG7_24 Pin=G7-24
Added Net: Name=NetG7_24
Added Pin To Net: NetName=NetG7_A2 Pin=G7-A2
Added Pin To Net: NetName=NetG7_A2 Pin=R37-2
Added Net: Name=NetG7_A2
Added Pin To Net: NetName=NetG8_11 Pin=G8-11
Added Net: Name=NetG8_11
Added Pin To Net: NetName=NetG8_12 Pin=G8-12
Added Net: Name=NetG8_12
Added Pin To Net: NetName=NetG8_14 Pin=G8-14
Added Net: Name=NetG8_14
Added Pin To Net: NetName=NetG8_21 Pin=G8-21
Added Net: Name=NetG8_21
Added Pin To Net: NetName=NetG8_22 Pin=G8-22
Added Net: Name=NetG8_22
Added Pin To Net: NetName=NetG8_24 Pin=G8-24
Added Net: Name=NetG8_24
Added Pin To Net: NetName=NetG8_A2 Pin=G8-A2
Added Pin To Net: NetName=NetG8_A2 Pin=R38-2
Added Net: Name=NetG8_A2
Added Pin To Net: NetName=NetG9_11 Pin=G9-11
Added Net: Name=NetG9_11
Added Pin To Net: NetName=NetG9_12 Pin=G9-12
Added Net: Name=NetG9_12
Added Pin To Net: NetName=NetG9_14 Pin=G9-14
Added Net: Name=NetG9_14
Added Pin To Net: NetName=NetG9_21 Pin=G9-21
Added Net: Name=NetG9_21
Added Pin To Net: NetName=NetG9_22 Pin=G9-22
Added Net: Name=NetG9_22
Added Pin To Net: NetName=NetG9_24 Pin=G9-24
Added Net: Name=NetG9_24
Added Pin To Net: NetName=NetG9_A2 Pin=G9-A2
Added Pin To Net: NetName=NetG9_A2 Pin=R39-2
Added Net: Name=NetG9_A2
Added Pin To Net: NetName=NetJ19_1 Pin=J19-1
Added Pin To Net: NetName=NetJ19_1 Pin=J20-1
Added Net: Name=NetJ19_1
Added Pin To Net: NetName=NetJ19_2 Pin=J19-2
Added Pin To Net: NetName=NetJ19_2 Pin=J20-2
Added Net: Name=NetJ19_2
Added Pin To Net: NetName=NetJ19_3 Pin=J19-3
Added Pin To Net: NetName=NetJ19_3 Pin=J20-3
Added Net: Name=NetJ19_3
Added Pin To Net: NetName=NetJ24_1 Pin=J24-1
Added Pin To Net: NetName=NetJ24_1 Pin=J25-1
Added Net: Name=NetJ24_1
Added Pin To Net: NetName=NetJ24_2 Pin=J24-2
Added Pin To Net: NetName=NetJ24_2 Pin=J25-2
Added Net: Name=NetJ24_2
Added Pin To Net: NetName=NetJ24_3 Pin=J24-3
Added Pin To Net: NetName=NetJ24_3 Pin=J25-3
Added Net: Name=NetJ24_3
Added Pin To Net: NetName=NetQ1_1 Pin=Q1-1
Added Pin To Net: NetName=NetQ1_1 Pin=R1-1
Added Net: Name=NetQ1_1
Added Pin To Net: NetName=NetQ1_2 Pin=Q1-2
Added Pin To Net: NetName=NetQ1_2 Pin=Q2-3
Added Net: Name=NetQ1_2
Added Pin To Net: NetName=NetQ1_3 Pin=Q1-3
Added Pin To Net: NetName=NetQ1_3 Pin=R25-2
Added Pin To Net: NetName=NetQ1_3 Pin=R26-2
Added Pin To Net: NetName=NetQ1_3 Pin=R27-2
Added Pin To Net: NetName=NetQ1_3 Pin=R34-2
Added Pin To Net: NetName=NetQ1_3 Pin=R35-2
Added Pin To Net: NetName=NetQ1_3 Pin=R36-2
Added Pin To Net: NetName=NetQ1_3 Pin=R43-2
Added Pin To Net: NetName=NetQ1_3 Pin=R44-2
Added Pin To Net: NetName=NetQ1_3 Pin=R45-2
Added Net: Name=NetQ1_3
Added Pin To Net: NetName=NetQ2_2 Pin=Q2-2
Added Pin To Net: NetName=NetQ2_2 Pin=R2-1
Added Net: Name=NetQ2_2
Added Pin To Net: NetName=NetQ3_1 Pin=Q3-1
Added Pin To Net: NetName=NetQ3_1 Pin=R5-1
Added Net: Name=NetQ3_1
Added Pin To Net: NetName=NetQ3_2 Pin=Q3-2
Added Pin To Net: NetName=NetQ3_2 Pin=Q5-3
Added Net: Name=NetQ3_2
Added Pin To Net: NetName=NetQ3_3 Pin=Q3-3
Added Net: Name=NetQ3_3
Added Pin To Net: NetName=NetQ4_1 Pin=Q4-1
Added Pin To Net: NetName=NetQ4_1 Pin=R6-1
Added Net: Name=NetQ4_1
Added Pin To Net: NetName=NetQ4_2 Pin=Q4-2
Added Pin To Net: NetName=NetQ4_2 Pin=Q6-3
Added Net: Name=NetQ4_2
Added Pin To Net: NetName=NetQ4_3 Pin=Q4-3
Added Net: Name=NetQ4_3
Added Pin To Net: NetName=NetQ5_2 Pin=Q5-2
Added Pin To Net: NetName=NetQ5_2 Pin=R3-1
Added Net: Name=NetQ5_2
Added Pin To Net: NetName=NetQ6_2 Pin=Q6-2
Added Pin To Net: NetName=NetQ6_2 Pin=R4-1
Added Net: Name=NetQ6_2
Added Pin To Net: NetName=NetQ7_1 Pin=Q7-1
Added Pin To Net: NetName=NetQ7_1 Pin=R10-1
Added Net: Name=NetQ7_1
Added Pin To Net: NetName=NetQ7_2 Pin=Q7-2
Added Pin To Net: NetName=NetQ7_2 Pin=Q10-3
Added Net: Name=NetQ7_2
Added Pin To Net: NetName=NetQ7_3 Pin=Q7-3
Added Net: Name=NetQ7_3
Added Pin To Net: NetName=NetQ8_1 Pin=Q8-1
Added Pin To Net: NetName=NetQ8_1 Pin=R11-1
Added Net: Name=NetQ8_1
Added Pin To Net: NetName=NetQ8_2 Pin=Q8-2
Added Pin To Net: NetName=NetQ8_2 Pin=Q11-3
Added Net: Name=NetQ8_2
Added Pin To Net: NetName=NetQ8_3 Pin=Q8-3
Added Net: Name=NetQ8_3
Added Pin To Net: NetName=NetQ9_1 Pin=Q9-1
Added Pin To Net: NetName=NetQ9_1 Pin=R12-1
Added Net: Name=NetQ9_1
Added Pin To Net: NetName=NetQ9_2 Pin=Q9-2
Added Pin To Net: NetName=NetQ9_2 Pin=Q12-3
Added Net: Name=NetQ9_2
Added Pin To Net: NetName=NetQ9_3 Pin=Q9-3
Added Net: Name=NetQ9_3
Added Pin To Net: NetName=NetQ10_2 Pin=Q10-2
Added Pin To Net: NetName=NetQ10_2 Pin=R7-1
Added Net: Name=NetQ10_2
Added Pin To Net: NetName=NetQ11_2 Pin=Q11-2
Added Pin To Net: NetName=NetQ11_2 Pin=R8-1
Added Net: Name=NetQ11_2
Added Pin To Net: NetName=NetQ12_2 Pin=Q12-2
Added Pin To Net: NetName=NetQ12_2 Pin=R9-1
Added Net: Name=NetQ12_2
Added Pin To Net: NetName=NetQ13_1 Pin=Q13-1
Added Pin To Net: NetName=NetQ13_1 Pin=R16-1
Added Net: Name=NetQ13_1
Added Pin To Net: NetName=NetQ13_2 Pin=Q13-2
Added Pin To Net: NetName=NetQ13_2 Pin=Q16-3
Added Net: Name=NetQ13_2
Added Pin To Net: NetName=NetQ13_3 Pin=Q13-3
Added Net: Name=NetQ13_3
Added Pin To Net: NetName=NetQ14_1 Pin=Q14-1
Added Pin To Net: NetName=NetQ14_1 Pin=R17-1
Added Net: Name=NetQ14_1
Added Pin To Net: NetName=NetQ14_2 Pin=Q14-2
Added Pin To Net: NetName=NetQ14_2 Pin=Q17-3
Added Net: Name=NetQ14_2
Added Pin To Net: NetName=NetQ14_3 Pin=Q14-3
Added Net: Name=NetQ14_3
Added Pin To Net: NetName=NetQ15_1 Pin=Q15-1
Added Pin To Net: NetName=NetQ15_1 Pin=R18-1
Added Net: Name=NetQ15_1
Added Pin To Net: NetName=NetQ15_2 Pin=Q15-2
Added Pin To Net: NetName=NetQ15_2 Pin=Q18-3
Added Net: Name=NetQ15_2
Added Pin To Net: NetName=NetQ15_3 Pin=Q15-3
Added Net: Name=NetQ15_3
Added Pin To Net: NetName=NetQ16_2 Pin=Q16-2
Added Pin To Net: NetName=NetQ16_2 Pin=R13-1
Added Net: Name=NetQ16_2
Added Pin To Net: NetName=NetQ17_2 Pin=Q17-2
Added Pin To Net: NetName=NetQ17_2 Pin=R14-1
Added Net: Name=NetQ17_2
Added Pin To Net: NetName=NetQ18_2 Pin=Q18-2
Added Pin To Net: NetName=NetQ18_2 Pin=R15-1
Added Net: Name=NetQ18_2
Added Pin To Net: NetName=NetQ19_2 Pin=Q19-2
Added Pin To Net: NetName=NetQ19_2 Pin=R25-1
Added Net: Name=NetQ19_2
Added Pin To Net: NetName=NetQ20_2 Pin=Q20-2
Added Pin To Net: NetName=NetQ20_2 Pin=R26-1
Added Net: Name=NetQ20_2
Added Pin To Net: NetName=NetQ21_2 Pin=Q21-2
Added Pin To Net: NetName=NetQ21_2 Pin=R27-1
Added Net: Name=NetQ21_2
Added Pin To Net: NetName=NetQ22_2 Pin=Q22-2
Added Pin To Net: NetName=NetQ22_2 Pin=R34-1
Added Net: Name=NetQ22_2
Added Pin To Net: NetName=NetQ23_2 Pin=Q23-2
Added Pin To Net: NetName=NetQ23_2 Pin=R35-1
Added Net: Name=NetQ23_2
Added Pin To Net: NetName=NetQ24_2 Pin=Q24-2
Added Pin To Net: NetName=NetQ24_2 Pin=R36-1
Added Net: Name=NetQ24_2
Added Pin To Net: NetName=NetQ25_2 Pin=Q25-2
Added Pin To Net: NetName=NetQ25_2 Pin=R43-1
Added Net: Name=NetQ25_2
Added Pin To Net: NetName=NetQ26_2 Pin=Q26-2
Added Pin To Net: NetName=NetQ26_2 Pin=R44-1
Added Net: Name=NetQ26_2
Added Pin To Net: NetName=NetQ27_2 Pin=Q27-2
Added Pin To Net: NetName=NetQ27_2 Pin=R45-1
Added Net: Name=NetQ27_2
Added Class: Name=Sheet1
Added Class: Name=Sheet2
Added Rule: Name=MaxMinWidth_1
