Added Component: Designator=C1(FP-FKC-MFG)
Add component (AddParameter): Name = "Capacitance"; Value = "10uF"; VariantName = "[No Variations]"
Add component (AddParameter): Name = "Case/Package"; Value = "Radial"; VariantName = "[No Variations]"
Add component (AddParameter): Name = "Construction"; Value = "Cylindrical"; VariantName = "[No Variations]"
Add component (AddParameter): Name = "Contact Plating"; Value = "Tin"; VariantName = "[No Variations]"
Add component (AddParameter): Name = "Diameter"; Value = "5mm"; VariantName = "[No Variations]"
Add component (AddParameter): Name = "Dielectric Material"; Value = "Aluminium"; VariantName = "[No Variations]"
Add component (AddParameter): Name = "ESR (Equivalent Series Resistance)"; Value = "1.52R"; VariantName = "[No Variations]"
Add component (AddParameter): Name = "Height"; Value = "5.8mm"; VariantName = "[No Variations]"
Add component (AddParameter): Name = "Height - Seated (Max)"; Value = "0.228inch"; VariantName = "[No Variations]"
Add component (AddParameter): Name = "Impedance"; Value = "1.52R"; VariantName = "[No Variations]"
Add component (AddParameter): Name = "Lead Free"; Value = "Lead Free"; VariantName = "[No Variations]"
Add component (AddParameter): Name = "Leakage Current"; Value = "3uA"; VariantName = "[No Variations]"
Add component (AddParameter): Name = "Length"; Value = "5.8mm"; VariantName = "[No Variations]"
Add component (AddParameter): Name = "Life (Hours)"; Value = "2000Hour"; VariantName = "[No Variations]"
Add component (AddParameter): Name = "Material"; Value = "Aluminium"; VariantName = "[No Variations]"
Add component (AddParameter): Name = "Max Operating Temperature"; Value = "105°C"; VariantName = "[No Variations]"
Add component (AddParameter): Name = "Min Operating Temperature"; Value = "-55°C"; VariantName = "[No Variations]"
Add component (AddParameter): Name = "Mount"; Value = "Surface Mount"; VariantName = "[No Variations]"
Add component (AddParameter): Name = "Number of Pins"; Value = "2"; VariantName = "[No Variations]"
Add component (AddParameter): Name = "Package Quantity"; Value = "1000"; VariantName = "[No Variations]"
Add component (AddParameter): Name = "Packaging"; Value = "Tape and Reel"; VariantName = "[No Variations]"
Add component (AddParameter): Name = "Radiation Hardening"; Value = "No"; VariantName = "[No Variations]"
Add component (AddParameter): Name = "REACH SVHC"; Value = "No SVHC"; VariantName = "[No Variations]"
Add component (AddParameter): Name = "Ripple Current"; Value = "85mA"; VariantName = "[No Variations]"
Add component (AddParameter): Name = "Ripple Current (AC)"; Value = "85mA"; VariantName = "[No Variations]"
Add component (AddParameter): Name = "RoHS Compliant"; Value = "Yes"; VariantName = "[No Variations]"
Add component (AddParameter): Name = "Series"; Value = "FK"; VariantName = "[No Variations]"
Add component (AddParameter): Name = "Termination"; Value = "SMD/SMT"; VariantName = "[No Variations]"
Add component (AddParameter): Name = "Tolerance"; Value = "20%"; VariantName = "[No Variations]"
Add component (AddParameter): Name = "Voltage"; Value = "50V"; VariantName = "[No Variations]"
Add component (AddParameter): Name = "Voltage Rating"; Value = "50V"; VariantName = "[No Variations]"
Add component (AddParameter): Name = "Voltage Rating (DC)"; Value = "50V"; VariantName = "[No Variations]"
Add component (AddParameter): Name = "Width"; Value = "6.5mm"; VariantName = "[No Variations]"
Added Component: Designator=C2(AVX-1206-2_L)
Add component (AddParameter): Name = "Capacitance"; Value = "0.001uF"; VariantName = "[No Variations]"
Add component (AddParameter): Name = "Case Size/Dimension"; Value = "1206"; VariantName = "[No Variations]"
Add component (AddParameter): Name = "Datasheet URL"; Value = "https://datasheet.ciiva.com/11787/0900766b80ed4c37-11787781.pdf"; VariantName = "[No Variations]"
Add component (AddParameter): Name = "Datasheet Version"; Value = "11/2010"; VariantName = "[No Variations]"
Add component (AddParameter): Name = "Dielectric"; Value = "X7R"; VariantName = "[No Variations]"
Add component (AddParameter): Name = "Manufacturer"; Value = "AVX"; VariantName = "[No Variations]"
Add component (AddParameter): Name = "Manufacturer URL"; Value = "http://www.avx.com/"; VariantName = "[No Variations]"
Add component (AddParameter): Name = "Mounting Technology"; Value = "SurfaceMount"; VariantName = "[No Variations]"
Add component (AddParameter): Name = "Package Description"; Value = "2-Pin SMD, Body 3.4 x 1.8 mm"; VariantName = "[No Variations]"
Add component (AddParameter): Name = "Package Reference"; Value = "1206"; VariantName = "[No Variations]"
Add component (AddParameter): Name = "PartNumber"; Value = "1206GC102KAT1A"; VariantName = "[No Variations]"
Add component (AddParameter): Name = "Rated Voltage"; Value = "2000V"; VariantName = "[No Variations]"
Add component (AddParameter): Name = "Tolerance"; Value = "10%"; VariantName = "[No Variations]"
Add component (AddParameter): Name = "Tolerance (%)"; Value = "±10%"; VariantName = "[No Variations]"
Add component (AddParameter): Name = "Voltage Rating DC"; Value = "2000V"; VariantName = "[No Variations]"
Added Component: Designator=C3(FP-FKC-MFG)
Add component (AddParameter): Name = "Capacitance"; Value = "10uF"; VariantName = "[No Variations]"
Add component (AddParameter): Name = "Case/Package"; Value = "Radial"; VariantName = "[No Variations]"
Add component (AddParameter): Name = "Construction"; Value = "Cylindrical"; VariantName = "[No Variations]"
Add component (AddParameter): Name = "Contact Plating"; Value = "Tin"; VariantName = "[No Variations]"
Add component (AddParameter): Name = "Diameter"; Value = "5mm"; VariantName = "[No Variations]"
Add component (AddParameter): Name = "Dielectric Material"; Value = "Aluminium"; VariantName = "[No Variations]"
Add component (AddParameter): Name = "ESR (Equivalent Series Resistance)"; Value = "1.52R"; VariantName = "[No Variations]"
Add component (AddParameter): Name = "Height"; Value = "5.8mm"; VariantName = "[No Variations]"
Add component (AddParameter): Name = "Height - Seated (Max)"; Value = "0.228inch"; VariantName = "[No Variations]"
Add component (AddParameter): Name = "Impedance"; Value = "1.52R"; VariantName = "[No Variations]"
Add component (AddParameter): Name = "Lead Free"; Value = "Lead Free"; VariantName = "[No Variations]"
Add component (AddParameter): Name = "Leakage Current"; Value = "3uA"; VariantName = "[No Variations]"
Add component (AddParameter): Name = "Length"; Value = "5.8mm"; VariantName = "[No Variations]"
Add component (AddParameter): Name = "Life (Hours)"; Value = "2000Hour"; VariantName = "[No Variations]"
Add component (AddParameter): Name = "Material"; Value = "Aluminium"; VariantName = "[No Variations]"
Add component (AddParameter): Name = "Max Operating Temperature"; Value = "105°C"; VariantName = "[No Variations]"
Add component (AddParameter): Name = "Min Operating Temperature"; Value = "-55°C"; VariantName = "[No Variations]"
Add component (AddParameter): Name = "Mount"; Value = "Surface Mount"; VariantName = "[No Variations]"
Add component (AddParameter): Name = "Number of Pins"; Value = "2"; VariantName = "[No Variations]"
Add component (AddParameter): Name = "Package Quantity"; Value = "1000"; VariantName = "[No Variations]"
Add component (AddParameter): Name = "Packaging"; Value = "Tape and Reel"; VariantName = "[No Variations]"
Add component (AddParameter): Name = "Radiation Hardening"; Value = "No"; VariantName = "[No Variations]"
Add component (AddParameter): Name = "REACH SVHC"; Value = "No SVHC"; VariantName = "[No Variations]"
Add component (AddParameter): Name = "Ripple Current"; Value = "85mA"; VariantName = "[No Variations]"
Add component (AddParameter): Name = "Ripple Current (AC)"; Value = "85mA"; VariantName = "[No Variations]"
Add component (AddParameter): Name = "RoHS Compliant"; Value = "Yes"; VariantName = "[No Variations]"
Add component (AddParameter): Name = "Series"; Value = "FK"; VariantName = "[No Variations]"
Add component (AddParameter): Name = "Termination"; Value = "SMD/SMT"; VariantName = "[No Variations]"
Add component (AddParameter): Name = "Tolerance"; Value = "20%"; VariantName = "[No Variations]"
Add component (AddParameter): Name = "Voltage"; Value = "50V"; VariantName = "[No Variations]"
Add component (AddParameter): Name = "Voltage Rating"; Value = "50V"; VariantName = "[No Variations]"
Add component (AddParameter): Name = "Voltage Rating (DC)"; Value = "50V"; VariantName = "[No Variations]"
Add component (AddParameter): Name = "Width"; Value = "6.5mm"; VariantName = "[No Variations]"
Added Component: Designator=C4(AVX-1206-2_L)
Add component (AddParameter): Name = "Capacitance"; Value = "0.001uF"; VariantName = "[No Variations]"
Add component (AddParameter): Name = "Case Size/Dimension"; Value = "1206"; VariantName = "[No Variations]"
Add component (AddParameter): Name = "Datasheet URL"; Value = "https://datasheet.ciiva.com/11787/0900766b80ed4c37-11787781.pdf"; VariantName = "[No Variations]"
Add component (AddParameter): Name = "Datasheet Version"; Value = "11/2010"; VariantName = "[No Variations]"
Add component (AddParameter): Name = "Dielectric"; Value = "X7R"; VariantName = "[No Variations]"
Add component (AddParameter): Name = "Manufacturer"; Value = "AVX"; VariantName = "[No Variations]"
Add component (AddParameter): Name = "Manufacturer URL"; Value = "http://www.avx.com/"; VariantName = "[No Variations]"
Add component (AddParameter): Name = "Mounting Technology"; Value = "SurfaceMount"; VariantName = "[No Variations]"
Add component (AddParameter): Name = "Package Description"; Value = "2-Pin SMD, Body 3.4 x 1.8 mm"; VariantName = "[No Variations]"
Add component (AddParameter): Name = "Package Reference"; Value = "1206"; VariantName = "[No Variations]"
Add component (AddParameter): Name = "PartNumber"; Value = "1206GC102KAT1A"; VariantName = "[No Variations]"
Add component (AddParameter): Name = "Rated Voltage"; Value = "2000V"; VariantName = "[No Variations]"
Add component (AddParameter): Name = "Tolerance"; Value = "10%"; VariantName = "[No Variations]"
Add component (AddParameter): Name = "Tolerance (%)"; Value = "±10%"; VariantName = "[No Variations]"
Add component (AddParameter): Name = "Voltage Rating DC"; Value = "2000V"; VariantName = "[No Variations]"
Added Component: Designator=D1(DIOD-DO-41-P-2_V)
Add component (AddParameter): Name = "ComponentLink1Description"; Value = "Manufacturer URL"; VariantName = "[No Variations]"
Add component (AddParameter): Name = "ComponentLink1URL"; Value = "http://diodes.com/"; VariantName = "[No Variations]"
Add component (AddParameter): Name = "ComponentLink2Description"; Value = "Datasheet"; VariantName = "[No Variations]"
Add component (AddParameter): Name = "ComponentLink2URL"; Value = "http://diodes.com/datasheets/ds28002.pdf"; VariantName = "[No Variations]"
Add component (AddParameter): Name = "CT (pF)"; Value = "15"; VariantName = "[No Variations]"
Add component (AddParameter): Name = "DatasheetVersion"; Value = "Rev. 8-2"; VariantName = "[No Variations]"
Add component (AddParameter): Name = "Manufacturer"; Value = "Diodes Inc"; VariantName = "[No Variations]"
Add component (AddParameter): Name = "Max. Average Rectified Current IO (A)"; Value = "1"; VariantName = "[No Variations]"
Add component (AddParameter): Name = "Max. IFSM (A)"; Value = "30"; VariantName = "[No Variations]"
Add component (AddParameter): Name = "Max. IR (uA)"; Value = "5"; VariantName = "[No Variations]"
Add component (AddParameter): Name = "Mounting Technology"; Value = "Through Hole"; VariantName = "[No Variations]"
Add component (AddParameter): Name = "Operating Temperature Range (degC)"; Value = "-65 to 150"; VariantName = "[No Variations]"
Add component (AddParameter): Name = "PackageDescription"; Value = "2-Pin Axial Lead, Body 4.635 x 2.36 mm, Lead Spread 25.4 mm"; VariantName = "[No Variations]"
Add component (AddParameter): Name = "PackageReference"; Value = "DO-41-P-2"; VariantName = "[No Variations]"
Add component (AddParameter): Name = "Packing"; Value = "Tape and Reel"; VariantName = "[No Variations]"
Add component (AddParameter): Name = "PartNumber"; Value = "1N4001-T"; VariantName = "[No Variations]"
Add component (AddParameter): Name = "RoHS"; Value = "TRUE"; VariantName = "[No Variations]"
Add component (AddParameter): Name = "VF (V)"; Value = "1"; VariantName = "[No Variations]"
Add component (AddParameter): Name = "VRRM (V)"; Value = "50"; VariantName = "[No Variations]"
Added Component: Designator=D2(DIOD-DO-41-P-2_V)
Add component (AddParameter): Name = "ComponentLink1Description"; Value = "Manufacturer URL"; VariantName = "[No Variations]"
Add component (AddParameter): Name = "ComponentLink1URL"; Value = "http://diodes.com/"; VariantName = "[No Variations]"
Add component (AddParameter): Name = "ComponentLink2Description"; Value = "Datasheet"; VariantName = "[No Variations]"
Add component (AddParameter): Name = "ComponentLink2URL"; Value = "http://diodes.com/datasheets/ds28002.pdf"; VariantName = "[No Variations]"
Add component (AddParameter): Name = "CT (pF)"; Value = "15"; VariantName = "[No Variations]"
Add component (AddParameter): Name = "DatasheetVersion"; Value = "Rev. 8-2"; VariantName = "[No Variations]"
Add component (AddParameter): Name = "Manufacturer"; Value = "Diodes Inc"; VariantName = "[No Variations]"
Add component (AddParameter): Name = "Max. Average Rectified Current IO (A)"; Value = "1"; VariantName = "[No Variations]"
Add component (AddParameter): Name = "Max. IFSM (A)"; Value = "30"; VariantName = "[No Variations]"
Add component (AddParameter): Name = "Max. IR (uA)"; Value = "5"; VariantName = "[No Variations]"
Add component (AddParameter): Name = "Mounting Technology"; Value = "Through Hole"; VariantName = "[No Variations]"
Add component (AddParameter): Name = "Operating Temperature Range (degC)"; Value = "-65 to 150"; VariantName = "[No Variations]"
Add component (AddParameter): Name = "PackageDescription"; Value = "2-Pin Axial Lead, Body 4.635 x 2.36 mm, Lead Spread 25.4 mm"; VariantName = "[No Variations]"
Add component (AddParameter): Name = "PackageReference"; Value = "DO-41-P-2"; VariantName = "[No Variations]"
Add component (AddParameter): Name = "Packing"; Value = "Tape and Reel"; VariantName = "[No Variations]"
Add component (AddParameter): Name = "PartNumber"; Value = "1N4001-T"; VariantName = "[No Variations]"
Add component (AddParameter): Name = "RoHS"; Value = "TRUE"; VariantName = "[No Variations]"
Add component (AddParameter): Name = "VF (V)"; Value = "1"; VariantName = "[No Variations]"
Add component (AddParameter): Name = "VRRM (V)"; Value = "50"; VariantName = "[No Variations]"
Added Component: Designator=D3(DIOD-DO-41-P-2_V)
Add component (AddParameter): Name = "ComponentLink1Description"; Value = "Manufacturer URL"; VariantName = "[No Variations]"
Add component (AddParameter): Name = "ComponentLink1URL"; Value = "http://diodes.com/"; VariantName = "[No Variations]"
Add component (AddParameter): Name = "ComponentLink2Description"; Value = "Datasheet"; VariantName = "[No Variations]"
Add component (AddParameter): Name = "ComponentLink2URL"; Value = "http://diodes.com/datasheets/ds28002.pdf"; VariantName = "[No Variations]"
Add component (AddParameter): Name = "CT (pF)"; Value = "15"; VariantName = "[No Variations]"
Add component (AddParameter): Name = "DatasheetVersion"; Value = "Rev. 8-2"; VariantName = "[No Variations]"
Add component (AddParameter): Name = "Manufacturer"; Value = "Diodes Inc"; VariantName = "[No Variations]"
Add component (AddParameter): Name = "Max. Average Rectified Current IO (A)"; Value = "1"; VariantName = "[No Variations]"
Add component (AddParameter): Name = "Max. IFSM (A)"; Value = "30"; VariantName = "[No Variations]"
Add component (AddParameter): Name = "Max. IR (uA)"; Value = "5"; VariantName = "[No Variations]"
Add component (AddParameter): Name = "Mounting Technology"; Value = "Through Hole"; VariantName = "[No Variations]"
Add component (AddParameter): Name = "Operating Temperature Range (degC)"; Value = "-65 to 150"; VariantName = "[No Variations]"
Add component (AddParameter): Name = "PackageDescription"; Value = "2-Pin Axial Lead, Body 4.635 x 2.36 mm, Lead Spread 25.4 mm"; VariantName = "[No Variations]"
Add component (AddParameter): Name = "PackageReference"; Value = "DO-41-P-2"; VariantName = "[No Variations]"
Add component (AddParameter): Name = "Packing"; Value = "Tape and Reel"; VariantName = "[No Variations]"
Add component (AddParameter): Name = "PartNumber"; Value = "1N4001-T"; VariantName = "[No Variations]"
Add component (AddParameter): Name = "RoHS"; Value = "TRUE"; VariantName = "[No Variations]"
Add component (AddParameter): Name = "VF (V)"; Value = "1"; VariantName = "[No Variations]"
Add component (AddParameter): Name = "VRRM (V)"; Value = "50"; VariantName = "[No Variations]"
Added Component: Designator=D4(WL-TMRC_D3.95H5.3)
Add component (AddParameter): Name = "Case/Package"; Value = "Radial"; VariantName = "[No Variations]"
Add component (AddParameter): Name = "Color"; Value = "Green"; VariantName = "[No Variations]"
Add component (AddParameter): Name = "Dominant Wavelength"; Value = "570nm"; VariantName = "[No Variations]"
Add component (AddParameter): Name = "Forward Current"; Value = "100mA"; VariantName = "[No Variations]"
Add component (AddParameter): Name = "Forward Voltage"; Value = "2.1V"; VariantName = "[No Variations]"
Add component (AddParameter): Name = "Height"; Value = "5.3mm"; VariantName = "[No Variations]"
Add component (AddParameter): Name = "Length"; Value = "3mm"; VariantName = "[No Variations]"
Add component (AddParameter): Name = "Lens Size"; Value = "3mm"; VariantName = "[No Variations]"
Add component (AddParameter): Name = "Lens Style"; Value = "Circular, Diffused, Round"; VariantName = "[No Variations]"
Add component (AddParameter): Name = "Luminous Intensity"; Value = "120mcd"; VariantName = "[No Variations]"
Add component (AddParameter): Name = "Max Operating Temperature"; Value = "85°C"; VariantName = "[No Variations]"
Add component (AddParameter): Name = "Max Reverse Voltage (DC)"; Value = "5V"; VariantName = "[No Variations]"
Add component (AddParameter): Name = "Min Operating Temperature"; Value = "-40°C"; VariantName = "[No Variations]"
Add component (AddParameter): Name = "Mount"; Value = "Through Hole"; VariantName = "[No Variations]"
Add component (AddParameter): Name = "NexarPartId"; Value = "29717804"; VariantName = "[No Variations]"
Add component (AddParameter): Name = "Number of Pins"; Value = "2"; VariantName = "[No Variations]"
Add component (AddParameter): Name = "Packaging"; Value = "Bulk"; VariantName = "[No Variations]"
Add component (AddParameter): Name = "Peak Wavelength"; Value = "573nm"; VariantName = "[No Variations]"
Add component (AddParameter): Name = "REACH SVHC"; Value = "Unknown"; VariantName = "[No Variations]"
Add component (AddParameter): Name = "RoHS"; Value = "Compliant"; VariantName = "[No Variations]"
Add component (AddParameter): Name = "Test Current"; Value = "20mA"; VariantName = "[No Variations]"
Add component (AddParameter): Name = "Viewing Angle"; Value = "40°"; VariantName = "[No Variations]"
Add component (AddParameter): Name = "Wavelength"; Value = "570nm"; VariantName = "[No Variations]"
Add component (AddParameter): Name = "Width"; Value = "3mm"; VariantName = "[No Variations]"
Added Component: Designator=D5(WL-TMRC_D3.95H5.3)
Add component (AddParameter): Name = "Case/Package"; Value = "Radial"; VariantName = "[No Variations]"
Add component (AddParameter): Name = "Color"; Value = "Green"; VariantName = "[No Variations]"
Add component (AddParameter): Name = "Dominant Wavelength"; Value = "570nm"; VariantName = "[No Variations]"
Add component (AddParameter): Name = "Forward Current"; Value = "100mA"; VariantName = "[No Variations]"
Add component (AddParameter): Name = "Forward Voltage"; Value = "2.1V"; VariantName = "[No Variations]"
Add component (AddParameter): Name = "Height"; Value = "5.3mm"; VariantName = "[No Variations]"
Add component (AddParameter): Name = "Length"; Value = "3mm"; VariantName = "[No Variations]"
Add component (AddParameter): Name = "Lens Size"; Value = "3mm"; VariantName = "[No Variations]"
Add component (AddParameter): Name = "Lens Style"; Value = "Circular, Diffused, Round"; VariantName = "[No Variations]"
Add component (AddParameter): Name = "Luminous Intensity"; Value = "120mcd"; VariantName = "[No Variations]"
Add component (AddParameter): Name = "Max Operating Temperature"; Value = "85°C"; VariantName = "[No Variations]"
Add component (AddParameter): Name = "Max Reverse Voltage (DC)"; Value = "5V"; VariantName = "[No Variations]"
Add component (AddParameter): Name = "Min Operating Temperature"; Value = "-40°C"; VariantName = "[No Variations]"
Add component (AddParameter): Name = "Mount"; Value = "Through Hole"; VariantName = "[No Variations]"
Add component (AddParameter): Name = "NexarPartId"; Value = "29717804"; VariantName = "[No Variations]"
Add component (AddParameter): Name = "Number of Pins"; Value = "2"; VariantName = "[No Variations]"
Add component (AddParameter): Name = "Packaging"; Value = "Bulk"; VariantName = "[No Variations]"
Add component (AddParameter): Name = "Peak Wavelength"; Value = "573nm"; VariantName = "[No Variations]"
Add component (AddParameter): Name = "REACH SVHC"; Value = "Unknown"; VariantName = "[No Variations]"
Add component (AddParameter): Name = "RoHS"; Value = "Compliant"; VariantName = "[No Variations]"
Add component (AddParameter): Name = "Test Current"; Value = "20mA"; VariantName = "[No Variations]"
Add component (AddParameter): Name = "Viewing Angle"; Value = "40°"; VariantName = "[No Variations]"
Add component (AddParameter): Name = "Wavelength"; Value = "570nm"; VariantName = "[No Variations]"
Add component (AddParameter): Name = "Width"; Value = "3mm"; VariantName = "[No Variations]"
Added Component: Designator=D6(WL-TMRC_D3.95H5.3)
Add component (AddParameter): Name = "Case/Package"; Value = "Radial"; VariantName = "[No Variations]"
Add component (AddParameter): Name = "Color"; Value = "Green"; VariantName = "[No Variations]"
Add component (AddParameter): Name = "Dominant Wavelength"; Value = "570nm"; VariantName = "[No Variations]"
Add component (AddParameter): Name = "Forward Current"; Value = "100mA"; VariantName = "[No Variations]"
Add component (AddParameter): Name = "Forward Voltage"; Value = "2.1V"; VariantName = "[No Variations]"
Add component (AddParameter): Name = "Height"; Value = "5.3mm"; VariantName = "[No Variations]"
Add component (AddParameter): Name = "Length"; Value = "3mm"; VariantName = "[No Variations]"
Add component (AddParameter): Name = "Lens Size"; Value = "3mm"; VariantName = "[No Variations]"
Add component (AddParameter): Name = "Lens Style"; Value = "Circular, Diffused, Round"; VariantName = "[No Variations]"
Add component (AddParameter): Name = "Luminous Intensity"; Value = "120mcd"; VariantName = "[No Variations]"
Add component (AddParameter): Name = "Max Operating Temperature"; Value = "85°C"; VariantName = "[No Variations]"
Add component (AddParameter): Name = "Max Reverse Voltage (DC)"; Value = "5V"; VariantName = "[No Variations]"
Add component (AddParameter): Name = "Min Operating Temperature"; Value = "-40°C"; VariantName = "[No Variations]"
Add component (AddParameter): Name = "Mount"; Value = "Through Hole"; VariantName = "[No Variations]"
Add component (AddParameter): Name = "NexarPartId"; Value = "29717804"; VariantName = "[No Variations]"
Add component (AddParameter): Name = "Number of Pins"; Value = "2"; VariantName = "[No Variations]"
Add component (AddParameter): Name = "Packaging"; Value = "Bulk"; VariantName = "[No Variations]"
Add component (AddParameter): Name = "Peak Wavelength"; Value = "573nm"; VariantName = "[No Variations]"
Add component (AddParameter): Name = "REACH SVHC"; Value = "Unknown"; VariantName = "[No Variations]"
Add component (AddParameter): Name = "RoHS"; Value = "Compliant"; VariantName = "[No Variations]"
Add component (AddParameter): Name = "Test Current"; Value = "20mA"; VariantName = "[No Variations]"
Add component (AddParameter): Name = "Viewing Angle"; Value = "40°"; VariantName = "[No Variations]"
Add component (AddParameter): Name = "Wavelength"; Value = "570nm"; VariantName = "[No Variations]"
Add component (AddParameter): Name = "Width"; Value = "3mm"; VariantName = "[No Variations]"
Added Component: Designator=D7(DIOD-DO-41-P-2_V)
Add component (AddParameter): Name = "ComponentLink1Description"; Value = "Manufacturer URL"; VariantName = "[No Variations]"
Add component (AddParameter): Name = "ComponentLink1URL"; Value = "http://diodes.com/"; VariantName = "[No Variations]"
Add component (AddParameter): Name = "ComponentLink2Description"; Value = "Datasheet"; VariantName = "[No Variations]"
Add component (AddParameter): Name = "ComponentLink2URL"; Value = "http://diodes.com/datasheets/ds28002.pdf"; VariantName = "[No Variations]"
Add component (AddParameter): Name = "CT (pF)"; Value = "15"; VariantName = "[No Variations]"
Add component (AddParameter): Name = "DatasheetVersion"; Value = "Rev. 8-2"; VariantName = "[No Variations]"
Add component (AddParameter): Name = "Manufacturer"; Value = "Diodes Inc"; VariantName = "[No Variations]"
Add component (AddParameter): Name = "Max. Average Rectified Current IO (A)"; Value = "1"; VariantName = "[No Variations]"
Add component (AddParameter): Name = "Max. IFSM (A)"; Value = "30"; VariantName = "[No Variations]"
Add component (AddParameter): Name = "Max. IR (uA)"; Value = "5"; VariantName = "[No Variations]"
Add component (AddParameter): Name = "Mounting Technology"; Value = "Through Hole"; VariantName = "[No Variations]"
Add component (AddParameter): Name = "Operating Temperature Range (degC)"; Value = "-65 to 150"; VariantName = "[No Variations]"
Add component (AddParameter): Name = "PackageDescription"; Value = "2-Pin Axial Lead, Body 4.635 x 2.36 mm, Lead Spread 25.4 mm"; VariantName = "[No Variations]"
Add component (AddParameter): Name = "PackageReference"; Value = "DO-41-P-2"; VariantName = "[No Variations]"
Add component (AddParameter): Name = "Packing"; Value = "Tape and Reel"; VariantName = "[No Variations]"
Add component (AddParameter): Name = "PartNumber"; Value = "1N4001-T"; VariantName = "[No Variations]"
Add component (AddParameter): Name = "RoHS"; Value = "TRUE"; VariantName = "[No Variations]"
Add component (AddParameter): Name = "VF (V)"; Value = "1"; VariantName = "[No Variations]"
Add component (AddParameter): Name = "VRRM (V)"; Value = "50"; VariantName = "[No Variations]"
Added Component: Designator=D8(DIOD-DO-41-P-2_V)
Add component (AddParameter): Name = "ComponentLink1Description"; Value = "Manufacturer URL"; VariantName = "[No Variations]"
Add component (AddParameter): Name = "ComponentLink1URL"; Value = "http://diodes.com/"; VariantName = "[No Variations]"
Add component (AddParameter): Name = "ComponentLink2Description"; Value = "Datasheet"; VariantName = "[No Variations]"
Add component (AddParameter): Name = "ComponentLink2URL"; Value = "http://diodes.com/datasheets/ds28002.pdf"; VariantName = "[No Variations]"
Add component (AddParameter): Name = "CT (pF)"; Value = "15"; VariantName = "[No Variations]"
Add component (AddParameter): Name = "DatasheetVersion"; Value = "Rev. 8-2"; VariantName = "[No Variations]"
Add component (AddParameter): Name = "Manufacturer"; Value = "Diodes Inc"; VariantName = "[No Variations]"
Add component (AddParameter): Name = "Max. Average Rectified Current IO (A)"; Value = "1"; VariantName = "[No Variations]"
Add component (AddParameter): Name = "Max. IFSM (A)"; Value = "30"; VariantName = "[No Variations]"
Add component (AddParameter): Name = "Max. IR (uA)"; Value = "5"; VariantName = "[No Variations]"
Add component (AddParameter): Name = "Mounting Technology"; Value = "Through Hole"; VariantName = "[No Variations]"
Add component (AddParameter): Name = "Operating Temperature Range (degC)"; Value = "-65 to 150"; VariantName = "[No Variations]"
Add component (AddParameter): Name = "PackageDescription"; Value = "2-Pin Axial Lead, Body 4.635 x 2.36 mm, Lead Spread 25.4 mm"; VariantName = "[No Variations]"
Add component (AddParameter): Name = "PackageReference"; Value = "DO-41-P-2"; VariantName = "[No Variations]"
Add component (AddParameter): Name = "Packing"; Value = "Tape and Reel"; VariantName = "[No Variations]"
Add component (AddParameter): Name = "PartNumber"; Value = "1N4001-T"; VariantName = "[No Variations]"
Add component (AddParameter): Name = "RoHS"; Value = "TRUE"; VariantName = "[No Variations]"
Add component (AddParameter): Name = "VF (V)"; Value = "1"; VariantName = "[No Variations]"
Add component (AddParameter): Name = "VRRM (V)"; Value = "50"; VariantName = "[No Variations]"
Added Component: Designator=D9(DIOD-DO-41-P-2_V)
Add component (AddParameter): Name = "ComponentLink1Description"; Value = "Manufacturer URL"; VariantName = "[No Variations]"
Add component (AddParameter): Name = "ComponentLink1URL"; Value = "http://diodes.com/"; VariantName = "[No Variations]"
Add component (AddParameter): Name = "ComponentLink2Description"; Value = "Datasheet"; VariantName = "[No Variations]"
Add component (AddParameter): Name = "ComponentLink2URL"; Value = "http://diodes.com/datasheets/ds28002.pdf"; VariantName = "[No Variations]"
Add component (AddParameter): Name = "CT (pF)"; Value = "15"; VariantName = "[No Variations]"
Add component (AddParameter): Name = "DatasheetVersion"; Value = "Rev. 8-2"; VariantName = "[No Variations]"
Add component (AddParameter): Name = "Manufacturer"; Value = "Diodes Inc"; VariantName = "[No Variations]"
Add component (AddParameter): Name = "Max. Average Rectified Current IO (A)"; Value = "1"; VariantName = "[No Variations]"
Add component (AddParameter): Name = "Max. IFSM (A)"; Value = "30"; VariantName = "[No Variations]"
Add component (AddParameter): Name = "Max. IR (uA)"; Value = "5"; VariantName = "[No Variations]"
Add component (AddParameter): Name = "Mounting Technology"; Value = "Through Hole"; VariantName = "[No Variations]"
Add component (AddParameter): Name = "Operating Temperature Range (degC)"; Value = "-65 to 150"; VariantName = "[No Variations]"
Add component (AddParameter): Name = "PackageDescription"; Value = "2-Pin Axial Lead, Body 4.635 x 2.36 mm, Lead Spread 25.4 mm"; VariantName = "[No Variations]"
Add component (AddParameter): Name = "PackageReference"; Value = "DO-41-P-2"; VariantName = "[No Variations]"
Add component (AddParameter): Name = "Packing"; Value = "Tape and Reel"; VariantName = "[No Variations]"
Add component (AddParameter): Name = "PartNumber"; Value = "1N4001-T"; VariantName = "[No Variations]"
Add component (AddParameter): Name = "RoHS"; Value = "TRUE"; VariantName = "[No Variations]"
Add component (AddParameter): Name = "VF (V)"; Value = "1"; VariantName = "[No Variations]"
Add component (AddParameter): Name = "VRRM (V)"; Value = "50"; VariantName = "[No Variations]"
Added Component: Designator=D10(WL-TMRC_D3.95H5.3)
Add component (AddParameter): Name = "Case/Package"; Value = "Radial"; VariantName = "[No Variations]"
Add component (AddParameter): Name = "Color"; Value = "Green"; VariantName = "[No Variations]"
Add component (AddParameter): Name = "Dominant Wavelength"; Value = "570nm"; VariantName = "[No Variations]"
Add component (AddParameter): Name = "Forward Current"; Value = "100mA"; VariantName = "[No Variations]"
Add component (AddParameter): Name = "Forward Voltage"; Value = "2.1V"; VariantName = "[No Variations]"
Add component (AddParameter): Name = "Height"; Value = "5.3mm"; VariantName = "[No Variations]"
Add component (AddParameter): Name = "Length"; Value = "3mm"; VariantName = "[No Variations]"
Add component (AddParameter): Name = "Lens Size"; Value = "3mm"; VariantName = "[No Variations]"
Add component (AddParameter): Name = "Lens Style"; Value = "Circular, Diffused, Round"; VariantName = "[No Variations]"
Add component (AddParameter): Name = "Luminous Intensity"; Value = "120mcd"; VariantName = "[No Variations]"
Add component (AddParameter): Name = "Max Operating Temperature"; Value = "85°C"; VariantName = "[No Variations]"
Add component (AddParameter): Name = "Max Reverse Voltage (DC)"; Value = "5V"; VariantName = "[No Variations]"
Add component (AddParameter): Name = "Min Operating Temperature"; Value = "-40°C"; VariantName = "[No Variations]"
Add component (AddParameter): Name = "Mount"; Value = "Through Hole"; VariantName = "[No Variations]"
Add component (AddParameter): Name = "NexarPartId"; Value = "29717804"; VariantName = "[No Variations]"
Add component (AddParameter): Name = "Number of Pins"; Value = "2"; VariantName = "[No Variations]"
Add component (AddParameter): Name = "Packaging"; Value = "Bulk"; VariantName = "[No Variations]"
Add component (AddParameter): Name = "Peak Wavelength"; Value = "573nm"; VariantName = "[No Variations]"
Add component (AddParameter): Name = "REACH SVHC"; Value = "Unknown"; VariantName = "[No Variations]"
Add component (AddParameter): Name = "RoHS"; Value = "Compliant"; VariantName = "[No Variations]"
Add component (AddParameter): Name = "Test Current"; Value = "20mA"; VariantName = "[No Variations]"
Add component (AddParameter): Name = "Viewing Angle"; Value = "40°"; VariantName = "[No Variations]"
Add component (AddParameter): Name = "Wavelength"; Value = "570nm"; VariantName = "[No Variations]"
Add component (AddParameter): Name = "Width"; Value = "3mm"; VariantName = "[No Variations]"
Added Component: Designator=D11(WL-TMRC_D3.95H5.3)
Add component (AddParameter): Name = "Case/Package"; Value = "Radial"; VariantName = "[No Variations]"
Add component (AddParameter): Name = "Color"; Value = "Green"; VariantName = "[No Variations]"
Add component (AddParameter): Name = "Dominant Wavelength"; Value = "570nm"; VariantName = "[No Variations]"
Add component (AddParameter): Name = "Forward Current"; Value = "100mA"; VariantName = "[No Variations]"
Add component (AddParameter): Name = "Forward Voltage"; Value = "2.1V"; VariantName = "[No Variations]"
Add component (AddParameter): Name = "Height"; Value = "5.3mm"; VariantName = "[No Variations]"
Add component (AddParameter): Name = "Length"; Value = "3mm"; VariantName = "[No Variations]"
Add component (AddParameter): Name = "Lens Size"; Value = "3mm"; VariantName = "[No Variations]"
Add component (AddParameter): Name = "Lens Style"; Value = "Circular, Diffused, Round"; VariantName = "[No Variations]"
Add component (AddParameter): Name = "Luminous Intensity"; Value = "120mcd"; VariantName = "[No Variations]"
Add component (AddParameter): Name = "Max Operating Temperature"; Value = "85°C"; VariantName = "[No Variations]"
Add component (AddParameter): Name = "Max Reverse Voltage (DC)"; Value = "5V"; VariantName = "[No Variations]"
Add component (AddParameter): Name = "Min Operating Temperature"; Value = "-40°C"; VariantName = "[No Variations]"
Add component (AddParameter): Name = "Mount"; Value = "Through Hole"; VariantName = "[No Variations]"
Add component (AddParameter): Name = "NexarPartId"; Value = "29717804"; VariantName = "[No Variations]"
Add component (AddParameter): Name = "Number of Pins"; Value = "2"; VariantName = "[No Variations]"
Add component (AddParameter): Name = "Packaging"; Value = "Bulk"; VariantName = "[No Variations]"
Add component (AddParameter): Name = "Peak Wavelength"; Value = "573nm"; VariantName = "[No Variations]"
Add component (AddParameter): Name = "REACH SVHC"; Value = "Unknown"; VariantName = "[No Variations]"
Add component (AddParameter): Name = "RoHS"; Value = "Compliant"; VariantName = "[No Variations]"
Add component (AddParameter): Name = "Test Current"; Value = "20mA"; VariantName = "[No Variations]"
Add component (AddParameter): Name = "Viewing Angle"; Value = "40°"; VariantName = "[No Variations]"
Add component (AddParameter): Name = "Wavelength"; Value = "570nm"; VariantName = "[No Variations]"
Add component (AddParameter): Name = "Width"; Value = "3mm"; VariantName = "[No Variations]"
Added Component: Designator=D12(WL-TMRC_D3.95H5.3)
Add component (AddParameter): Name = "Case/Package"; Value = "Radial"; VariantName = "[No Variations]"
Add component (AddParameter): Name = "Color"; Value = "Green"; VariantName = "[No Variations]"
Add component (AddParameter): Name = "Dominant Wavelength"; Value = "570nm"; VariantName = "[No Variations]"
Add component (AddParameter): Name = "Forward Current"; Value = "100mA"; VariantName = "[No Variations]"
Add component (AddParameter): Name = "Forward Voltage"; Value = "2.1V"; VariantName = "[No Variations]"
Add component (AddParameter): Name = "Height"; Value = "5.3mm"; VariantName = "[No Variations]"
Add component (AddParameter): Name = "Length"; Value = "3mm"; VariantName = "[No Variations]"
Add component (AddParameter): Name = "Lens Size"; Value = "3mm"; VariantName = "[No Variations]"
Add component (AddParameter): Name = "Lens Style"; Value = "Circular, Diffused, Round"; VariantName = "[No Variations]"
Add component (AddParameter): Name = "Luminous Intensity"; Value = "120mcd"; VariantName = "[No Variations]"
Add component (AddParameter): Name = "Max Operating Temperature"; Value = "85°C"; VariantName = "[No Variations]"
Add component (AddParameter): Name = "Max Reverse Voltage (DC)"; Value = "5V"; VariantName = "[No Variations]"
Add component (AddParameter): Name = "Min Operating Temperature"; Value = "-40°C"; VariantName = "[No Variations]"
Add component (AddParameter): Name = "Mount"; Value = "Through Hole"; VariantName = "[No Variations]"
Add component (AddParameter): Name = "NexarPartId"; Value = "29717804"; VariantName = "[No Variations]"
Add component (AddParameter): Name = "Number of Pins"; Value = "2"; VariantName = "[No Variations]"
Add component (AddParameter): Name = "Packaging"; Value = "Bulk"; VariantName = "[No Variations]"
Add component (AddParameter): Name = "Peak Wavelength"; Value = "573nm"; VariantName = "[No Variations]"
Add component (AddParameter): Name = "REACH SVHC"; Value = "Unknown"; VariantName = "[No Variations]"
Add component (AddParameter): Name = "RoHS"; Value = "Compliant"; VariantName = "[No Variations]"
Add component (AddParameter): Name = "Test Current"; Value = "20mA"; VariantName = "[No Variations]"
Add component (AddParameter): Name = "Viewing Angle"; Value = "40°"; VariantName = "[No Variations]"
Add component (AddParameter): Name = "Wavelength"; Value = "570nm"; VariantName = "[No Variations]"
Add component (AddParameter): Name = "Width"; Value = "3mm"; VariantName = "[No Variations]"
Added Component: Designator=D13(DIOD-DO-41-P-2_V)
Add component (AddParameter): Name = "ComponentLink1Description"; Value = "Manufacturer URL"; VariantName = "[No Variations]"
Add component (AddParameter): Name = "ComponentLink1URL"; Value = "http://diodes.com/"; VariantName = "[No Variations]"
Add component (AddParameter): Name = "ComponentLink2Description"; Value = "Datasheet"; VariantName = "[No Variations]"
Add component (AddParameter): Name = "ComponentLink2URL"; Value = "http://diodes.com/datasheets/ds28002.pdf"; VariantName = "[No Variations]"
Add component (AddParameter): Name = "CT (pF)"; Value = "15"; VariantName = "[No Variations]"
Add component (AddParameter): Name = "DatasheetVersion"; Value = "Rev. 8-2"; VariantName = "[No Variations]"
Add component (AddParameter): Name = "Manufacturer"; Value = "Diodes Inc"; VariantName = "[No Variations]"
Add component (AddParameter): Name = "Max. Average Rectified Current IO (A)"; Value = "1"; VariantName = "[No Variations]"
Add component (AddParameter): Name = "Max. IFSM (A)"; Value = "30"; VariantName = "[No Variations]"
Add component (AddParameter): Name = "Max. IR (uA)"; Value = "5"; VariantName = "[No Variations]"
Add component (AddParameter): Name = "Mounting Technology"; Value = "Through Hole"; VariantName = "[No Variations]"
Add component (AddParameter): Name = "Operating Temperature Range (degC)"; Value = "-65 to 150"; VariantName = "[No Variations]"
Add component (AddParameter): Name = "PackageDescription"; Value = "2-Pin Axial Lead, Body 4.635 x 2.36 mm, Lead Spread 25.4 mm"; VariantName = "[No Variations]"
Add component (AddParameter): Name = "PackageReference"; Value = "DO-41-P-2"; VariantName = "[No Variations]"
Add component (AddParameter): Name = "Packing"; Value = "Tape and Reel"; VariantName = "[No Variations]"
Add component (AddParameter): Name = "PartNumber"; Value = "1N4001-T"; VariantName = "[No Variations]"
Add component (AddParameter): Name = "RoHS"; Value = "TRUE"; VariantName = "[No Variations]"
Add component (AddParameter): Name = "VF (V)"; Value = "1"; VariantName = "[No Variations]"
Add component (AddParameter): Name = "VRRM (V)"; Value = "50"; VariantName = "[No Variations]"
Added Component: Designator=D14(DIOD-DO-41-P-2_V)
Add component (AddParameter): Name = "ComponentLink1Description"; Value = "Manufacturer URL"; VariantName = "[No Variations]"
Add component (AddParameter): Name = "ComponentLink1URL"; Value = "http://diodes.com/"; VariantName = "[No Variations]"
Add component (AddParameter): Name = "ComponentLink2Description"; Value = "Datasheet"; VariantName = "[No Variations]"
Add component (AddParameter): Name = "ComponentLink2URL"; Value = "http://diodes.com/datasheets/ds28002.pdf"; VariantName = "[No Variations]"
Add component (AddParameter): Name = "CT (pF)"; Value = "15"; VariantName = "[No Variations]"
Add component (AddParameter): Name = "DatasheetVersion"; Value = "Rev. 8-2"; VariantName = "[No Variations]"
Add component (AddParameter): Name = "Manufacturer"; Value = "Diodes Inc"; VariantName = "[No Variations]"
Add component (AddParameter): Name = "Max. Average Rectified Current IO (A)"; Value = "1"; VariantName = "[No Variations]"
Add component (AddParameter): Name = "Max. IFSM (A)"; Value = "30"; VariantName = "[No Variations]"
Add component (AddParameter): Name = "Max. IR (uA)"; Value = "5"; VariantName = "[No Variations]"
Add component (AddParameter): Name = "Mounting Technology"; Value = "Through Hole"; VariantName = "[No Variations]"
Add component (AddParameter): Name = "Operating Temperature Range (degC)"; Value = "-65 to 150"; VariantName = "[No Variations]"
Add component (AddParameter): Name = "PackageDescription"; Value = "2-Pin Axial Lead, Body 4.635 x 2.36 mm, Lead Spread 25.4 mm"; VariantName = "[No Variations]"
Add component (AddParameter): Name = "PackageReference"; Value = "DO-41-P-2"; VariantName = "[No Variations]"
Add component (AddParameter): Name = "Packing"; Value = "Tape and Reel"; VariantName = "[No Variations]"
Add component (AddParameter): Name = "PartNumber"; Value = "1N4001-T"; VariantName = "[No Variations]"
Add component (AddParameter): Name = "RoHS"; Value = "TRUE"; VariantName = "[No Variations]"
Add component (AddParameter): Name = "VF (V)"; Value = "1"; VariantName = "[No Variations]"
Add component (AddParameter): Name = "VRRM (V)"; Value = "50"; VariantName = "[No Variations]"
Added Component: Designator=D15(WL-TMRC_D3.95H5.3)
Add component (AddParameter): Name = "Case/Package"; Value = "Radial"; VariantName = "[No Variations]"
Add component (AddParameter): Name = "Color"; Value = "Green"; VariantName = "[No Variations]"
Add component (AddParameter): Name = "Dominant Wavelength"; Value = "570nm"; VariantName = "[No Variations]"
Add component (AddParameter): Name = "Forward Current"; Value = "100mA"; VariantName = "[No Variations]"
Add component (AddParameter): Name = "Forward Voltage"; Value = "2.1V"; VariantName = "[No Variations]"
Add component (AddParameter): Name = "Height"; Value = "5.3mm"; VariantName = "[No Variations]"
Add component (AddParameter): Name = "Length"; Value = "3mm"; VariantName = "[No Variations]"
Add component (AddParameter): Name = "Lens Size"; Value = "3mm"; VariantName = "[No Variations]"
Add component (AddParameter): Name = "Lens Style"; Value = "Circular, Diffused, Round"; VariantName = "[No Variations]"
Add component (AddParameter): Name = "Luminous Intensity"; Value = "120mcd"; VariantName = "[No Variations]"
Add component (AddParameter): Name = "Max Operating Temperature"; Value = "85°C"; VariantName = "[No Variations]"
Add component (AddParameter): Name = "Max Reverse Voltage (DC)"; Value = "5V"; VariantName = "[No Variations]"
Add component (AddParameter): Name = "Min Operating Temperature"; Value = "-40°C"; VariantName = "[No Variations]"
Add component (AddParameter): Name = "Mount"; Value = "Through Hole"; VariantName = "[No Variations]"
Add component (AddParameter): Name = "NexarPartId"; Value = "29717804"; VariantName = "[No Variations]"
Add component (AddParameter): Name = "Number of Pins"; Value = "2"; VariantName = "[No Variations]"
Add component (AddParameter): Name = "Packaging"; Value = "Bulk"; VariantName = "[No Variations]"
Add component (AddParameter): Name = "Peak Wavelength"; Value = "573nm"; VariantName = "[No Variations]"
Add component (AddParameter): Name = "REACH SVHC"; Value = "Unknown"; VariantName = "[No Variations]"
Add component (AddParameter): Name = "RoHS"; Value = "Compliant"; VariantName = "[No Variations]"
Add component (AddParameter): Name = "Test Current"; Value = "20mA"; VariantName = "[No Variations]"
Add component (AddParameter): Name = "Viewing Angle"; Value = "40°"; VariantName = "[No Variations]"
Add component (AddParameter): Name = "Wavelength"; Value = "570nm"; VariantName = "[No Variations]"
Add component (AddParameter): Name = "Width"; Value = "3mm"; VariantName = "[No Variations]"
Added Component: Designator=D16(WL-TMRC_D3.95H5.3)
Add component (AddParameter): Name = "Case/Package"; Value = "Radial"; VariantName = "[No Variations]"
Add component (AddParameter): Name = "Color"; Value = "Green"; VariantName = "[No Variations]"
Add component (AddParameter): Name = "Dominant Wavelength"; Value = "570nm"; VariantName = "[No Variations]"
Add component (AddParameter): Name = "Forward Current"; Value = "100mA"; VariantName = "[No Variations]"
Add component (AddParameter): Name = "Forward Voltage"; Value = "2.1V"; VariantName = "[No Variations]"
Add component (AddParameter): Name = "Height"; Value = "5.3mm"; VariantName = "[No Variations]"
Add component (AddParameter): Name = "Length"; Value = "3mm"; VariantName = "[No Variations]"
Add component (AddParameter): Name = "Lens Size"; Value = "3mm"; VariantName = "[No Variations]"
Add component (AddParameter): Name = "Lens Style"; Value = "Circular, Diffused, Round"; VariantName = "[No Variations]"
Add component (AddParameter): Name = "Luminous Intensity"; Value = "120mcd"; VariantName = "[No Variations]"
Add component (AddParameter): Name = "Max Operating Temperature"; Value = "85°C"; VariantName = "[No Variations]"
Add component (AddParameter): Name = "Max Reverse Voltage (DC)"; Value = "5V"; VariantName = "[No Variations]"
Add component (AddParameter): Name = "Min Operating Temperature"; Value = "-40°C"; VariantName = "[No Variations]"
Add component (AddParameter): Name = "Mount"; Value = "Through Hole"; VariantName = "[No Variations]"
Add component (AddParameter): Name = "NexarPartId"; Value = "29717804"; VariantName = "[No Variations]"
Add component (AddParameter): Name = "Number of Pins"; Value = "2"; VariantName = "[No Variations]"
Add component (AddParameter): Name = "Packaging"; Value = "Bulk"; VariantName = "[No Variations]"
Add component (AddParameter): Name = "Peak Wavelength"; Value = "573nm"; VariantName = "[No Variations]"
Add component (AddParameter): Name = "REACH SVHC"; Value = "Unknown"; VariantName = "[No Variations]"
Add component (AddParameter): Name = "RoHS"; Value = "Compliant"; VariantName = "[No Variations]"
Add component (AddParameter): Name = "Test Current"; Value = "20mA"; VariantName = "[No Variations]"
Add component (AddParameter): Name = "Viewing Angle"; Value = "40°"; VariantName = "[No Variations]"
Add component (AddParameter): Name = "Wavelength"; Value = "570nm"; VariantName = "[No Variations]"
Add component (AddParameter): Name = "Width"; Value = "3mm"; VariantName = "[No Variations]"
Added Component: Designator=D17(WL-TMRC_D3.95H5.3)
Add component (AddParameter): Name = "Case/Package"; Value = "Radial"; VariantName = "[No Variations]"
Add component (AddParameter): Name = "Color"; Value = "Green"; VariantName = "[No Variations]"
Add component (AddParameter): Name = "Dominant Wavelength"; Value = "570nm"; VariantName = "[No Variations]"
Add component (AddParameter): Name = "Forward Current"; Value = "100mA"; VariantName = "[No Variations]"
Add component (AddParameter): Name = "Forward Voltage"; Value = "2.1V"; VariantName = "[No Variations]"
Add component (AddParameter): Name = "Height"; Value = "5.3mm"; VariantName = "[No Variations]"
Add component (AddParameter): Name = "Length"; Value = "3mm"; VariantName = "[No Variations]"
Add component (AddParameter): Name = "Lens Size"; Value = "3mm"; VariantName = "[No Variations]"
Add component (AddParameter): Name = "Lens Style"; Value = "Circular, Diffused, Round"; VariantName = "[No Variations]"
Add component (AddParameter): Name = "Luminous Intensity"; Value = "120mcd"; VariantName = "[No Variations]"
Add component (AddParameter): Name = "Max Operating Temperature"; Value = "85°C"; VariantName = "[No Variations]"
Add component (AddParameter): Name = "Max Reverse Voltage (DC)"; Value = "5V"; VariantName = "[No Variations]"
Add component (AddParameter): Name = "Min Operating Temperature"; Value = "-40°C"; VariantName = "[No Variations]"
Add component (AddParameter): Name = "Mount"; Value = "Through Hole"; VariantName = "[No Variations]"
Add component (AddParameter): Name = "NexarPartId"; Value = "29717804"; VariantName = "[No Variations]"
Add component (AddParameter): Name = "Number of Pins"; Value = "2"; VariantName = "[No Variations]"
Add component (AddParameter): Name = "Packaging"; Value = "Bulk"; VariantName = "[No Variations]"
Add component (AddParameter): Name = "Peak Wavelength"; Value = "573nm"; VariantName = "[No Variations]"
Add component (AddParameter): Name = "REACH SVHC"; Value = "Unknown"; VariantName = "[No Variations]"
Add component (AddParameter): Name = "RoHS"; Value = "Compliant"; VariantName = "[No Variations]"
Add component (AddParameter): Name = "Test Current"; Value = "20mA"; VariantName = "[No Variations]"
Add component (AddParameter): Name = "Viewing Angle"; Value = "40°"; VariantName = "[No Variations]"
Add component (AddParameter): Name = "Wavelength"; Value = "570nm"; VariantName = "[No Variations]"
Add component (AddParameter): Name = "Width"; Value = "3mm"; VariantName = "[No Variations]"
Added Component: Designator=D18(WL-TMRC_D3.95H5.3)
Add component (AddParameter): Name = "Case/Package"; Value = "Radial"; VariantName = "[No Variations]"
Add component (AddParameter): Name = "Color"; Value = "Green"; VariantName = "[No Variations]"
Add component (AddParameter): Name = "Dominant Wavelength"; Value = "570nm"; VariantName = "[No Variations]"
Add component (AddParameter): Name = "Forward Current"; Value = "100mA"; VariantName = "[No Variations]"
Add component (AddParameter): Name = "Forward Voltage"; Value = "2.1V"; VariantName = "[No Variations]"
Add component (AddParameter): Name = "Height"; Value = "5.3mm"; VariantName = "[No Variations]"
Add component (AddParameter): Name = "Length"; Value = "3mm"; VariantName = "[No Variations]"
Add component (AddParameter): Name = "Lens Size"; Value = "3mm"; VariantName = "[No Variations]"
Add component (AddParameter): Name = "Lens Style"; Value = "Circular, Diffused, Round"; VariantName = "[No Variations]"
Add component (AddParameter): Name = "Luminous Intensity"; Value = "120mcd"; VariantName = "[No Variations]"
Add component (AddParameter): Name = "Max Operating Temperature"; Value = "85°C"; VariantName = "[No Variations]"
Add component (AddParameter): Name = "Max Reverse Voltage (DC)"; Value = "5V"; VariantName = "[No Variations]"
Add component (AddParameter): Name = "Min Operating Temperature"; Value = "-40°C"; VariantName = "[No Variations]"
Add component (AddParameter): Name = "Mount"; Value = "Through Hole"; VariantName = "[No Variations]"
Add component (AddParameter): Name = "NexarPartId"; Value = "29717804"; VariantName = "[No Variations]"
Add component (AddParameter): Name = "Number of Pins"; Value = "2"; VariantName = "[No Variations]"
Add component (AddParameter): Name = "Packaging"; Value = "Bulk"; VariantName = "[No Variations]"
Add component (AddParameter): Name = "Peak Wavelength"; Value = "573nm"; VariantName = "[No Variations]"
Add component (AddParameter): Name = "REACH SVHC"; Value = "Unknown"; VariantName = "[No Variations]"
Add component (AddParameter): Name = "RoHS"; Value = "Compliant"; VariantName = "[No Variations]"
Add component (AddParameter): Name = "Test Current"; Value = "20mA"; VariantName = "[No Variations]"
Add component (AddParameter): Name = "Viewing Angle"; Value = "40°"; VariantName = "[No Variations]"
Add component (AddParameter): Name = "Wavelength"; Value = "570nm"; VariantName = "[No Variations]"
Add component (AddParameter): Name = "Width"; Value = "3mm"; VariantName = "[No Variations]"
Added Component: Designator=J1(691214110002)
Add component (AddParameter): Name = "Color"; Value = "Blue, Green"; VariantName = "[No Variations]"
Add component (AddParameter): Name = "Contact Material"; Value = "Brass"; VariantName = "[No Variations]"
Add component (AddParameter): Name = "Contact Plating"; Value = "Brass, Tin"; VariantName = "[No Variations]"
Add component (AddParameter): Name = "Current"; Value = "10A"; VariantName = "[No Variations]"
Add component (AddParameter): Name = "Current Rating"; Value = "10A"; VariantName = "[No Variations]"
Add component (AddParameter): Name = "Height"; Value = "8.7mm"; VariantName = "[No Variations]"
Add component (AddParameter): Name = "Housing Material"; Value = "Nylon"; VariantName = "[No Variations]"
Add component (AddParameter): Name = "Lead Pitch"; Value = "3.5mm"; VariantName = "[No Variations]"
Add component (AddParameter): Name = "Length"; Value = "7.4mm"; VariantName = "[No Variations]"
Add component (AddParameter): Name = "Max Operating Temperature"; Value = "105°C"; VariantName = "[No Variations]"
Add component (AddParameter): Name = "Min Operating Temperature"; Value = "-40°C"; VariantName = "[No Variations]"
Add component (AddParameter): Name = "Mount"; Value = "Through Hole"; VariantName = "[No Variations]"
Add component (AddParameter): Name = "NexarPartId"; Value = "18818288"; VariantName = "[No Variations]"
Add component (AddParameter): Name = "Number of Contacts"; Value = "2"; VariantName = "[No Variations]"
Add component (AddParameter): Name = "Number of Levels"; Value = "1"; VariantName = "[No Variations]"
Add component (AddParameter): Name = "Number of Pins"; Value = "2"; VariantName = "[No Variations]"
Add component (AddParameter): Name = "Number of Positions Per Level"; Value = "2"; VariantName = "[No Variations]"
Add component (AddParameter): Name = "Number of Rows"; Value = "1"; VariantName = "[No Variations]"
Add component (AddParameter): Name = "Packaging"; Value = "Box"; VariantName = "[No Variations]"
Add component (AddParameter): Name = "Pitch"; Value = "3.5052mm"; VariantName = "[No Variations]"
Add component (AddParameter): Name = "Plating"; Value = "Brass, Steel"; VariantName = "[No Variations]"
Add component (AddParameter): Name = "REACH SVHC"; Value = "Unknown"; VariantName = "[No Variations]"
Add component (AddParameter): Name = "RoHS"; Value = "Compliant"; VariantName = "[No Variations]"
Add component (AddParameter): Name = "Stripping Length"; Value = "-6mm"; VariantName = "[No Variations]"
Add component (AddParameter): Name = "Termination"; Value = "Screw"; VariantName = "[No Variations]"
Add component (AddParameter): Name = "Voltage"; Value = "300V"; VariantName = "[No Variations]"
Add component (AddParameter): Name = "Voltage Rating"; Value = "300V"; VariantName = "[No Variations]"
Add component (AddParameter): Name = "Width"; Value = "7.9mm"; VariantName = "[No Variations]"
Add component (AddParameter): Name = "Wire Gauge (Max)"; Value = "24AWG"; VariantName = "[No Variations]"
Add component (AddParameter): Name = "Wire Gauge (Min)"; Value = "16AWG"; VariantName = "[No Variations]"
Add component (AddParameter): Name = "Wire/Cable Gauge"; Value = "24AWG"; VariantName = "[No Variations]"
Added Component: Designator=J2(691214110002)
Add component (AddParameter): Name = "Color"; Value = "Blue, Green"; VariantName = "[No Variations]"
Add component (AddParameter): Name = "Contact Material"; Value = "Brass"; VariantName = "[No Variations]"
Add component (AddParameter): Name = "Contact Plating"; Value = "Brass, Tin"; VariantName = "[No Variations]"
Add component (AddParameter): Name = "Current"; Value = "10A"; VariantName = "[No Variations]"
Add component (AddParameter): Name = "Current Rating"; Value = "10A"; VariantName = "[No Variations]"
Add component (AddParameter): Name = "Height"; Value = "8.7mm"; VariantName = "[No Variations]"
Add component (AddParameter): Name = "Housing Material"; Value = "Nylon"; VariantName = "[No Variations]"
Add component (AddParameter): Name = "Lead Pitch"; Value = "3.5mm"; VariantName = "[No Variations]"
Add component (AddParameter): Name = "Length"; Value = "7.4mm"; VariantName = "[No Variations]"
Add component (AddParameter): Name = "Max Operating Temperature"; Value = "105°C"; VariantName = "[No Variations]"
Add component (AddParameter): Name = "Min Operating Temperature"; Value = "-40°C"; VariantName = "[No Variations]"
Add component (AddParameter): Name = "Mount"; Value = "Through Hole"; VariantName = "[No Variations]"
Add component (AddParameter): Name = "NexarPartId"; Value = "18818288"; VariantName = "[No Variations]"
Add component (AddParameter): Name = "Number of Contacts"; Value = "2"; VariantName = "[No Variations]"
Add component (AddParameter): Name = "Number of Levels"; Value = "1"; VariantName = "[No Variations]"
Add component (AddParameter): Name = "Number of Pins"; Value = "2"; VariantName = "[No Variations]"
Add component (AddParameter): Name = "Number of Positions Per Level"; Value = "2"; VariantName = "[No Variations]"
Add component (AddParameter): Name = "Number of Rows"; Value = "1"; VariantName = "[No Variations]"
Add component (AddParameter): Name = "Packaging"; Value = "Box"; VariantName = "[No Variations]"
Add component (AddParameter): Name = "Pitch"; Value = "3.5052mm"; VariantName = "[No Variations]"
Add component (AddParameter): Name = "Plating"; Value = "Brass, Steel"; VariantName = "[No Variations]"
Add component (AddParameter): Name = "REACH SVHC"; Value = "Unknown"; VariantName = "[No Variations]"
Add component (AddParameter): Name = "RoHS"; Value = "Compliant"; VariantName = "[No Variations]"
Add component (AddParameter): Name = "Stripping Length"; Value = "-6mm"; VariantName = "[No Variations]"
Add component (AddParameter): Name = "Termination"; Value = "Screw"; VariantName = "[No Variations]"
Add component (AddParameter): Name = "Voltage"; Value = "300V"; VariantName = "[No Variations]"
Add component (AddParameter): Name = "Voltage Rating"; Value = "300V"; VariantName = "[No Variations]"
Add component (AddParameter): Name = "Width"; Value = "7.9mm"; VariantName = "[No Variations]"
Add component (AddParameter): Name = "Wire Gauge (Max)"; Value = "24AWG"; VariantName = "[No Variations]"
Add component (AddParameter): Name = "Wire Gauge (Min)"; Value = "16AWG"; VariantName = "[No Variations]"
Add component (AddParameter): Name = "Wire/Cable Gauge"; Value = "24AWG"; VariantName = "[No Variations]"
Added Component: Designator=J3(691214110002)
Add component (AddParameter): Name = "Color"; Value = "Blue, Green"; VariantName = "[No Variations]"
Add component (AddParameter): Name = "Contact Material"; Value = "Brass"; VariantName = "[No Variations]"
Add component (AddParameter): Name = "Contact Plating"; Value = "Brass, Tin"; VariantName = "[No Variations]"
Add component (AddParameter): Name = "Current"; Value = "10A"; VariantName = "[No Variations]"
Add component (AddParameter): Name = "Current Rating"; Value = "10A"; VariantName = "[No Variations]"
Add component (AddParameter): Name = "Height"; Value = "8.7mm"; VariantName = "[No Variations]"
Add component (AddParameter): Name = "Housing Material"; Value = "Nylon"; VariantName = "[No Variations]"
Add component (AddParameter): Name = "Lead Pitch"; Value = "3.5mm"; VariantName = "[No Variations]"
Add component (AddParameter): Name = "Length"; Value = "7.4mm"; VariantName = "[No Variations]"
Add component (AddParameter): Name = "Max Operating Temperature"; Value = "105°C"; VariantName = "[No Variations]"
Add component (AddParameter): Name = "Min Operating Temperature"; Value = "-40°C"; VariantName = "[No Variations]"
Add component (AddParameter): Name = "Mount"; Value = "Through Hole"; VariantName = "[No Variations]"
Add component (AddParameter): Name = "NexarPartId"; Value = "18818288"; VariantName = "[No Variations]"
Add component (AddParameter): Name = "Number of Contacts"; Value = "2"; VariantName = "[No Variations]"
Add component (AddParameter): Name = "Number of Levels"; Value = "1"; VariantName = "[No Variations]"
Add component (AddParameter): Name = "Number of Pins"; Value = "2"; VariantName = "[No Variations]"
Add component (AddParameter): Name = "Number of Positions Per Level"; Value = "2"; VariantName = "[No Variations]"
Add component (AddParameter): Name = "Number of Rows"; Value = "1"; VariantName = "[No Variations]"
Add component (AddParameter): Name = "Packaging"; Value = "Box"; VariantName = "[No Variations]"
Add component (AddParameter): Name = "Pitch"; Value = "3.5052mm"; VariantName = "[No Variations]"
Add component (AddParameter): Name = "Plating"; Value = "Brass, Steel"; VariantName = "[No Variations]"
Add component (AddParameter): Name = "REACH SVHC"; Value = "Unknown"; VariantName = "[No Variations]"
Add component (AddParameter): Name = "RoHS"; Value = "Compliant"; VariantName = "[No Variations]"
Add component (AddParameter): Name = "Stripping Length"; Value = "-6mm"; VariantName = "[No Variations]"
Add component (AddParameter): Name = "Termination"; Value = "Screw"; VariantName = "[No Variations]"
Add component (AddParameter): Name = "Voltage"; Value = "300V"; VariantName = "[No Variations]"
Add component (AddParameter): Name = "Voltage Rating"; Value = "300V"; VariantName = "[No Variations]"
Add component (AddParameter): Name = "Width"; Value = "7.9mm"; VariantName = "[No Variations]"
Add component (AddParameter): Name = "Wire Gauge (Max)"; Value = "24AWG"; VariantName = "[No Variations]"
Add component (AddParameter): Name = "Wire Gauge (Min)"; Value = "16AWG"; VariantName = "[No Variations]"
Add component (AddParameter): Name = "Wire/Cable Gauge"; Value = "24AWG"; VariantName = "[No Variations]"
Added Component: Designator=J4(691214110002)
Add component (AddParameter): Name = "Color"; Value = "Blue, Green"; VariantName = "[No Variations]"
Add component (AddParameter): Name = "Contact Material"; Value = "Brass"; VariantName = "[No Variations]"
Add component (AddParameter): Name = "Contact Plating"; Value = "Brass, Tin"; VariantName = "[No Variations]"
Add component (AddParameter): Name = "Current"; Value = "10A"; VariantName = "[No Variations]"
Add component (AddParameter): Name = "Current Rating"; Value = "10A"; VariantName = "[No Variations]"
Add component (AddParameter): Name = "Height"; Value = "8.7mm"; VariantName = "[No Variations]"
Add component (AddParameter): Name = "Housing Material"; Value = "Nylon"; VariantName = "[No Variations]"
Add component (AddParameter): Name = "Lead Pitch"; Value = "3.5mm"; VariantName = "[No Variations]"
Add component (AddParameter): Name = "Length"; Value = "7.4mm"; VariantName = "[No Variations]"
Add component (AddParameter): Name = "Max Operating Temperature"; Value = "105°C"; VariantName = "[No Variations]"
Add component (AddParameter): Name = "Min Operating Temperature"; Value = "-40°C"; VariantName = "[No Variations]"
Add component (AddParameter): Name = "Mount"; Value = "Through Hole"; VariantName = "[No Variations]"
Add component (AddParameter): Name = "NexarPartId"; Value = "18818288"; VariantName = "[No Variations]"
Add component (AddParameter): Name = "Number of Contacts"; Value = "2"; VariantName = "[No Variations]"
Add component (AddParameter): Name = "Number of Levels"; Value = "1"; VariantName = "[No Variations]"
Add component (AddParameter): Name = "Number of Pins"; Value = "2"; VariantName = "[No Variations]"
Add component (AddParameter): Name = "Number of Positions Per Level"; Value = "2"; VariantName = "[No Variations]"
Add component (AddParameter): Name = "Number of Rows"; Value = "1"; VariantName = "[No Variations]"
Add component (AddParameter): Name = "Packaging"; Value = "Box"; VariantName = "[No Variations]"
Add component (AddParameter): Name = "Pitch"; Value = "3.5052mm"; VariantName = "[No Variations]"
Add component (AddParameter): Name = "Plating"; Value = "Brass, Steel"; VariantName = "[No Variations]"
Add component (AddParameter): Name = "REACH SVHC"; Value = "Unknown"; VariantName = "[No Variations]"
Add component (AddParameter): Name = "RoHS"; Value = "Compliant"; VariantName = "[No Variations]"
Add component (AddParameter): Name = "Stripping Length"; Value = "-6mm"; VariantName = "[No Variations]"
Add component (AddParameter): Name = "Termination"; Value = "Screw"; VariantName = "[No Variations]"
Add component (AddParameter): Name = "Voltage"; Value = "300V"; VariantName = "[No Variations]"
Add component (AddParameter): Name = "Voltage Rating"; Value = "300V"; VariantName = "[No Variations]"
Add component (AddParameter): Name = "Width"; Value = "7.9mm"; VariantName = "[No Variations]"
Add component (AddParameter): Name = "Wire Gauge (Max)"; Value = "24AWG"; VariantName = "[No Variations]"
Add component (AddParameter): Name = "Wire Gauge (Min)"; Value = "16AWG"; VariantName = "[No Variations]"
Add component (AddParameter): Name = "Wire/Cable Gauge"; Value = "24AWG"; VariantName = "[No Variations]"
Added Component: Designator=J5(691214110002)
Add component (AddParameter): Name = "Color"; Value = "Blue, Green"; VariantName = "[No Variations]"
Add component (AddParameter): Name = "Contact Material"; Value = "Brass"; VariantName = "[No Variations]"
Add component (AddParameter): Name = "Contact Plating"; Value = "Brass, Tin"; VariantName = "[No Variations]"
Add component (AddParameter): Name = "Current"; Value = "10A"; VariantName = "[No Variations]"
Add component (AddParameter): Name = "Current Rating"; Value = "10A"; VariantName = "[No Variations]"
Add component (AddParameter): Name = "Height"; Value = "8.7mm"; VariantName = "[No Variations]"
Add component (AddParameter): Name = "Housing Material"; Value = "Nylon"; VariantName = "[No Variations]"
Add component (AddParameter): Name = "Lead Pitch"; Value = "3.5mm"; VariantName = "[No Variations]"
Add component (AddParameter): Name = "Length"; Value = "7.4mm"; VariantName = "[No Variations]"
Add component (AddParameter): Name = "Max Operating Temperature"; Value = "105°C"; VariantName = "[No Variations]"
Add component (AddParameter): Name = "Min Operating Temperature"; Value = "-40°C"; VariantName = "[No Variations]"
Add component (AddParameter): Name = "Mount"; Value = "Through Hole"; VariantName = "[No Variations]"
Add component (AddParameter): Name = "NexarPartId"; Value = "18818288"; VariantName = "[No Variations]"
Add component (AddParameter): Name = "Number of Contacts"; Value = "2"; VariantName = "[No Variations]"
Add component (AddParameter): Name = "Number of Levels"; Value = "1"; VariantName = "[No Variations]"
Add component (AddParameter): Name = "Number of Pins"; Value = "2"; VariantName = "[No Variations]"
Add component (AddParameter): Name = "Number of Positions Per Level"; Value = "2"; VariantName = "[No Variations]"
Add component (AddParameter): Name = "Number of Rows"; Value = "1"; VariantName = "[No Variations]"
Add component (AddParameter): Name = "Packaging"; Value = "Box"; VariantName = "[No Variations]"
Add component (AddParameter): Name = "Pitch"; Value = "3.5052mm"; VariantName = "[No Variations]"
Add component (AddParameter): Name = "Plating"; Value = "Brass, Steel"; VariantName = "[No Variations]"
Add component (AddParameter): Name = "REACH SVHC"; Value = "Unknown"; VariantName = "[No Variations]"
Add component (AddParameter): Name = "RoHS"; Value = "Compliant"; VariantName = "[No Variations]"
Add component (AddParameter): Name = "Stripping Length"; Value = "-6mm"; VariantName = "[No Variations]"
Add component (AddParameter): Name = "Termination"; Value = "Screw"; VariantName = "[No Variations]"
Add component (AddParameter): Name = "Voltage"; Value = "300V"; VariantName = "[No Variations]"
Add component (AddParameter): Name = "Voltage Rating"; Value = "300V"; VariantName = "[No Variations]"
Add component (AddParameter): Name = "Width"; Value = "7.9mm"; VariantName = "[No Variations]"
Add component (AddParameter): Name = "Wire Gauge (Max)"; Value = "24AWG"; VariantName = "[No Variations]"
Add component (AddParameter): Name = "Wire Gauge (Min)"; Value = "16AWG"; VariantName = "[No Variations]"
Add component (AddParameter): Name = "Wire/Cable Gauge"; Value = "24AWG"; VariantName = "[No Variations]"
Added Component: Designator=J6(691214110002)
Add component (AddParameter): Name = "Color"; Value = "Blue, Green"; VariantName = "[No Variations]"
Add component (AddParameter): Name = "Contact Material"; Value = "Brass"; VariantName = "[No Variations]"
Add component (AddParameter): Name = "Contact Plating"; Value = "Brass, Tin"; VariantName = "[No Variations]"
Add component (AddParameter): Name = "Current"; Value = "10A"; VariantName = "[No Variations]"
Add component (AddParameter): Name = "Current Rating"; Value = "10A"; VariantName = "[No Variations]"
Add component (AddParameter): Name = "Height"; Value = "8.7mm"; VariantName = "[No Variations]"
Add component (AddParameter): Name = "Housing Material"; Value = "Nylon"; VariantName = "[No Variations]"
Add component (AddParameter): Name = "Lead Pitch"; Value = "3.5mm"; VariantName = "[No Variations]"
Add component (AddParameter): Name = "Length"; Value = "7.4mm"; VariantName = "[No Variations]"
Add component (AddParameter): Name = "Max Operating Temperature"; Value = "105°C"; VariantName = "[No Variations]"
Add component (AddParameter): Name = "Min Operating Temperature"; Value = "-40°C"; VariantName = "[No Variations]"
Add component (AddParameter): Name = "Mount"; Value = "Through Hole"; VariantName = "[No Variations]"
Add component (AddParameter): Name = "NexarPartId"; Value = "18818288"; VariantName = "[No Variations]"
Add component (AddParameter): Name = "Number of Contacts"; Value = "2"; VariantName = "[No Variations]"
Add component (AddParameter): Name = "Number of Levels"; Value = "1"; VariantName = "[No Variations]"
Add component (AddParameter): Name = "Number of Pins"; Value = "2"; VariantName = "[No Variations]"
Add component (AddParameter): Name = "Number of Positions Per Level"; Value = "2"; VariantName = "[No Variations]"
Add component (AddParameter): Name = "Number of Rows"; Value = "1"; VariantName = "[No Variations]"
Add component (AddParameter): Name = "Packaging"; Value = "Box"; VariantName = "[No Variations]"
Add component (AddParameter): Name = "Pitch"; Value = "3.5052mm"; VariantName = "[No Variations]"
Add component (AddParameter): Name = "Plating"; Value = "Brass, Steel"; VariantName = "[No Variations]"
Add component (AddParameter): Name = "REACH SVHC"; Value = "Unknown"; VariantName = "[No Variations]"
Add component (AddParameter): Name = "RoHS"; Value = "Compliant"; VariantName = "[No Variations]"
Add component (AddParameter): Name = "Stripping Length"; Value = "-6mm"; VariantName = "[No Variations]"
Add component (AddParameter): Name = "Termination"; Value = "Screw"; VariantName = "[No Variations]"
Add component (AddParameter): Name = "Voltage"; Value = "300V"; VariantName = "[No Variations]"
Add component (AddParameter): Name = "Voltage Rating"; Value = "300V"; VariantName = "[No Variations]"
Add component (AddParameter): Name = "Width"; Value = "7.9mm"; VariantName = "[No Variations]"
Add component (AddParameter): Name = "Wire Gauge (Max)"; Value = "24AWG"; VariantName = "[No Variations]"
Add component (AddParameter): Name = "Wire Gauge (Min)"; Value = "16AWG"; VariantName = "[No Variations]"
Add component (AddParameter): Name = "Wire/Cable Gauge"; Value = "24AWG"; VariantName = "[No Variations]"
Added Component: Designator=J7(691214110002)
Add component (AddParameter): Name = "Color"; Value = "Blue, Green"; VariantName = "[No Variations]"
Add component (AddParameter): Name = "Contact Material"; Value = "Brass"; VariantName = "[No Variations]"
Add component (AddParameter): Name = "Contact Plating"; Value = "Brass, Tin"; VariantName = "[No Variations]"
Add component (AddParameter): Name = "Current"; Value = "10A"; VariantName = "[No Variations]"
Add component (AddParameter): Name = "Current Rating"; Value = "10A"; VariantName = "[No Variations]"
Add component (AddParameter): Name = "Height"; Value = "8.7mm"; VariantName = "[No Variations]"
Add component (AddParameter): Name = "Housing Material"; Value = "Nylon"; VariantName = "[No Variations]"
Add component (AddParameter): Name = "Lead Pitch"; Value = "3.5mm"; VariantName = "[No Variations]"
Add component (AddParameter): Name = "Length"; Value = "7.4mm"; VariantName = "[No Variations]"
Add component (AddParameter): Name = "Max Operating Temperature"; Value = "105°C"; VariantName = "[No Variations]"
Add component (AddParameter): Name = "Min Operating Temperature"; Value = "-40°C"; VariantName = "[No Variations]"
Add component (AddParameter): Name = "Mount"; Value = "Through Hole"; VariantName = "[No Variations]"
Add component (AddParameter): Name = "NexarPartId"; Value = "18818288"; VariantName = "[No Variations]"
Add component (AddParameter): Name = "Number of Contacts"; Value = "2"; VariantName = "[No Variations]"
Add component (AddParameter): Name = "Number of Levels"; Value = "1"; VariantName = "[No Variations]"
Add component (AddParameter): Name = "Number of Pins"; Value = "2"; VariantName = "[No Variations]"
Add component (AddParameter): Name = "Number of Positions Per Level"; Value = "2"; VariantName = "[No Variations]"
Add component (AddParameter): Name = "Number of Rows"; Value = "1"; VariantName = "[No Variations]"
Add component (AddParameter): Name = "Packaging"; Value = "Box"; VariantName = "[No Variations]"
Add component (AddParameter): Name = "Pitch"; Value = "3.5052mm"; VariantName = "[No Variations]"
Add component (AddParameter): Name = "Plating"; Value = "Brass, Steel"; VariantName = "[No Variations]"
Add component (AddParameter): Name = "REACH SVHC"; Value = "Unknown"; VariantName = "[No Variations]"
Add component (AddParameter): Name = "RoHS"; Value = "Compliant"; VariantName = "[No Variations]"
Add component (AddParameter): Name = "Stripping Length"; Value = "-6mm"; VariantName = "[No Variations]"
Add component (AddParameter): Name = "Termination"; Value = "Screw"; VariantName = "[No Variations]"
Add component (AddParameter): Name = "Voltage"; Value = "300V"; VariantName = "[No Variations]"
Add component (AddParameter): Name = "Voltage Rating"; Value = "300V"; VariantName = "[No Variations]"
Add component (AddParameter): Name = "Width"; Value = "7.9mm"; VariantName = "[No Variations]"
Add component (AddParameter): Name = "Wire Gauge (Max)"; Value = "24AWG"; VariantName = "[No Variations]"
Add component (AddParameter): Name = "Wire Gauge (Min)"; Value = "16AWG"; VariantName = "[No Variations]"
Add component (AddParameter): Name = "Wire/Cable Gauge"; Value = "24AWG"; VariantName = "[No Variations]"
Added Component: Designator=J8(691214110002)
Add component (AddParameter): Name = "Color"; Value = "Blue, Green"; VariantName = "[No Variations]"
Add component (AddParameter): Name = "Contact Material"; Value = "Brass"; VariantName = "[No Variations]"
Add component (AddParameter): Name = "Contact Plating"; Value = "Brass, Tin"; VariantName = "[No Variations]"
Add component (AddParameter): Name = "Current"; Value = "10A"; VariantName = "[No Variations]"
Add component (AddParameter): Name = "Current Rating"; Value = "10A"; VariantName = "[No Variations]"
Add component (AddParameter): Name = "Height"; Value = "8.7mm"; VariantName = "[No Variations]"
Add component (AddParameter): Name = "Housing Material"; Value = "Nylon"; VariantName = "[No Variations]"
Add component (AddParameter): Name = "Lead Pitch"; Value = "3.5mm"; VariantName = "[No Variations]"
Add component (AddParameter): Name = "Length"; Value = "7.4mm"; VariantName = "[No Variations]"
Add component (AddParameter): Name = "Max Operating Temperature"; Value = "105°C"; VariantName = "[No Variations]"
Add component (AddParameter): Name = "Min Operating Temperature"; Value = "-40°C"; VariantName = "[No Variations]"
Add component (AddParameter): Name = "Mount"; Value = "Through Hole"; VariantName = "[No Variations]"
Add component (AddParameter): Name = "NexarPartId"; Value = "18818288"; VariantName = "[No Variations]"
Add component (AddParameter): Name = "Number of Contacts"; Value = "2"; VariantName = "[No Variations]"
Add component (AddParameter): Name = "Number of Levels"; Value = "1"; VariantName = "[No Variations]"
Add component (AddParameter): Name = "Number of Pins"; Value = "2"; VariantName = "[No Variations]"
Add component (AddParameter): Name = "Number of Positions Per Level"; Value = "2"; VariantName = "[No Variations]"
Add component (AddParameter): Name = "Number of Rows"; Value = "1"; VariantName = "[No Variations]"
Add component (AddParameter): Name = "Packaging"; Value = "Box"; VariantName = "[No Variations]"
Add component (AddParameter): Name = "Pitch"; Value = "3.5052mm"; VariantName = "[No Variations]"
Add component (AddParameter): Name = "Plating"; Value = "Brass, Steel"; VariantName = "[No Variations]"
Add component (AddParameter): Name = "REACH SVHC"; Value = "Unknown"; VariantName = "[No Variations]"
Add component (AddParameter): Name = "RoHS"; Value = "Compliant"; VariantName = "[No Variations]"
Add component (AddParameter): Name = "Stripping Length"; Value = "-6mm"; VariantName = "[No Variations]"
Add component (AddParameter): Name = "Termination"; Value = "Screw"; VariantName = "[No Variations]"
Add component (AddParameter): Name = "Voltage"; Value = "300V"; VariantName = "[No Variations]"
Add component (AddParameter): Name = "Voltage Rating"; Value = "300V"; VariantName = "[No Variations]"
Add component (AddParameter): Name = "Width"; Value = "7.9mm"; VariantName = "[No Variations]"
Add component (AddParameter): Name = "Wire Gauge (Max)"; Value = "24AWG"; VariantName = "[No Variations]"
Add component (AddParameter): Name = "Wire Gauge (Min)"; Value = "16AWG"; VariantName = "[No Variations]"
Add component (AddParameter): Name = "Wire/Cable Gauge"; Value = "24AWG"; VariantName = "[No Variations]"
Added Component: Designator=J9(691214110002)
Add component (AddParameter): Name = "Color"; Value = "Blue, Green"; VariantName = "[No Variations]"
Add component (AddParameter): Name = "Contact Material"; Value = "Brass"; VariantName = "[No Variations]"
Add component (AddParameter): Name = "Contact Plating"; Value = "Brass, Tin"; VariantName = "[No Variations]"
Add component (AddParameter): Name = "Current"; Value = "10A"; VariantName = "[No Variations]"
Add component (AddParameter): Name = "Current Rating"; Value = "10A"; VariantName = "[No Variations]"
Add component (AddParameter): Name = "Height"; Value = "8.7mm"; VariantName = "[No Variations]"
Add component (AddParameter): Name = "Housing Material"; Value = "Nylon"; VariantName = "[No Variations]"
Add component (AddParameter): Name = "Lead Pitch"; Value = "3.5mm"; VariantName = "[No Variations]"
Add component (AddParameter): Name = "Length"; Value = "7.4mm"; VariantName = "[No Variations]"
Add component (AddParameter): Name = "Max Operating Temperature"; Value = "105°C"; VariantName = "[No Variations]"
Add component (AddParameter): Name = "Min Operating Temperature"; Value = "-40°C"; VariantName = "[No Variations]"
Add component (AddParameter): Name = "Mount"; Value = "Through Hole"; VariantName = "[No Variations]"
Add component (AddParameter): Name = "NexarPartId"; Value = "18818288"; VariantName = "[No Variations]"
Add component (AddParameter): Name = "Number of Contacts"; Value = "2"; VariantName = "[No Variations]"
Add component (AddParameter): Name = "Number of Levels"; Value = "1"; VariantName = "[No Variations]"
Add component (AddParameter): Name = "Number of Pins"; Value = "2"; VariantName = "[No Variations]"
Add component (AddParameter): Name = "Number of Positions Per Level"; Value = "2"; VariantName = "[No Variations]"
Add component (AddParameter): Name = "Number of Rows"; Value = "1"; VariantName = "[No Variations]"
Add component (AddParameter): Name = "Packaging"; Value = "Box"; VariantName = "[No Variations]"
Add component (AddParameter): Name = "Pitch"; Value = "3.5052mm"; VariantName = "[No Variations]"
Add component (AddParameter): Name = "Plating"; Value = "Brass, Steel"; VariantName = "[No Variations]"
Add component (AddParameter): Name = "REACH SVHC"; Value = "Unknown"; VariantName = "[No Variations]"
Add component (AddParameter): Name = "RoHS"; Value = "Compliant"; VariantName = "[No Variations]"
Add component (AddParameter): Name = "Stripping Length"; Value = "-6mm"; VariantName = "[No Variations]"
Add component (AddParameter): Name = "Termination"; Value = "Screw"; VariantName = "[No Variations]"
Add component (AddParameter): Name = "Voltage"; Value = "300V"; VariantName = "[No Variations]"
Add component (AddParameter): Name = "Voltage Rating"; Value = "300V"; VariantName = "[No Variations]"
Add component (AddParameter): Name = "Width"; Value = "7.9mm"; VariantName = "[No Variations]"
Add component (AddParameter): Name = "Wire Gauge (Max)"; Value = "24AWG"; VariantName = "[No Variations]"
Add component (AddParameter): Name = "Wire Gauge (Min)"; Value = "16AWG"; VariantName = "[No Variations]"
Add component (AddParameter): Name = "Wire/Cable Gauge"; Value = "24AWG"; VariantName = "[No Variations]"
Added Component: Designator=J10(691214110002)
Add component (AddParameter): Name = "Color"; Value = "Blue, Green"; VariantName = "[No Variations]"
Add component (AddParameter): Name = "Contact Material"; Value = "Brass"; VariantName = "[No Variations]"
Add component (AddParameter): Name = "Contact Plating"; Value = "Brass, Tin"; VariantName = "[No Variations]"
Add component (AddParameter): Name = "Current"; Value = "10A"; VariantName = "[No Variations]"
Add component (AddParameter): Name = "Current Rating"; Value = "10A"; VariantName = "[No Variations]"
Add component (AddParameter): Name = "Height"; Value = "8.7mm"; VariantName = "[No Variations]"
Add component (AddParameter): Name = "Housing Material"; Value = "Nylon"; VariantName = "[No Variations]"
Add component (AddParameter): Name = "Lead Pitch"; Value = "3.5mm"; VariantName = "[No Variations]"
Add component (AddParameter): Name = "Length"; Value = "7.4mm"; VariantName = "[No Variations]"
Add component (AddParameter): Name = "Max Operating Temperature"; Value = "105°C"; VariantName = "[No Variations]"
Add component (AddParameter): Name = "Min Operating Temperature"; Value = "-40°C"; VariantName = "[No Variations]"
Add component (AddParameter): Name = "Mount"; Value = "Through Hole"; VariantName = "[No Variations]"
Add component (AddParameter): Name = "NexarPartId"; Value = "18818288"; VariantName = "[No Variations]"
Add component (AddParameter): Name = "Number of Contacts"; Value = "2"; VariantName = "[No Variations]"
Add component (AddParameter): Name = "Number of Levels"; Value = "1"; VariantName = "[No Variations]"
Add component (AddParameter): Name = "Number of Pins"; Value = "2"; VariantName = "[No Variations]"
Add component (AddParameter): Name = "Number of Positions Per Level"; Value = "2"; VariantName = "[No Variations]"
Add component (AddParameter): Name = "Number of Rows"; Value = "1"; VariantName = "[No Variations]"
Add component (AddParameter): Name = "Packaging"; Value = "Box"; VariantName = "[No Variations]"
Add component (AddParameter): Name = "Pitch"; Value = "3.5052mm"; VariantName = "[No Variations]"
Add component (AddParameter): Name = "Plating"; Value = "Brass, Steel"; VariantName = "[No Variations]"
Add component (AddParameter): Name = "REACH SVHC"; Value = "Unknown"; VariantName = "[No Variations]"
Add component (AddParameter): Name = "RoHS"; Value = "Compliant"; VariantName = "[No Variations]"
Add component (AddParameter): Name = "Stripping Length"; Value = "-6mm"; VariantName = "[No Variations]"
Add component (AddParameter): Name = "Termination"; Value = "Screw"; VariantName = "[No Variations]"
Add component (AddParameter): Name = "Voltage"; Value = "300V"; VariantName = "[No Variations]"
Add component (AddParameter): Name = "Voltage Rating"; Value = "300V"; VariantName = "[No Variations]"
Add component (AddParameter): Name = "Width"; Value = "7.9mm"; VariantName = "[No Variations]"
Add component (AddParameter): Name = "Wire Gauge (Max)"; Value = "24AWG"; VariantName = "[No Variations]"
Add component (AddParameter): Name = "Wire Gauge (Min)"; Value = "16AWG"; VariantName = "[No Variations]"
Add component (AddParameter): Name = "Wire/Cable Gauge"; Value = "24AWG"; VariantName = "[No Variations]"
Added Component: Designator=J11(691214110002)
Add component (AddParameter): Name = "Color"; Value = "Blue, Green"; VariantName = "[No Variations]"
Add component (AddParameter): Name = "Contact Material"; Value = "Brass"; VariantName = "[No Variations]"
Add component (AddParameter): Name = "Contact Plating"; Value = "Brass, Tin"; VariantName = "[No Variations]"
Add component (AddParameter): Name = "Current"; Value = "10A"; VariantName = "[No Variations]"
Add component (AddParameter): Name = "Current Rating"; Value = "10A"; VariantName = "[No Variations]"
Add component (AddParameter): Name = "Height"; Value = "8.7mm"; VariantName = "[No Variations]"
Add component (AddParameter): Name = "Housing Material"; Value = "Nylon"; VariantName = "[No Variations]"
Add component (AddParameter): Name = "Lead Pitch"; Value = "3.5mm"; VariantName = "[No Variations]"
Add component (AddParameter): Name = "Length"; Value = "7.4mm"; VariantName = "[No Variations]"
Add component (AddParameter): Name = "Max Operating Temperature"; Value = "105°C"; VariantName = "[No Variations]"
Add component (AddParameter): Name = "Min Operating Temperature"; Value = "-40°C"; VariantName = "[No Variations]"
Add component (AddParameter): Name = "Mount"; Value = "Through Hole"; VariantName = "[No Variations]"
Add component (AddParameter): Name = "NexarPartId"; Value = "18818288"; VariantName = "[No Variations]"
Add component (AddParameter): Name = "Number of Contacts"; Value = "2"; VariantName = "[No Variations]"
Add component (AddParameter): Name = "Number of Levels"; Value = "1"; VariantName = "[No Variations]"
Add component (AddParameter): Name = "Number of Pins"; Value = "2"; VariantName = "[No Variations]"
Add component (AddParameter): Name = "Number of Positions Per Level"; Value = "2"; VariantName = "[No Variations]"
Add component (AddParameter): Name = "Number of Rows"; Value = "1"; VariantName = "[No Variations]"
Add component (AddParameter): Name = "Packaging"; Value = "Box"; VariantName = "[No Variations]"
Add component (AddParameter): Name = "Pitch"; Value = "3.5052mm"; VariantName = "[No Variations]"
Add component (AddParameter): Name = "Plating"; Value = "Brass, Steel"; VariantName = "[No Variations]"
Add component (AddParameter): Name = "REACH SVHC"; Value = "Unknown"; VariantName = "[No Variations]"
Add component (AddParameter): Name = "RoHS"; Value = "Compliant"; VariantName = "[No Variations]"
Add component (AddParameter): Name = "Stripping Length"; Value = "-6mm"; VariantName = "[No Variations]"
Add component (AddParameter): Name = "Termination"; Value = "Screw"; VariantName = "[No Variations]"
Add component (AddParameter): Name = "Voltage"; Value = "300V"; VariantName = "[No Variations]"
Add component (AddParameter): Name = "Voltage Rating"; Value = "300V"; VariantName = "[No Variations]"
Add component (AddParameter): Name = "Width"; Value = "7.9mm"; VariantName = "[No Variations]"
Add component (AddParameter): Name = "Wire Gauge (Max)"; Value = "24AWG"; VariantName = "[No Variations]"
Add component (AddParameter): Name = "Wire Gauge (Min)"; Value = "16AWG"; VariantName = "[No Variations]"
Add component (AddParameter): Name = "Wire/Cable Gauge"; Value = "24AWG"; VariantName = "[No Variations]"
Added Component: Designator=J12(691214110002)
Add component (AddParameter): Name = "Color"; Value = "Blue, Green"; VariantName = "[No Variations]"
Add component (AddParameter): Name = "Contact Material"; Value = "Brass"; VariantName = "[No Variations]"
Add component (AddParameter): Name = "Contact Plating"; Value = "Brass, Tin"; VariantName = "[No Variations]"
Add component (AddParameter): Name = "Current"; Value = "10A"; VariantName = "[No Variations]"
Add component (AddParameter): Name = "Current Rating"; Value = "10A"; VariantName = "[No Variations]"
Add component (AddParameter): Name = "Height"; Value = "8.7mm"; VariantName = "[No Variations]"
Add component (AddParameter): Name = "Housing Material"; Value = "Nylon"; VariantName = "[No Variations]"
Add component (AddParameter): Name = "Lead Pitch"; Value = "3.5mm"; VariantName = "[No Variations]"
Add component (AddParameter): Name = "Length"; Value = "7.4mm"; VariantName = "[No Variations]"
Add component (AddParameter): Name = "Max Operating Temperature"; Value = "105°C"; VariantName = "[No Variations]"
Add component (AddParameter): Name = "Min Operating Temperature"; Value = "-40°C"; VariantName = "[No Variations]"
Add component (AddParameter): Name = "Mount"; Value = "Through Hole"; VariantName = "[No Variations]"
Add component (AddParameter): Name = "NexarPartId"; Value = "18818288"; VariantName = "[No Variations]"
Add component (AddParameter): Name = "Number of Contacts"; Value = "2"; VariantName = "[No Variations]"
Add component (AddParameter): Name = "Number of Levels"; Value = "1"; VariantName = "[No Variations]"
Add component (AddParameter): Name = "Number of Pins"; Value = "2"; VariantName = "[No Variations]"
Add component (AddParameter): Name = "Number of Positions Per Level"; Value = "2"; VariantName = "[No Variations]"
Add component (AddParameter): Name = "Number of Rows"; Value = "1"; VariantName = "[No Variations]"
Add component (AddParameter): Name = "Packaging"; Value = "Box"; VariantName = "[No Variations]"
Add component (AddParameter): Name = "Pitch"; Value = "3.5052mm"; VariantName = "[No Variations]"
Add component (AddParameter): Name = "Plating"; Value = "Brass, Steel"; VariantName = "[No Variations]"
Add component (AddParameter): Name = "REACH SVHC"; Value = "Unknown"; VariantName = "[No Variations]"
Add component (AddParameter): Name = "RoHS"; Value = "Compliant"; VariantName = "[No Variations]"
Add component (AddParameter): Name = "Stripping Length"; Value = "-6mm"; VariantName = "[No Variations]"
Add component (AddParameter): Name = "Termination"; Value = "Screw"; VariantName = "[No Variations]"
Add component (AddParameter): Name = "Voltage"; Value = "300V"; VariantName = "[No Variations]"
Add component (AddParameter): Name = "Voltage Rating"; Value = "300V"; VariantName = "[No Variations]"
Add component (AddParameter): Name = "Width"; Value = "7.9mm"; VariantName = "[No Variations]"
Add component (AddParameter): Name = "Wire Gauge (Max)"; Value = "24AWG"; VariantName = "[No Variations]"
Add component (AddParameter): Name = "Wire Gauge (Min)"; Value = "16AWG"; VariantName = "[No Variations]"
Add component (AddParameter): Name = "Wire/Cable Gauge"; Value = "24AWG"; VariantName = "[No Variations]"
Added Component: Designator=J13(691214110002)
Add component (AddParameter): Name = "Color"; Value = "Blue, Green"; VariantName = "[No Variations]"
Add component (AddParameter): Name = "Contact Material"; Value = "Brass"; VariantName = "[No Variations]"
Add component (AddParameter): Name = "Contact Plating"; Value = "Brass, Tin"; VariantName = "[No Variations]"
Add component (AddParameter): Name = "Current"; Value = "10A"; VariantName = "[No Variations]"
Add component (AddParameter): Name = "Current Rating"; Value = "10A"; VariantName = "[No Variations]"
Add component (AddParameter): Name = "Height"; Value = "8.7mm"; VariantName = "[No Variations]"
Add component (AddParameter): Name = "Housing Material"; Value = "Nylon"; VariantName = "[No Variations]"
Add component (AddParameter): Name = "Lead Pitch"; Value = "3.5mm"; VariantName = "[No Variations]"
Add component (AddParameter): Name = "Length"; Value = "7.4mm"; VariantName = "[No Variations]"
Add component (AddParameter): Name = "Max Operating Temperature"; Value = "105°C"; VariantName = "[No Variations]"
Add component (AddParameter): Name = "Min Operating Temperature"; Value = "-40°C"; VariantName = "[No Variations]"
Add component (AddParameter): Name = "Mount"; Value = "Through Hole"; VariantName = "[No Variations]"
Add component (AddParameter): Name = "NexarPartId"; Value = "18818288"; VariantName = "[No Variations]"
Add component (AddParameter): Name = "Number of Contacts"; Value = "2"; VariantName = "[No Variations]"
Add component (AddParameter): Name = "Number of Levels"; Value = "1"; VariantName = "[No Variations]"
Add component (AddParameter): Name = "Number of Pins"; Value = "2"; VariantName = "[No Variations]"
Add component (AddParameter): Name = "Number of Positions Per Level"; Value = "2"; VariantName = "[No Variations]"
Add component (AddParameter): Name = "Number of Rows"; Value = "1"; VariantName = "[No Variations]"
Add component (AddParameter): Name = "Packaging"; Value = "Box"; VariantName = "[No Variations]"
Add component (AddParameter): Name = "Pitch"; Value = "3.5052mm"; VariantName = "[No Variations]"
Add component (AddParameter): Name = "Plating"; Value = "Brass, Steel"; VariantName = "[No Variations]"
Add component (AddParameter): Name = "REACH SVHC"; Value = "Unknown"; VariantName = "[No Variations]"
Add component (AddParameter): Name = "RoHS"; Value = "Compliant"; VariantName = "[No Variations]"
Add component (AddParameter): Name = "Stripping Length"; Value = "-6mm"; VariantName = "[No Variations]"
Add component (AddParameter): Name = "Termination"; Value = "Screw"; VariantName = "[No Variations]"
Add component (AddParameter): Name = "Voltage"; Value = "300V"; VariantName = "[No Variations]"
Add component (AddParameter): Name = "Voltage Rating"; Value = "300V"; VariantName = "[No Variations]"
Add component (AddParameter): Name = "Width"; Value = "7.9mm"; VariantName = "[No Variations]"
Add component (AddParameter): Name = "Wire Gauge (Max)"; Value = "24AWG"; VariantName = "[No Variations]"
Add component (AddParameter): Name = "Wire Gauge (Min)"; Value = "16AWG"; VariantName = "[No Variations]"
Add component (AddParameter): Name = "Wire/Cable Gauge"; Value = "24AWG"; VariantName = "[No Variations]"
Added Component: Designator=J14(691214110002)
Add component (AddParameter): Name = "Color"; Value = "Blue, Green"; VariantName = "[No Variations]"
Add component (AddParameter): Name = "Contact Material"; Value = "Brass"; VariantName = "[No Variations]"
Add component (AddParameter): Name = "Contact Plating"; Value = "Brass, Tin"; VariantName = "[No Variations]"
Add component (AddParameter): Name = "Current"; Value = "10A"; VariantName = "[No Variations]"
Add component (AddParameter): Name = "Current Rating"; Value = "10A"; VariantName = "[No Variations]"
Add component (AddParameter): Name = "Height"; Value = "8.7mm"; VariantName = "[No Variations]"
Add component (AddParameter): Name = "Housing Material"; Value = "Nylon"; VariantName = "[No Variations]"
Add component (AddParameter): Name = "Lead Pitch"; Value = "3.5mm"; VariantName = "[No Variations]"
Add component (AddParameter): Name = "Length"; Value = "7.4mm"; VariantName = "[No Variations]"
Add component (AddParameter): Name = "Max Operating Temperature"; Value = "105°C"; VariantName = "[No Variations]"
Add component (AddParameter): Name = "Min Operating Temperature"; Value = "-40°C"; VariantName = "[No Variations]"
Add component (AddParameter): Name = "Mount"; Value = "Through Hole"; VariantName = "[No Variations]"
Add component (AddParameter): Name = "NexarPartId"; Value = "18818288"; VariantName = "[No Variations]"
Add component (AddParameter): Name = "Number of Contacts"; Value = "2"; VariantName = "[No Variations]"
Add component (AddParameter): Name = "Number of Levels"; Value = "1"; VariantName = "[No Variations]"
Add component (AddParameter): Name = "Number of Pins"; Value = "2"; VariantName = "[No Variations]"
Add component (AddParameter): Name = "Number of Positions Per Level"; Value = "2"; VariantName = "[No Variations]"
Add component (AddParameter): Name = "Number of Rows"; Value = "1"; VariantName = "[No Variations]"
Add component (AddParameter): Name = "Packaging"; Value = "Box"; VariantName = "[No Variations]"
Add component (AddParameter): Name = "Pitch"; Value = "3.5052mm"; VariantName = "[No Variations]"
Add component (AddParameter): Name = "Plating"; Value = "Brass, Steel"; VariantName = "[No Variations]"
Add component (AddParameter): Name = "REACH SVHC"; Value = "Unknown"; VariantName = "[No Variations]"
Add component (AddParameter): Name = "RoHS"; Value = "Compliant"; VariantName = "[No Variations]"
Add component (AddParameter): Name = "Stripping Length"; Value = "-6mm"; VariantName = "[No Variations]"
Add component (AddParameter): Name = "Termination"; Value = "Screw"; VariantName = "[No Variations]"
Add component (AddParameter): Name = "Voltage"; Value = "300V"; VariantName = "[No Variations]"
Add component (AddParameter): Name = "Voltage Rating"; Value = "300V"; VariantName = "[No Variations]"
Add component (AddParameter): Name = "Width"; Value = "7.9mm"; VariantName = "[No Variations]"
Add component (AddParameter): Name = "Wire Gauge (Max)"; Value = "24AWG"; VariantName = "[No Variations]"
Add component (AddParameter): Name = "Wire Gauge (Min)"; Value = "16AWG"; VariantName = "[No Variations]"
Add component (AddParameter): Name = "Wire/Cable Gauge"; Value = "24AWG"; VariantName = "[No Variations]"
Added Component: Designator=J15(691214110002)
Add component (AddParameter): Name = "Color"; Value = "Blue, Green"; VariantName = "[No Variations]"
Add component (AddParameter): Name = "Contact Material"; Value = "Brass"; VariantName = "[No Variations]"
Add component (AddParameter): Name = "Contact Plating"; Value = "Brass, Tin"; VariantName = "[No Variations]"
Add component (AddParameter): Name = "Current"; Value = "10A"; VariantName = "[No Variations]"
Add component (AddParameter): Name = "Current Rating"; Value = "10A"; VariantName = "[No Variations]"
Add component (AddParameter): Name = "Height"; Value = "8.7mm"; VariantName = "[No Variations]"
Add component (AddParameter): Name = "Housing Material"; Value = "Nylon"; VariantName = "[No Variations]"
Add component (AddParameter): Name = "Lead Pitch"; Value = "3.5mm"; VariantName = "[No Variations]"
Add component (AddParameter): Name = "Length"; Value = "7.4mm"; VariantName = "[No Variations]"
Add component (AddParameter): Name = "Max Operating Temperature"; Value = "105°C"; VariantName = "[No Variations]"
Add component (AddParameter): Name = "Min Operating Temperature"; Value = "-40°C"; VariantName = "[No Variations]"
Add component (AddParameter): Name = "Mount"; Value = "Through Hole"; VariantName = "[No Variations]"
Add component (AddParameter): Name = "NexarPartId"; Value = "18818288"; VariantName = "[No Variations]"
Add component (AddParameter): Name = "Number of Contacts"; Value = "2"; VariantName = "[No Variations]"
Add component (AddParameter): Name = "Number of Levels"; Value = "1"; VariantName = "[No Variations]"
Add component (AddParameter): Name = "Number of Pins"; Value = "2"; VariantName = "[No Variations]"
Add component (AddParameter): Name = "Number of Positions Per Level"; Value = "2"; VariantName = "[No Variations]"
Add component (AddParameter): Name = "Number of Rows"; Value = "1"; VariantName = "[No Variations]"
Add component (AddParameter): Name = "Packaging"; Value = "Box"; VariantName = "[No Variations]"
Add component (AddParameter): Name = "Pitch"; Value = "3.5052mm"; VariantName = "[No Variations]"
Add component (AddParameter): Name = "Plating"; Value = "Brass, Steel"; VariantName = "[No Variations]"
Add component (AddParameter): Name = "REACH SVHC"; Value = "Unknown"; VariantName = "[No Variations]"
Add component (AddParameter): Name = "RoHS"; Value = "Compliant"; VariantName = "[No Variations]"
Add component (AddParameter): Name = "Stripping Length"; Value = "-6mm"; VariantName = "[No Variations]"
Add component (AddParameter): Name = "Termination"; Value = "Screw"; VariantName = "[No Variations]"
Add component (AddParameter): Name = "Voltage"; Value = "300V"; VariantName = "[No Variations]"
Add component (AddParameter): Name = "Voltage Rating"; Value = "300V"; VariantName = "[No Variations]"
Add component (AddParameter): Name = "Width"; Value = "7.9mm"; VariantName = "[No Variations]"
Add component (AddParameter): Name = "Wire Gauge (Max)"; Value = "24AWG"; VariantName = "[No Variations]"
Add component (AddParameter): Name = "Wire Gauge (Min)"; Value = "16AWG"; VariantName = "[No Variations]"
Add component (AddParameter): Name = "Wire/Cable Gauge"; Value = "24AWG"; VariantName = "[No Variations]"
Added Component: Designator=Q1(FP-PC817X1J000F-MFG)
Add component (AddParameter): Name = "Case/Package"; Value = "DIP"; VariantName = "[No Variations]"
Add component (AddParameter): Name = "Collector Emitter Breakdown Voltage"; Value = "80V"; VariantName = "[No Variations]"
Add component (AddParameter): Name = "Collector Emitter Saturation Voltage"; Value = "200mV"; VariantName = "[No Variations]"
Add component (AddParameter): Name = "Collector Emitter Voltage (VCEO)"; Value = "80V"; VariantName = "[No Variations]"
Add component (AddParameter): Name = "Current Transfer Ratio"; Value = "600%"; VariantName = "[No Variations]"
Add component (AddParameter): Name = "Fall Time"; Value = "18000ns"; VariantName = "[No Variations]"
Add component (AddParameter): Name = "Forward Current"; Value = "50mA"; VariantName = "[No Variations]"
Add component (AddParameter): Name = "Forward Voltage"; Value = "1.4V"; VariantName = "[No Variations]"
Add component (AddParameter): Name = "Input Current"; Value = "20mA"; VariantName = "[No Variations]"
Add component (AddParameter): Name = "Isolation Voltage"; Value = "5kV"; VariantName = "[No Variations]"
Add component (AddParameter): Name = "Max Collector Current"; Value = "50mA"; VariantName = "[No Variations]"
Add component (AddParameter): Name = "Max Input Current"; Value = "50mA"; VariantName = "[No Variations]"
Add component (AddParameter): Name = "Max Operating Temperature"; Value = "100°C"; VariantName = "[No Variations]"
Add component (AddParameter): Name = "Max Power Dissipation"; Value = "200mW"; VariantName = "[No Variations]"
Add component (AddParameter): Name = "Min Operating Temperature"; Value = "-30°C"; VariantName = "[No Variations]"
Add component (AddParameter): Name = "Mount"; Value = "Through Hole"; VariantName = "[No Variations]"
Add component (AddParameter): Name = "Number of Channels"; Value = "1"; VariantName = "[No Variations]"
Add component (AddParameter): Name = "Number of Elements"; Value = "1"; VariantName = "[No Variations]"
Add component (AddParameter): Name = "Number of Pins"; Value = "4"; VariantName = "[No Variations]"
Add component (AddParameter): Name = "Output Current per Channel"; Value = "50mA"; VariantName = "[No Variations]"
Add component (AddParameter): Name = "Output Voltage"; Value = "80V"; VariantName = "[No Variations]"
Add component (AddParameter): Name = "Package Quantity"; Value = "2000"; VariantName = "[No Variations]"
Add component (AddParameter): Name = "Packaging"; Value = "Sleeve"; VariantName = "[No Variations]"
Add component (AddParameter): Name = "Power Dissipation"; Value = "200mW"; VariantName = "[No Variations]"
Add component (AddParameter): Name = "Radiation Hardening"; Value = "No"; VariantName = "[No Variations]"
Add component (AddParameter): Name = "Reverse Breakdown Voltage"; Value = "6V"; VariantName = "[No Variations]"
Add component (AddParameter): Name = "Rise Time"; Value = "18000ns"; VariantName = "[No Variations]"
Added Component: Designator=Q2(FAIR-TO-92-3)
Add component (AddParameter): Name = "<PCN>"; Value = "http://www.mouser.com/PCN/3.26.10LTBDFairchild.pdf"; VariantName = "[No Variations]"
Add component (AddParameter): Name = "Brand"; Value = "FairchildSemiconductor"; VariantName = "[No Variations]"
Add component (AddParameter): Name = "Collector- Base Voltage VCBO"; Value = "75V"; VariantName = "[No Variations]"
Add component (AddParameter): Name = "Collector- Emitter Voltage VCEO Max"; Value = "40V"; VariantName = "[No Variations]"
Add component (AddParameter): Name = "Collector-Emitter Saturation Voltage"; Value = "1V"; VariantName = "[No Variations]"
Add component (AddParameter): Name = "Configuration"; Value = "Single"; VariantName = "[No Variations]"
Add component (AddParameter): Name = "Datasheet URL"; Value = "https://www.fairchildsemi.com/datasheets/PN/PN2222A.pdf"; VariantName = "[No Variations]"
Add component (AddParameter): Name = "Datasheet Version"; Value = "Rev. 1.1.0, 07/2014"; VariantName = "[No Variations]"
Add component (AddParameter): Name = "DC Collector/Base Gain hfe Min"; Value = "100"; VariantName = "[No Variations]"
Add component (AddParameter): Name = "DC Current Gain hFE Max"; Value = "300"; VariantName = "[No Variations]"
Add component (AddParameter): Name = "Emitter- Base Voltage VEBO"; Value = "6V"; VariantName = "[No Variations]"
Add component (AddParameter): Name = "Factory Pack Quantity"; Value = "2000"; VariantName = "[No Variations]"
Add component (AddParameter): Name = "Gain Bandwidth Product fT"; Value = "300MHz"; VariantName = "[No Variations]"
Add component (AddParameter): Name = "Manufacturer"; Value = "FairchildSemiconductor"; VariantName = "[No Variations]"
Add component (AddParameter): Name = "Manufacturer URL"; Value = "https://www.fairchildsemi.com/"; VariantName = "[No Variations]"
Add component (AddParameter): Name = "Maximum DC Collector Current"; Value = "1A"; VariantName = "[No Variations]"
Add component (AddParameter): Name = "Maximum Operating Temperature"; Value = "+150C"; VariantName = "[No Variations]"
Add component (AddParameter): Name = "Maximum Power Dissipation"; Value = "625mW"; VariantName = "[No Variations]"
Add component (AddParameter): Name = "Minimum Operating Temperature"; Value = "-55C"; VariantName = "[No Variations]"
Add component (AddParameter): Name = "Mounting Style"; Value = "ThroughHole"; VariantName = "[No Variations]"
Add component (AddParameter): Name = "Mounting Technology"; Value = "ThroughHole"; VariantName = "[No Variations]"
Add component (AddParameter): Name = "Package / Case"; Value = "TO-92-3KinkedLead"; VariantName = "[No Variations]"
Add component (AddParameter): Name = "Package Description"; Value = "3-Pin Transistor Outline Package, Body Dia 4.79 mm, Pitch 2.6 mm"; VariantName = "[No Variations]"
Add component (AddParameter): Name = "Package Reference"; Value = "TO-92"; VariantName = "[No Variations]"
Add component (AddParameter): Name = "Packaging"; Value = "Reel"; VariantName = "[No Variations]"
Add component (AddParameter): Name = "Product Category"; Value = "BipolarTransistors-BJT"; VariantName = "[No Variations]"
Add component (AddParameter): Name = "RoHS"; Value = "Details"; VariantName = "[No Variations]"
Add component (AddParameter): Name = "Series"; Value = "PN2222"; VariantName = "[No Variations]"
Add component (AddParameter): Name = "Transistor Polarity"; Value = "NPN"; VariantName = "[No Variations]"
Add component (AddParameter): Name = "Unit Weight"; Value = "0.008466oz"; VariantName = "[No Variations]"
Added Component: Designator=Q3(FP-PC817X1J000F-MFG)
Add component (AddParameter): Name = "Case/Package"; Value = "DIP"; VariantName = "[No Variations]"
Add component (AddParameter): Name = "Collector Emitter Breakdown Voltage"; Value = "80V"; VariantName = "[No Variations]"
Add component (AddParameter): Name = "Collector Emitter Saturation Voltage"; Value = "200mV"; VariantName = "[No Variations]"
Add component (AddParameter): Name = "Collector Emitter Voltage (VCEO)"; Value = "80V"; VariantName = "[No Variations]"
Add component (AddParameter): Name = "Current Transfer Ratio"; Value = "600%"; VariantName = "[No Variations]"
Add component (AddParameter): Name = "Fall Time"; Value = "18000ns"; VariantName = "[No Variations]"
Add component (AddParameter): Name = "Forward Current"; Value = "50mA"; VariantName = "[No Variations]"
Add component (AddParameter): Name = "Forward Voltage"; Value = "1.4V"; VariantName = "[No Variations]"
Add component (AddParameter): Name = "Input Current"; Value = "20mA"; VariantName = "[No Variations]"
Add component (AddParameter): Name = "Isolation Voltage"; Value = "5kV"; VariantName = "[No Variations]"
Add component (AddParameter): Name = "Max Collector Current"; Value = "50mA"; VariantName = "[No Variations]"
Add component (AddParameter): Name = "Max Input Current"; Value = "50mA"; VariantName = "[No Variations]"
Add component (AddParameter): Name = "Max Operating Temperature"; Value = "100°C"; VariantName = "[No Variations]"
Add component (AddParameter): Name = "Max Power Dissipation"; Value = "200mW"; VariantName = "[No Variations]"
Add component (AddParameter): Name = "Min Operating Temperature"; Value = "-30°C"; VariantName = "[No Variations]"
Add component (AddParameter): Name = "Mount"; Value = "Through Hole"; VariantName = "[No Variations]"
Add component (AddParameter): Name = "Number of Channels"; Value = "1"; VariantName = "[No Variations]"
Add component (AddParameter): Name = "Number of Elements"; Value = "1"; VariantName = "[No Variations]"
Add component (AddParameter): Name = "Number of Pins"; Value = "4"; VariantName = "[No Variations]"
Add component (AddParameter): Name = "Output Current per Channel"; Value = "50mA"; VariantName = "[No Variations]"
Add component (AddParameter): Name = "Output Voltage"; Value = "80V"; VariantName = "[No Variations]"
Add component (AddParameter): Name = "Package Quantity"; Value = "2000"; VariantName = "[No Variations]"
Add component (AddParameter): Name = "Packaging"; Value = "Sleeve"; VariantName = "[No Variations]"
Add component (AddParameter): Name = "Power Dissipation"; Value = "200mW"; VariantName = "[No Variations]"
Add component (AddParameter): Name = "Radiation Hardening"; Value = "No"; VariantName = "[No Variations]"
Add component (AddParameter): Name = "Reverse Breakdown Voltage"; Value = "6V"; VariantName = "[No Variations]"
Add component (AddParameter): Name = "Rise Time"; Value = "18000ns"; VariantName = "[No Variations]"
Added Component: Designator=Q4(FAIR-TO-92-3)
Add component (AddParameter): Name = "<PCN>"; Value = "http://www.mouser.com/PCN/3.26.10LTBDFairchild.pdf"; VariantName = "[No Variations]"
Add component (AddParameter): Name = "Brand"; Value = "FairchildSemiconductor"; VariantName = "[No Variations]"
Add component (AddParameter): Name = "Collector- Base Voltage VCBO"; Value = "75V"; VariantName = "[No Variations]"
Add component (AddParameter): Name = "Collector- Emitter Voltage VCEO Max"; Value = "40V"; VariantName = "[No Variations]"
Add component (AddParameter): Name = "Collector-Emitter Saturation Voltage"; Value = "1V"; VariantName = "[No Variations]"
Add component (AddParameter): Name = "Configuration"; Value = "Single"; VariantName = "[No Variations]"
Add component (AddParameter): Name = "Datasheet URL"; Value = "https://www.fairchildsemi.com/datasheets/PN/PN2222A.pdf"; VariantName = "[No Variations]"
Add component (AddParameter): Name = "Datasheet Version"; Value = "Rev. 1.1.0, 07/2014"; VariantName = "[No Variations]"
Add component (AddParameter): Name = "DC Collector/Base Gain hfe Min"; Value = "100"; VariantName = "[No Variations]"
Add component (AddParameter): Name = "DC Current Gain hFE Max"; Value = "300"; VariantName = "[No Variations]"
Add component (AddParameter): Name = "Emitter- Base Voltage VEBO"; Value = "6V"; VariantName = "[No Variations]"
Add component (AddParameter): Name = "Factory Pack Quantity"; Value = "2000"; VariantName = "[No Variations]"
Add component (AddParameter): Name = "Gain Bandwidth Product fT"; Value = "300MHz"; VariantName = "[No Variations]"
Add component (AddParameter): Name = "Manufacturer"; Value = "FairchildSemiconductor"; VariantName = "[No Variations]"
Add component (AddParameter): Name = "Manufacturer URL"; Value = "https://www.fairchildsemi.com/"; VariantName = "[No Variations]"
Add component (AddParameter): Name = "Maximum DC Collector Current"; Value = "1A"; VariantName = "[No Variations]"
Add component (AddParameter): Name = "Maximum Operating Temperature"; Value = "+150C"; VariantName = "[No Variations]"
Add component (AddParameter): Name = "Maximum Power Dissipation"; Value = "625mW"; VariantName = "[No Variations]"
Add component (AddParameter): Name = "Minimum Operating Temperature"; Value = "-55C"; VariantName = "[No Variations]"
Add component (AddParameter): Name = "Mounting Style"; Value = "ThroughHole"; VariantName = "[No Variations]"
Add component (AddParameter): Name = "Mounting Technology"; Value = "ThroughHole"; VariantName = "[No Variations]"
Add component (AddParameter): Name = "Package / Case"; Value = "TO-92-3KinkedLead"; VariantName = "[No Variations]"
Add component (AddParameter): Name = "Package Description"; Value = "3-Pin Transistor Outline Package, Body Dia 4.79 mm, Pitch 2.6 mm"; VariantName = "[No Variations]"
Add component (AddParameter): Name = "Package Reference"; Value = "TO-92"; VariantName = "[No Variations]"
Add component (AddParameter): Name = "Packaging"; Value = "Reel"; VariantName = "[No Variations]"
Add component (AddParameter): Name = "Product Category"; Value = "BipolarTransistors-BJT"; VariantName = "[No Variations]"
Add component (AddParameter): Name = "RoHS"; Value = "Details"; VariantName = "[No Variations]"
Add component (AddParameter): Name = "Series"; Value = "PN2222"; VariantName = "[No Variations]"
Add component (AddParameter): Name = "Transistor Polarity"; Value = "NPN"; VariantName = "[No Variations]"
Add component (AddParameter): Name = "Unit Weight"; Value = "0.008466oz"; VariantName = "[No Variations]"
Added Component: Designator=Q5(FP-PC817X1J000F-MFG)
Add component (AddParameter): Name = "Case/Package"; Value = "DIP"; VariantName = "[No Variations]"
Add component (AddParameter): Name = "Collector Emitter Breakdown Voltage"; Value = "80V"; VariantName = "[No Variations]"
Add component (AddParameter): Name = "Collector Emitter Saturation Voltage"; Value = "200mV"; VariantName = "[No Variations]"
Add component (AddParameter): Name = "Collector Emitter Voltage (VCEO)"; Value = "80V"; VariantName = "[No Variations]"
Add component (AddParameter): Name = "Current Transfer Ratio"; Value = "600%"; VariantName = "[No Variations]"
Add component (AddParameter): Name = "Fall Time"; Value = "18000ns"; VariantName = "[No Variations]"
Add component (AddParameter): Name = "Forward Current"; Value = "50mA"; VariantName = "[No Variations]"
Add component (AddParameter): Name = "Forward Voltage"; Value = "1.4V"; VariantName = "[No Variations]"
Add component (AddParameter): Name = "Input Current"; Value = "20mA"; VariantName = "[No Variations]"
Add component (AddParameter): Name = "Isolation Voltage"; Value = "5kV"; VariantName = "[No Variations]"
Add component (AddParameter): Name = "Max Collector Current"; Value = "50mA"; VariantName = "[No Variations]"
Add component (AddParameter): Name = "Max Input Current"; Value = "50mA"; VariantName = "[No Variations]"
Add component (AddParameter): Name = "Max Operating Temperature"; Value = "100°C"; VariantName = "[No Variations]"
Add component (AddParameter): Name = "Max Power Dissipation"; Value = "200mW"; VariantName = "[No Variations]"
Add component (AddParameter): Name = "Min Operating Temperature"; Value = "-30°C"; VariantName = "[No Variations]"
Add component (AddParameter): Name = "Mount"; Value = "Through Hole"; VariantName = "[No Variations]"
Add component (AddParameter): Name = "Number of Channels"; Value = "1"; VariantName = "[No Variations]"
Add component (AddParameter): Name = "Number of Elements"; Value = "1"; VariantName = "[No Variations]"
Add component (AddParameter): Name = "Number of Pins"; Value = "4"; VariantName = "[No Variations]"
Add component (AddParameter): Name = "Output Current per Channel"; Value = "50mA"; VariantName = "[No Variations]"
Add component (AddParameter): Name = "Output Voltage"; Value = "80V"; VariantName = "[No Variations]"
Add component (AddParameter): Name = "Package Quantity"; Value = "2000"; VariantName = "[No Variations]"
Add component (AddParameter): Name = "Packaging"; Value = "Sleeve"; VariantName = "[No Variations]"
Add component (AddParameter): Name = "Power Dissipation"; Value = "200mW"; VariantName = "[No Variations]"
Add component (AddParameter): Name = "Radiation Hardening"; Value = "No"; VariantName = "[No Variations]"
Add component (AddParameter): Name = "Reverse Breakdown Voltage"; Value = "6V"; VariantName = "[No Variations]"
Add component (AddParameter): Name = "Rise Time"; Value = "18000ns"; VariantName = "[No Variations]"
Added Component: Designator=Q6(FAIR-TO-92-3)
Add component (AddParameter): Name = "<PCN>"; Value = "http://www.mouser.com/PCN/3.26.10LTBDFairchild.pdf"; VariantName = "[No Variations]"
Add component (AddParameter): Name = "Brand"; Value = "FairchildSemiconductor"; VariantName = "[No Variations]"
Add component (AddParameter): Name = "Collector- Base Voltage VCBO"; Value = "75V"; VariantName = "[No Variations]"
Add component (AddParameter): Name = "Collector- Emitter Voltage VCEO Max"; Value = "40V"; VariantName = "[No Variations]"
Add component (AddParameter): Name = "Collector-Emitter Saturation Voltage"; Value = "1V"; VariantName = "[No Variations]"
Add component (AddParameter): Name = "Configuration"; Value = "Single"; VariantName = "[No Variations]"
Add component (AddParameter): Name = "Datasheet URL"; Value = "https://www.fairchildsemi.com/datasheets/PN/PN2222A.pdf"; VariantName = "[No Variations]"
Add component (AddParameter): Name = "Datasheet Version"; Value = "Rev. 1.1.0, 07/2014"; VariantName = "[No Variations]"
Add component (AddParameter): Name = "DC Collector/Base Gain hfe Min"; Value = "100"; VariantName = "[No Variations]"
Add component (AddParameter): Name = "DC Current Gain hFE Max"; Value = "300"; VariantName = "[No Variations]"
Add component (AddParameter): Name = "Emitter- Base Voltage VEBO"; Value = "6V"; VariantName = "[No Variations]"
Add component (AddParameter): Name = "Factory Pack Quantity"; Value = "2000"; VariantName = "[No Variations]"
Add component (AddParameter): Name = "Gain Bandwidth Product fT"; Value = "300MHz"; VariantName = "[No Variations]"
Add component (AddParameter): Name = "Manufacturer"; Value = "FairchildSemiconductor"; VariantName = "[No Variations]"
Add component (AddParameter): Name = "Manufacturer URL"; Value = "https://www.fairchildsemi.com/"; VariantName = "[No Variations]"
Add component (AddParameter): Name = "Maximum DC Collector Current"; Value = "1A"; VariantName = "[No Variations]"
Add component (AddParameter): Name = "Maximum Operating Temperature"; Value = "+150C"; VariantName = "[No Variations]"
Add component (AddParameter): Name = "Maximum Power Dissipation"; Value = "625mW"; VariantName = "[No Variations]"
Add component (AddParameter): Name = "Minimum Operating Temperature"; Value = "-55C"; VariantName = "[No Variations]"
Add component (AddParameter): Name = "Mounting Style"; Value = "ThroughHole"; VariantName = "[No Variations]"
Add component (AddParameter): Name = "Mounting Technology"; Value = "ThroughHole"; VariantName = "[No Variations]"
Add component (AddParameter): Name = "Package / Case"; Value = "TO-92-3KinkedLead"; VariantName = "[No Variations]"
Add component (AddParameter): Name = "Package Description"; Value = "3-Pin Transistor Outline Package, Body Dia 4.79 mm, Pitch 2.6 mm"; VariantName = "[No Variations]"
Add component (AddParameter): Name = "Package Reference"; Value = "TO-92"; VariantName = "[No Variations]"
Add component (AddParameter): Name = "Packaging"; Value = "Reel"; VariantName = "[No Variations]"
Add component (AddParameter): Name = "Product Category"; Value = "BipolarTransistors-BJT"; VariantName = "[No Variations]"
Add component (AddParameter): Name = "RoHS"; Value = "Details"; VariantName = "[No Variations]"
Add component (AddParameter): Name = "Series"; Value = "PN2222"; VariantName = "[No Variations]"
Add component (AddParameter): Name = "Transistor Polarity"; Value = "NPN"; VariantName = "[No Variations]"
Add component (AddParameter): Name = "Unit Weight"; Value = "0.008466oz"; VariantName = "[No Variations]"
Added Component: Designator=Q7(FP-PC817X1J000F-MFG)
Add component (AddParameter): Name = "Case/Package"; Value = "DIP"; VariantName = "[No Variations]"
Add component (AddParameter): Name = "Collector Emitter Breakdown Voltage"; Value = "80V"; VariantName = "[No Variations]"
Add component (AddParameter): Name = "Collector Emitter Saturation Voltage"; Value = "200mV"; VariantName = "[No Variations]"
Add component (AddParameter): Name = "Collector Emitter Voltage (VCEO)"; Value = "80V"; VariantName = "[No Variations]"
Add component (AddParameter): Name = "Current Transfer Ratio"; Value = "600%"; VariantName = "[No Variations]"
Add component (AddParameter): Name = "Fall Time"; Value = "18000ns"; VariantName = "[No Variations]"
Add component (AddParameter): Name = "Forward Current"; Value = "50mA"; VariantName = "[No Variations]"
Add component (AddParameter): Name = "Forward Voltage"; Value = "1.4V"; VariantName = "[No Variations]"
Add component (AddParameter): Name = "Input Current"; Value = "20mA"; VariantName = "[No Variations]"
Add component (AddParameter): Name = "Isolation Voltage"; Value = "5kV"; VariantName = "[No Variations]"
Add component (AddParameter): Name = "Max Collector Current"; Value = "50mA"; VariantName = "[No Variations]"
Add component (AddParameter): Name = "Max Input Current"; Value = "50mA"; VariantName = "[No Variations]"
Add component (AddParameter): Name = "Max Operating Temperature"; Value = "100°C"; VariantName = "[No Variations]"
Add component (AddParameter): Name = "Max Power Dissipation"; Value = "200mW"; VariantName = "[No Variations]"
Add component (AddParameter): Name = "Min Operating Temperature"; Value = "-30°C"; VariantName = "[No Variations]"
Add component (AddParameter): Name = "Mount"; Value = "Through Hole"; VariantName = "[No Variations]"
Add component (AddParameter): Name = "Number of Channels"; Value = "1"; VariantName = "[No Variations]"
Add component (AddParameter): Name = "Number of Elements"; Value = "1"; VariantName = "[No Variations]"
Add component (AddParameter): Name = "Number of Pins"; Value = "4"; VariantName = "[No Variations]"
Add component (AddParameter): Name = "Output Current per Channel"; Value = "50mA"; VariantName = "[No Variations]"
Add component (AddParameter): Name = "Output Voltage"; Value = "80V"; VariantName = "[No Variations]"
Add component (AddParameter): Name = "Package Quantity"; Value = "2000"; VariantName = "[No Variations]"
Add component (AddParameter): Name = "Packaging"; Value = "Sleeve"; VariantName = "[No Variations]"
Add component (AddParameter): Name = "Power Dissipation"; Value = "200mW"; VariantName = "[No Variations]"
Add component (AddParameter): Name = "Radiation Hardening"; Value = "No"; VariantName = "[No Variations]"
Add component (AddParameter): Name = "Reverse Breakdown Voltage"; Value = "6V"; VariantName = "[No Variations]"
Add component (AddParameter): Name = "Rise Time"; Value = "18000ns"; VariantName = "[No Variations]"
Added Component: Designator=Q8(FAIR-TO-92-3)
Add component (AddParameter): Name = "<PCN>"; Value = "http://www.mouser.com/PCN/3.26.10LTBDFairchild.pdf"; VariantName = "[No Variations]"
Add component (AddParameter): Name = "Brand"; Value = "FairchildSemiconductor"; VariantName = "[No Variations]"
Add component (AddParameter): Name = "Collector- Base Voltage VCBO"; Value = "75V"; VariantName = "[No Variations]"
Add component (AddParameter): Name = "Collector- Emitter Voltage VCEO Max"; Value = "40V"; VariantName = "[No Variations]"
Add component (AddParameter): Name = "Collector-Emitter Saturation Voltage"; Value = "1V"; VariantName = "[No Variations]"
Add component (AddParameter): Name = "Configuration"; Value = "Single"; VariantName = "[No Variations]"
Add component (AddParameter): Name = "Datasheet URL"; Value = "https://www.fairchildsemi.com/datasheets/PN/PN2222A.pdf"; VariantName = "[No Variations]"
Add component (AddParameter): Name = "Datasheet Version"; Value = "Rev. 1.1.0, 07/2014"; VariantName = "[No Variations]"
Add component (AddParameter): Name = "DC Collector/Base Gain hfe Min"; Value = "100"; VariantName = "[No Variations]"
Add component (AddParameter): Name = "DC Current Gain hFE Max"; Value = "300"; VariantName = "[No Variations]"
Add component (AddParameter): Name = "Emitter- Base Voltage VEBO"; Value = "6V"; VariantName = "[No Variations]"
Add component (AddParameter): Name = "Factory Pack Quantity"; Value = "2000"; VariantName = "[No Variations]"
Add component (AddParameter): Name = "Gain Bandwidth Product fT"; Value = "300MHz"; VariantName = "[No Variations]"
Add component (AddParameter): Name = "Manufacturer"; Value = "FairchildSemiconductor"; VariantName = "[No Variations]"
Add component (AddParameter): Name = "Manufacturer URL"; Value = "https://www.fairchildsemi.com/"; VariantName = "[No Variations]"
Add component (AddParameter): Name = "Maximum DC Collector Current"; Value = "1A"; VariantName = "[No Variations]"
Add component (AddParameter): Name = "Maximum Operating Temperature"; Value = "+150C"; VariantName = "[No Variations]"
Add component (AddParameter): Name = "Maximum Power Dissipation"; Value = "625mW"; VariantName = "[No Variations]"
Add component (AddParameter): Name = "Minimum Operating Temperature"; Value = "-55C"; VariantName = "[No Variations]"
Add component (AddParameter): Name = "Mounting Style"; Value = "ThroughHole"; VariantName = "[No Variations]"
Add component (AddParameter): Name = "Mounting Technology"; Value = "ThroughHole"; VariantName = "[No Variations]"
Add component (AddParameter): Name = "Package / Case"; Value = "TO-92-3KinkedLead"; VariantName = "[No Variations]"
Add component (AddParameter): Name = "Package Description"; Value = "3-Pin Transistor Outline Package, Body Dia 4.79 mm, Pitch 2.6 mm"; VariantName = "[No Variations]"
Add component (AddParameter): Name = "Package Reference"; Value = "TO-92"; VariantName = "[No Variations]"
Add component (AddParameter): Name = "Packaging"; Value = "Reel"; VariantName = "[No Variations]"
Add component (AddParameter): Name = "Product Category"; Value = "BipolarTransistors-BJT"; VariantName = "[No Variations]"
Add component (AddParameter): Name = "RoHS"; Value = "Details"; VariantName = "[No Variations]"
Add component (AddParameter): Name = "Series"; Value = "PN2222"; VariantName = "[No Variations]"
Add component (AddParameter): Name = "Transistor Polarity"; Value = "NPN"; VariantName = "[No Variations]"
Add component (AddParameter): Name = "Unit Weight"; Value = "0.008466oz"; VariantName = "[No Variations]"
Added Component: Designator=Q9(FP-PC817X1J000F-MFG)
Add component (AddParameter): Name = "Case/Package"; Value = "DIP"; VariantName = "[No Variations]"
Add component (AddParameter): Name = "Collector Emitter Breakdown Voltage"; Value = "80V"; VariantName = "[No Variations]"
Add component (AddParameter): Name = "Collector Emitter Saturation Voltage"; Value = "200mV"; VariantName = "[No Variations]"
Add component (AddParameter): Name = "Collector Emitter Voltage (VCEO)"; Value = "80V"; VariantName = "[No Variations]"
Add component (AddParameter): Name = "Current Transfer Ratio"; Value = "600%"; VariantName = "[No Variations]"
Add component (AddParameter): Name = "Fall Time"; Value = "18000ns"; VariantName = "[No Variations]"
Add component (AddParameter): Name = "Forward Current"; Value = "50mA"; VariantName = "[No Variations]"
Add component (AddParameter): Name = "Forward Voltage"; Value = "1.4V"; VariantName = "[No Variations]"
Add component (AddParameter): Name = "Input Current"; Value = "20mA"; VariantName = "[No Variations]"
Add component (AddParameter): Name = "Isolation Voltage"; Value = "5kV"; VariantName = "[No Variations]"
Add component (AddParameter): Name = "Max Collector Current"; Value = "50mA"; VariantName = "[No Variations]"
Add component (AddParameter): Name = "Max Input Current"; Value = "50mA"; VariantName = "[No Variations]"
Add component (AddParameter): Name = "Max Operating Temperature"; Value = "100°C"; VariantName = "[No Variations]"
Add component (AddParameter): Name = "Max Power Dissipation"; Value = "200mW"; VariantName = "[No Variations]"
Add component (AddParameter): Name = "Min Operating Temperature"; Value = "-30°C"; VariantName = "[No Variations]"
Add component (AddParameter): Name = "Mount"; Value = "Through Hole"; VariantName = "[No Variations]"
Add component (AddParameter): Name = "Number of Channels"; Value = "1"; VariantName = "[No Variations]"
Add component (AddParameter): Name = "Number of Elements"; Value = "1"; VariantName = "[No Variations]"
Add component (AddParameter): Name = "Number of Pins"; Value = "4"; VariantName = "[No Variations]"
Add component (AddParameter): Name = "Output Current per Channel"; Value = "50mA"; VariantName = "[No Variations]"
Add component (AddParameter): Name = "Output Voltage"; Value = "80V"; VariantName = "[No Variations]"
Add component (AddParameter): Name = "Package Quantity"; Value = "2000"; VariantName = "[No Variations]"
Add component (AddParameter): Name = "Packaging"; Value = "Sleeve"; VariantName = "[No Variations]"
Add component (AddParameter): Name = "Power Dissipation"; Value = "200mW"; VariantName = "[No Variations]"
Add component (AddParameter): Name = "Radiation Hardening"; Value = "No"; VariantName = "[No Variations]"
Add component (AddParameter): Name = "Reverse Breakdown Voltage"; Value = "6V"; VariantName = "[No Variations]"
Add component (AddParameter): Name = "Rise Time"; Value = "18000ns"; VariantName = "[No Variations]"
Added Component: Designator=Q10(FAIR-TO-92-3)
Add component (AddParameter): Name = "<PCN>"; Value = "http://www.mouser.com/PCN/3.26.10LTBDFairchild.pdf"; VariantName = "[No Variations]"
Add component (AddParameter): Name = "Brand"; Value = "FairchildSemiconductor"; VariantName = "[No Variations]"
Add component (AddParameter): Name = "Collector- Base Voltage VCBO"; Value = "75V"; VariantName = "[No Variations]"
Add component (AddParameter): Name = "Collector- Emitter Voltage VCEO Max"; Value = "40V"; VariantName = "[No Variations]"
Add component (AddParameter): Name = "Collector-Emitter Saturation Voltage"; Value = "1V"; VariantName = "[No Variations]"
Add component (AddParameter): Name = "Configuration"; Value = "Single"; VariantName = "[No Variations]"
Add component (AddParameter): Name = "Datasheet URL"; Value = "https://www.fairchildsemi.com/datasheets/PN/PN2222A.pdf"; VariantName = "[No Variations]"
Add component (AddParameter): Name = "Datasheet Version"; Value = "Rev. 1.1.0, 07/2014"; VariantName = "[No Variations]"
Add component (AddParameter): Name = "DC Collector/Base Gain hfe Min"; Value = "100"; VariantName = "[No Variations]"
Add component (AddParameter): Name = "DC Current Gain hFE Max"; Value = "300"; VariantName = "[No Variations]"
Add component (AddParameter): Name = "Emitter- Base Voltage VEBO"; Value = "6V"; VariantName = "[No Variations]"
Add component (AddParameter): Name = "Factory Pack Quantity"; Value = "2000"; VariantName = "[No Variations]"
Add component (AddParameter): Name = "Gain Bandwidth Product fT"; Value = "300MHz"; VariantName = "[No Variations]"
Add component (AddParameter): Name = "Manufacturer"; Value = "FairchildSemiconductor"; VariantName = "[No Variations]"
Add component (AddParameter): Name = "Manufacturer URL"; Value = "https://www.fairchildsemi.com/"; VariantName = "[No Variations]"
Add component (AddParameter): Name = "Maximum DC Collector Current"; Value = "1A"; VariantName = "[No Variations]"
Add component (AddParameter): Name = "Maximum Operating Temperature"; Value = "+150C"; VariantName = "[No Variations]"
Add component (AddParameter): Name = "Maximum Power Dissipation"; Value = "625mW"; VariantName = "[No Variations]"
Add component (AddParameter): Name = "Minimum Operating Temperature"; Value = "-55C"; VariantName = "[No Variations]"
Add component (AddParameter): Name = "Mounting Style"; Value = "ThroughHole"; VariantName = "[No Variations]"
Add component (AddParameter): Name = "Mounting Technology"; Value = "ThroughHole"; VariantName = "[No Variations]"
Add component (AddParameter): Name = "Package / Case"; Value = "TO-92-3KinkedLead"; VariantName = "[No Variations]"
Add component (AddParameter): Name = "Package Description"; Value = "3-Pin Transistor Outline Package, Body Dia 4.79 mm, Pitch 2.6 mm"; VariantName = "[No Variations]"
Add component (AddParameter): Name = "Package Reference"; Value = "TO-92"; VariantName = "[No Variations]"
Add component (AddParameter): Name = "Packaging"; Value = "Reel"; VariantName = "[No Variations]"
Add component (AddParameter): Name = "Product Category"; Value = "BipolarTransistors-BJT"; VariantName = "[No Variations]"
Add component (AddParameter): Name = "RoHS"; Value = "Details"; VariantName = "[No Variations]"
Add component (AddParameter): Name = "Series"; Value = "PN2222"; VariantName = "[No Variations]"
Add component (AddParameter): Name = "Transistor Polarity"; Value = "NPN"; VariantName = "[No Variations]"
Add component (AddParameter): Name = "Unit Weight"; Value = "0.008466oz"; VariantName = "[No Variations]"
Added Component: Designator=Q11(FP-PC817X1J000F-MFG)
Add component (AddParameter): Name = "Case/Package"; Value = "DIP"; VariantName = "[No Variations]"
Add component (AddParameter): Name = "Collector Emitter Breakdown Voltage"; Value = "80V"; VariantName = "[No Variations]"
Add component (AddParameter): Name = "Collector Emitter Saturation Voltage"; Value = "200mV"; VariantName = "[No Variations]"
Add component (AddParameter): Name = "Collector Emitter Voltage (VCEO)"; Value = "80V"; VariantName = "[No Variations]"
Add component (AddParameter): Name = "Current Transfer Ratio"; Value = "600%"; VariantName = "[No Variations]"
Add component (AddParameter): Name = "Fall Time"; Value = "18000ns"; VariantName = "[No Variations]"
Add component (AddParameter): Name = "Forward Current"; Value = "50mA"; VariantName = "[No Variations]"
Add component (AddParameter): Name = "Forward Voltage"; Value = "1.4V"; VariantName = "[No Variations]"
Add component (AddParameter): Name = "Input Current"; Value = "20mA"; VariantName = "[No Variations]"
Add component (AddParameter): Name = "Isolation Voltage"; Value = "5kV"; VariantName = "[No Variations]"
Add component (AddParameter): Name = "Max Collector Current"; Value = "50mA"; VariantName = "[No Variations]"
Add component (AddParameter): Name = "Max Input Current"; Value = "50mA"; VariantName = "[No Variations]"
Add component (AddParameter): Name = "Max Operating Temperature"; Value = "100°C"; VariantName = "[No Variations]"
Add component (AddParameter): Name = "Max Power Dissipation"; Value = "200mW"; VariantName = "[No Variations]"
Add component (AddParameter): Name = "Min Operating Temperature"; Value = "-30°C"; VariantName = "[No Variations]"
Add component (AddParameter): Name = "Mount"; Value = "Through Hole"; VariantName = "[No Variations]"
Add component (AddParameter): Name = "Number of Channels"; Value = "1"; VariantName = "[No Variations]"
Add component (AddParameter): Name = "Number of Elements"; Value = "1"; VariantName = "[No Variations]"
Add component (AddParameter): Name = "Number of Pins"; Value = "4"; VariantName = "[No Variations]"
Add component (AddParameter): Name = "Output Current per Channel"; Value = "50mA"; VariantName = "[No Variations]"
Add component (AddParameter): Name = "Output Voltage"; Value = "80V"; VariantName = "[No Variations]"
Add component (AddParameter): Name = "Package Quantity"; Value = "2000"; VariantName = "[No Variations]"
Add component (AddParameter): Name = "Packaging"; Value = "Sleeve"; VariantName = "[No Variations]"
Add component (AddParameter): Name = "Power Dissipation"; Value = "200mW"; VariantName = "[No Variations]"
Add component (AddParameter): Name = "Radiation Hardening"; Value = "No"; VariantName = "[No Variations]"
Add component (AddParameter): Name = "Reverse Breakdown Voltage"; Value = "6V"; VariantName = "[No Variations]"
Add component (AddParameter): Name = "Rise Time"; Value = "18000ns"; VariantName = "[No Variations]"
Added Component: Designator=Q12(FAIR-TO-92-3)
Add component (AddParameter): Name = "<PCN>"; Value = "http://www.mouser.com/PCN/3.26.10LTBDFairchild.pdf"; VariantName = "[No Variations]"
Add component (AddParameter): Name = "Brand"; Value = "FairchildSemiconductor"; VariantName = "[No Variations]"
Add component (AddParameter): Name = "Collector- Base Voltage VCBO"; Value = "75V"; VariantName = "[No Variations]"
Add component (AddParameter): Name = "Collector- Emitter Voltage VCEO Max"; Value = "40V"; VariantName = "[No Variations]"
Add component (AddParameter): Name = "Collector-Emitter Saturation Voltage"; Value = "1V"; VariantName = "[No Variations]"
Add component (AddParameter): Name = "Configuration"; Value = "Single"; VariantName = "[No Variations]"
Add component (AddParameter): Name = "Datasheet URL"; Value = "https://www.fairchildsemi.com/datasheets/PN/PN2222A.pdf"; VariantName = "[No Variations]"
Add component (AddParameter): Name = "Datasheet Version"; Value = "Rev. 1.1.0, 07/2014"; VariantName = "[No Variations]"
Add component (AddParameter): Name = "DC Collector/Base Gain hfe Min"; Value = "100"; VariantName = "[No Variations]"
Add component (AddParameter): Name = "DC Current Gain hFE Max"; Value = "300"; VariantName = "[No Variations]"
Add component (AddParameter): Name = "Emitter- Base Voltage VEBO"; Value = "6V"; VariantName = "[No Variations]"
Add component (AddParameter): Name = "Factory Pack Quantity"; Value = "2000"; VariantName = "[No Variations]"
Add component (AddParameter): Name = "Gain Bandwidth Product fT"; Value = "300MHz"; VariantName = "[No Variations]"
Add component (AddParameter): Name = "Manufacturer"; Value = "FairchildSemiconductor"; VariantName = "[No Variations]"
Add component (AddParameter): Name = "Manufacturer URL"; Value = "https://www.fairchildsemi.com/"; VariantName = "[No Variations]"
Add component (AddParameter): Name = "Maximum DC Collector Current"; Value = "1A"; VariantName = "[No Variations]"
Add component (AddParameter): Name = "Maximum Operating Temperature"; Value = "+150C"; VariantName = "[No Variations]"
Add component (AddParameter): Name = "Maximum Power Dissipation"; Value = "625mW"; VariantName = "[No Variations]"
Add component (AddParameter): Name = "Minimum Operating Temperature"; Value = "-55C"; VariantName = "[No Variations]"
Add component (AddParameter): Name = "Mounting Style"; Value = "ThroughHole"; VariantName = "[No Variations]"
Add component (AddParameter): Name = "Mounting Technology"; Value = "ThroughHole"; VariantName = "[No Variations]"
Add component (AddParameter): Name = "Package / Case"; Value = "TO-92-3KinkedLead"; VariantName = "[No Variations]"
Add component (AddParameter): Name = "Package Description"; Value = "3-Pin Transistor Outline Package, Body Dia 4.79 mm, Pitch 2.6 mm"; VariantName = "[No Variations]"
Add component (AddParameter): Name = "Package Reference"; Value = "TO-92"; VariantName = "[No Variations]"
Add component (AddParameter): Name = "Packaging"; Value = "Reel"; VariantName = "[No Variations]"
Add component (AddParameter): Name = "Product Category"; Value = "BipolarTransistors-BJT"; VariantName = "[No Variations]"
Add component (AddParameter): Name = "RoHS"; Value = "Details"; VariantName = "[No Variations]"
Add component (AddParameter): Name = "Series"; Value = "PN2222"; VariantName = "[No Variations]"
Add component (AddParameter): Name = "Transistor Polarity"; Value = "NPN"; VariantName = "[No Variations]"
Add component (AddParameter): Name = "Unit Weight"; Value = "0.008466oz"; VariantName = "[No Variations]"
Added Component: Designator=Q13(FP-PC817X1J000F-MFG)
Add component (AddParameter): Name = "Case/Package"; Value = "DIP"; VariantName = "[No Variations]"
Add component (AddParameter): Name = "Collector Emitter Breakdown Voltage"; Value = "80V"; VariantName = "[No Variations]"
Add component (AddParameter): Name = "Collector Emitter Saturation Voltage"; Value = "200mV"; VariantName = "[No Variations]"
Add component (AddParameter): Name = "Collector Emitter Voltage (VCEO)"; Value = "80V"; VariantName = "[No Variations]"
Add component (AddParameter): Name = "Current Transfer Ratio"; Value = "600%"; VariantName = "[No Variations]"
Add component (AddParameter): Name = "Fall Time"; Value = "18000ns"; VariantName = "[No Variations]"
Add component (AddParameter): Name = "Forward Current"; Value = "50mA"; VariantName = "[No Variations]"
Add component (AddParameter): Name = "Forward Voltage"; Value = "1.4V"; VariantName = "[No Variations]"
Add component (AddParameter): Name = "Input Current"; Value = "20mA"; VariantName = "[No Variations]"
Add component (AddParameter): Name = "Isolation Voltage"; Value = "5kV"; VariantName = "[No Variations]"
Add component (AddParameter): Name = "Max Collector Current"; Value = "50mA"; VariantName = "[No Variations]"
Add component (AddParameter): Name = "Max Input Current"; Value = "50mA"; VariantName = "[No Variations]"
Add component (AddParameter): Name = "Max Operating Temperature"; Value = "100°C"; VariantName = "[No Variations]"
Add component (AddParameter): Name = "Max Power Dissipation"; Value = "200mW"; VariantName = "[No Variations]"
Add component (AddParameter): Name = "Min Operating Temperature"; Value = "-30°C"; VariantName = "[No Variations]"
Add component (AddParameter): Name = "Mount"; Value = "Through Hole"; VariantName = "[No Variations]"
Add component (AddParameter): Name = "Number of Channels"; Value = "1"; VariantName = "[No Variations]"
Add component (AddParameter): Name = "Number of Elements"; Value = "1"; VariantName = "[No Variations]"
Add component (AddParameter): Name = "Number of Pins"; Value = "4"; VariantName = "[No Variations]"
Add component (AddParameter): Name = "Output Current per Channel"; Value = "50mA"; VariantName = "[No Variations]"
Add component (AddParameter): Name = "Output Voltage"; Value = "80V"; VariantName = "[No Variations]"
Add component (AddParameter): Name = "Package Quantity"; Value = "2000"; VariantName = "[No Variations]"
Add component (AddParameter): Name = "Packaging"; Value = "Sleeve"; VariantName = "[No Variations]"
Add component (AddParameter): Name = "Power Dissipation"; Value = "200mW"; VariantName = "[No Variations]"
Add component (AddParameter): Name = "Radiation Hardening"; Value = "No"; VariantName = "[No Variations]"
Add component (AddParameter): Name = "Reverse Breakdown Voltage"; Value = "6V"; VariantName = "[No Variations]"
Add component (AddParameter): Name = "Rise Time"; Value = "18000ns"; VariantName = "[No Variations]"
Added Component: Designator=Q14(FAIR-TO-92-3)
Add component (AddParameter): Name = "<PCN>"; Value = "http://www.mouser.com/PCN/3.26.10LTBDFairchild.pdf"; VariantName = "[No Variations]"
Add component (AddParameter): Name = "Brand"; Value = "FairchildSemiconductor"; VariantName = "[No Variations]"
Add component (AddParameter): Name = "Collector- Base Voltage VCBO"; Value = "75V"; VariantName = "[No Variations]"
Add component (AddParameter): Name = "Collector- Emitter Voltage VCEO Max"; Value = "40V"; VariantName = "[No Variations]"
Add component (AddParameter): Name = "Collector-Emitter Saturation Voltage"; Value = "1V"; VariantName = "[No Variations]"
Add component (AddParameter): Name = "Configuration"; Value = "Single"; VariantName = "[No Variations]"
Add component (AddParameter): Name = "Datasheet URL"; Value = "https://www.fairchildsemi.com/datasheets/PN/PN2222A.pdf"; VariantName = "[No Variations]"
Add component (AddParameter): Name = "Datasheet Version"; Value = "Rev. 1.1.0, 07/2014"; VariantName = "[No Variations]"
Add component (AddParameter): Name = "DC Collector/Base Gain hfe Min"; Value = "100"; VariantName = "[No Variations]"
Add component (AddParameter): Name = "DC Current Gain hFE Max"; Value = "300"; VariantName = "[No Variations]"
Add component (AddParameter): Name = "Emitter- Base Voltage VEBO"; Value = "6V"; VariantName = "[No Variations]"
Add component (AddParameter): Name = "Factory Pack Quantity"; Value = "2000"; VariantName = "[No Variations]"
Add component (AddParameter): Name = "Gain Bandwidth Product fT"; Value = "300MHz"; VariantName = "[No Variations]"
Add component (AddParameter): Name = "Manufacturer"; Value = "FairchildSemiconductor"; VariantName = "[No Variations]"
Add component (AddParameter): Name = "Manufacturer URL"; Value = "https://www.fairchildsemi.com/"; VariantName = "[No Variations]"
Add component (AddParameter): Name = "Maximum DC Collector Current"; Value = "1A"; VariantName = "[No Variations]"
Add component (AddParameter): Name = "Maximum Operating Temperature"; Value = "+150C"; VariantName = "[No Variations]"
Add component (AddParameter): Name = "Maximum Power Dissipation"; Value = "625mW"; VariantName = "[No Variations]"
Add component (AddParameter): Name = "Minimum Operating Temperature"; Value = "-55C"; VariantName = "[No Variations]"
Add component (AddParameter): Name = "Mounting Style"; Value = "ThroughHole"; VariantName = "[No Variations]"
Add component (AddParameter): Name = "Mounting Technology"; Value = "ThroughHole"; VariantName = "[No Variations]"
Add component (AddParameter): Name = "Package / Case"; Value = "TO-92-3KinkedLead"; VariantName = "[No Variations]"
Add component (AddParameter): Name = "Package Description"; Value = "3-Pin Transistor Outline Package, Body Dia 4.79 mm, Pitch 2.6 mm"; VariantName = "[No Variations]"
Add component (AddParameter): Name = "Package Reference"; Value = "TO-92"; VariantName = "[No Variations]"
Add component (AddParameter): Name = "Packaging"; Value = "Reel"; VariantName = "[No Variations]"
Add component (AddParameter): Name = "Product Category"; Value = "BipolarTransistors-BJT"; VariantName = "[No Variations]"
Add component (AddParameter): Name = "RoHS"; Value = "Details"; VariantName = "[No Variations]"
Add component (AddParameter): Name = "Series"; Value = "PN2222"; VariantName = "[No Variations]"
Add component (AddParameter): Name = "Transistor Polarity"; Value = "NPN"; VariantName = "[No Variations]"
Add component (AddParameter): Name = "Unit Weight"; Value = "0.008466oz"; VariantName = "[No Variations]"
Added Component: Designator=Q15(FP-PC817X1J000F-MFG)
Add component (AddParameter): Name = "Case/Package"; Value = "DIP"; VariantName = "[No Variations]"
Add component (AddParameter): Name = "Collector Emitter Breakdown Voltage"; Value = "80V"; VariantName = "[No Variations]"
Add component (AddParameter): Name = "Collector Emitter Saturation Voltage"; Value = "200mV"; VariantName = "[No Variations]"
Add component (AddParameter): Name = "Collector Emitter Voltage (VCEO)"; Value = "80V"; VariantName = "[No Variations]"
Add component (AddParameter): Name = "Current Transfer Ratio"; Value = "600%"; VariantName = "[No Variations]"
Add component (AddParameter): Name = "Fall Time"; Value = "18000ns"; VariantName = "[No Variations]"
Add component (AddParameter): Name = "Forward Current"; Value = "50mA"; VariantName = "[No Variations]"
Add component (AddParameter): Name = "Forward Voltage"; Value = "1.4V"; VariantName = "[No Variations]"
Add component (AddParameter): Name = "Input Current"; Value = "20mA"; VariantName = "[No Variations]"
Add component (AddParameter): Name = "Isolation Voltage"; Value = "5kV"; VariantName = "[No Variations]"
Add component (AddParameter): Name = "Max Collector Current"; Value = "50mA"; VariantName = "[No Variations]"
Add component (AddParameter): Name = "Max Input Current"; Value = "50mA"; VariantName = "[No Variations]"
Add component (AddParameter): Name = "Max Operating Temperature"; Value = "100°C"; VariantName = "[No Variations]"
Add component (AddParameter): Name = "Max Power Dissipation"; Value = "200mW"; VariantName = "[No Variations]"
Add component (AddParameter): Name = "Min Operating Temperature"; Value = "-30°C"; VariantName = "[No Variations]"
Add component (AddParameter): Name = "Mount"; Value = "Through Hole"; VariantName = "[No Variations]"
Add component (AddParameter): Name = "Number of Channels"; Value = "1"; VariantName = "[No Variations]"
Add component (AddParameter): Name = "Number of Elements"; Value = "1"; VariantName = "[No Variations]"
Add component (AddParameter): Name = "Number of Pins"; Value = "4"; VariantName = "[No Variations]"
Add component (AddParameter): Name = "Output Current per Channel"; Value = "50mA"; VariantName = "[No Variations]"
Add component (AddParameter): Name = "Output Voltage"; Value = "80V"; VariantName = "[No Variations]"
Add component (AddParameter): Name = "Package Quantity"; Value = "2000"; VariantName = "[No Variations]"
Add component (AddParameter): Name = "Packaging"; Value = "Sleeve"; VariantName = "[No Variations]"
Add component (AddParameter): Name = "Power Dissipation"; Value = "200mW"; VariantName = "[No Variations]"
Add component (AddParameter): Name = "Radiation Hardening"; Value = "No"; VariantName = "[No Variations]"
Add component (AddParameter): Name = "Reverse Breakdown Voltage"; Value = "6V"; VariantName = "[No Variations]"
Add component (AddParameter): Name = "Rise Time"; Value = "18000ns"; VariantName = "[No Variations]"
Added Component: Designator=Q16(FAIR-TO-92-3)
Add component (AddParameter): Name = "<PCN>"; Value = "http://www.mouser.com/PCN/3.26.10LTBDFairchild.pdf"; VariantName = "[No Variations]"
Add component (AddParameter): Name = "Brand"; Value = "FairchildSemiconductor"; VariantName = "[No Variations]"
Add component (AddParameter): Name = "Collector- Base Voltage VCBO"; Value = "75V"; VariantName = "[No Variations]"
Add component (AddParameter): Name = "Collector- Emitter Voltage VCEO Max"; Value = "40V"; VariantName = "[No Variations]"
Add component (AddParameter): Name = "Collector-Emitter Saturation Voltage"; Value = "1V"; VariantName = "[No Variations]"
Add component (AddParameter): Name = "Configuration"; Value = "Single"; VariantName = "[No Variations]"
Add component (AddParameter): Name = "Datasheet URL"; Value = "https://www.fairchildsemi.com/datasheets/PN/PN2222A.pdf"; VariantName = "[No Variations]"
Add component (AddParameter): Name = "Datasheet Version"; Value = "Rev. 1.1.0, 07/2014"; VariantName = "[No Variations]"
Add component (AddParameter): Name = "DC Collector/Base Gain hfe Min"; Value = "100"; VariantName = "[No Variations]"
Add component (AddParameter): Name = "DC Current Gain hFE Max"; Value = "300"; VariantName = "[No Variations]"
Add component (AddParameter): Name = "Emitter- Base Voltage VEBO"; Value = "6V"; VariantName = "[No Variations]"
Add component (AddParameter): Name = "Factory Pack Quantity"; Value = "2000"; VariantName = "[No Variations]"
Add component (AddParameter): Name = "Gain Bandwidth Product fT"; Value = "300MHz"; VariantName = "[No Variations]"
Add component (AddParameter): Name = "Manufacturer"; Value = "FairchildSemiconductor"; VariantName = "[No Variations]"
Add component (AddParameter): Name = "Manufacturer URL"; Value = "https://www.fairchildsemi.com/"; VariantName = "[No Variations]"
Add component (AddParameter): Name = "Maximum DC Collector Current"; Value = "1A"; VariantName = "[No Variations]"
Add component (AddParameter): Name = "Maximum Operating Temperature"; Value = "+150C"; VariantName = "[No Variations]"
Add component (AddParameter): Name = "Maximum Power Dissipation"; Value = "625mW"; VariantName = "[No Variations]"
Add component (AddParameter): Name = "Minimum Operating Temperature"; Value = "-55C"; VariantName = "[No Variations]"
Add component (AddParameter): Name = "Mounting Style"; Value = "ThroughHole"; VariantName = "[No Variations]"
Add component (AddParameter): Name = "Mounting Technology"; Value = "ThroughHole"; VariantName = "[No Variations]"
Add component (AddParameter): Name = "Package / Case"; Value = "TO-92-3KinkedLead"; VariantName = "[No Variations]"
Add component (AddParameter): Name = "Package Description"; Value = "3-Pin Transistor Outline Package, Body Dia 4.79 mm, Pitch 2.6 mm"; VariantName = "[No Variations]"
Add component (AddParameter): Name = "Package Reference"; Value = "TO-92"; VariantName = "[No Variations]"
Add component (AddParameter): Name = "Packaging"; Value = "Reel"; VariantName = "[No Variations]"
Add component (AddParameter): Name = "Product Category"; Value = "BipolarTransistors-BJT"; VariantName = "[No Variations]"
Add component (AddParameter): Name = "RoHS"; Value = "Details"; VariantName = "[No Variations]"
Add component (AddParameter): Name = "Series"; Value = "PN2222"; VariantName = "[No Variations]"
Add component (AddParameter): Name = "Transistor Polarity"; Value = "NPN"; VariantName = "[No Variations]"
Add component (AddParameter): Name = "Unit Weight"; Value = "0.008466oz"; VariantName = "[No Variations]"
Added Component: Designator=R1(FP-HVR37-MFG)
Add component (AddParameter): Name = "Case/Package"; Value = "Axial"; VariantName = "[No Variations]"
Add component (AddParameter): Name = "Composition"; Value = "Metal Film"; VariantName = "[No Variations]"
Add component (AddParameter): Name = "Features"; Value = "Flame Retardant Coating"; VariantName = "[No Variations]"
Add component (AddParameter): Name = "Height"; Value = "4mm"; VariantName = "[No Variations]"
Add component (AddParameter): Name = "Lead Diameter"; Value = "780µm"; VariantName = "[No Variations]"
Add component (AddParameter): Name = "Lead Free"; Value = "Lead Free"; VariantName = "[No Variations]"
Add component (AddParameter): Name = "Length"; Value = "10.0076mm"; VariantName = "[No Variations]"
Add component (AddParameter): Name = "Max Operating Temperature"; Value = "155°C"; VariantName = "[No Variations]"
Add component (AddParameter): Name = "Max Power Dissipation"; Value = "500mW"; VariantName = "[No Variations]"
Add component (AddParameter): Name = "Min Operating Temperature"; Value = "-55°C"; VariantName = "[No Variations]"
Add component (AddParameter): Name = "NexarPartId"; Value = "42845042"; VariantName = "[No Variations]"
Add component (AddParameter): Name = "Number of Pins"; Value = "2"; VariantName = "[No Variations]"
Add component (AddParameter): Name = "Number of Terminations"; Value = "2"; VariantName = "[No Variations]"
Add component (AddParameter): Name = "Packaging"; Value = "Cut Tape (CT)"; VariantName = "[No Variations]"
Add component (AddParameter): Name = "Power Rating"; Value = "500mW"; VariantName = "[No Variations]"
Add component (AddParameter): Name = "Radiation Hardening"; Value = "No"; VariantName = "[No Variations]"
Add component (AddParameter): Name = "REACH SVHC"; Value = "Unknown"; VariantName = "[No Variations]"
Add component (AddParameter): Name = "Resistance"; Value = "1MO"; VariantName = "[No Variations]"
Add component (AddParameter): Name = "RoHS"; Value = "Compliant"; VariantName = "[No Variations]"
Add component (AddParameter): Name = "Schedule B"; Value = "8533210090, 8533210090"; VariantName = "[No Variations]"
Add component (AddParameter): Name = "Temperature Coefficient"; Value = "200ppm/°C"; VariantName = "[No Variations]"
Add component (AddParameter): Name = "Termination"; Value = "Axial"; VariantName = "[No Variations]"
Add component (AddParameter): Name = "Tolerance"; Value = "1%"; VariantName = "[No Variations]"
Add component (AddParameter): Name = "Voltage Rating"; Value = "3.5kV"; VariantName = "[No Variations]"
Add component (AddParameter): Name = "Voltage Rating (DC)"; Value = "3.5kV"; VariantName = "[No Variations]"
Added Component: Designator=R2(FP-HVR37-MFG)
Add component (AddParameter): Name = "Case/Package"; Value = "Axial"; VariantName = "[No Variations]"
Add component (AddParameter): Name = "Composition"; Value = "Metal Film"; VariantName = "[No Variations]"
Add component (AddParameter): Name = "Features"; Value = "Flame Retardant Coating"; VariantName = "[No Variations]"
Add component (AddParameter): Name = "Height"; Value = "4mm"; VariantName = "[No Variations]"
Add component (AddParameter): Name = "Lead Diameter"; Value = "780µm"; VariantName = "[No Variations]"
Add component (AddParameter): Name = "Lead Free"; Value = "Lead Free"; VariantName = "[No Variations]"
Add component (AddParameter): Name = "Length"; Value = "10.0076mm"; VariantName = "[No Variations]"
Add component (AddParameter): Name = "Max Operating Temperature"; Value = "155°C"; VariantName = "[No Variations]"
Add component (AddParameter): Name = "Max Power Dissipation"; Value = "500mW"; VariantName = "[No Variations]"
Add component (AddParameter): Name = "Min Operating Temperature"; Value = "-55°C"; VariantName = "[No Variations]"
Add component (AddParameter): Name = "NexarPartId"; Value = "42845042"; VariantName = "[No Variations]"
Add component (AddParameter): Name = "Number of Pins"; Value = "2"; VariantName = "[No Variations]"
Add component (AddParameter): Name = "Number of Terminations"; Value = "2"; VariantName = "[No Variations]"
Add component (AddParameter): Name = "Packaging"; Value = "Cut Tape (CT)"; VariantName = "[No Variations]"
Add component (AddParameter): Name = "Power Rating"; Value = "500mW"; VariantName = "[No Variations]"
Add component (AddParameter): Name = "Radiation Hardening"; Value = "No"; VariantName = "[No Variations]"
Add component (AddParameter): Name = "REACH SVHC"; Value = "Unknown"; VariantName = "[No Variations]"
Add component (AddParameter): Name = "Resistance"; Value = "1MO"; VariantName = "[No Variations]"
Add component (AddParameter): Name = "RoHS"; Value = "Compliant"; VariantName = "[No Variations]"
Add component (AddParameter): Name = "Schedule B"; Value = "8533210090, 8533210090"; VariantName = "[No Variations]"
Add component (AddParameter): Name = "Temperature Coefficient"; Value = "200ppm/°C"; VariantName = "[No Variations]"
Add component (AddParameter): Name = "Termination"; Value = "Axial"; VariantName = "[No Variations]"
Add component (AddParameter): Name = "Tolerance"; Value = "1%"; VariantName = "[No Variations]"
Add component (AddParameter): Name = "Voltage Rating"; Value = "3.5kV"; VariantName = "[No Variations]"
Add component (AddParameter): Name = "Voltage Rating (DC)"; Value = "3.5kV"; VariantName = "[No Variations]"
Added Component: Designator=R3(FP-HVR37-MFG)
Add component (AddParameter): Name = "Case/Package"; Value = "Axial"; VariantName = "[No Variations]"
Add component (AddParameter): Name = "Composition"; Value = "Metal Film"; VariantName = "[No Variations]"
Add component (AddParameter): Name = "Features"; Value = "Flame Retardant Coating"; VariantName = "[No Variations]"
Add component (AddParameter): Name = "Height"; Value = "4mm"; VariantName = "[No Variations]"
Add component (AddParameter): Name = "Lead Diameter"; Value = "780µm"; VariantName = "[No Variations]"
Add component (AddParameter): Name = "Lead Free"; Value = "Lead Free"; VariantName = "[No Variations]"
Add component (AddParameter): Name = "Length"; Value = "10.0076mm"; VariantName = "[No Variations]"
Add component (AddParameter): Name = "Max Operating Temperature"; Value = "155°C"; VariantName = "[No Variations]"
Add component (AddParameter): Name = "Max Power Dissipation"; Value = "500mW"; VariantName = "[No Variations]"
Add component (AddParameter): Name = "Min Operating Temperature"; Value = "-55°C"; VariantName = "[No Variations]"
Add component (AddParameter): Name = "NexarPartId"; Value = "42845042"; VariantName = "[No Variations]"
Add component (AddParameter): Name = "Number of Pins"; Value = "2"; VariantName = "[No Variations]"
Add component (AddParameter): Name = "Number of Terminations"; Value = "2"; VariantName = "[No Variations]"
Add component (AddParameter): Name = "Packaging"; Value = "Cut Tape (CT)"; VariantName = "[No Variations]"
Add component (AddParameter): Name = "Power Rating"; Value = "500mW"; VariantName = "[No Variations]"
Add component (AddParameter): Name = "Radiation Hardening"; Value = "No"; VariantName = "[No Variations]"
Add component (AddParameter): Name = "REACH SVHC"; Value = "Unknown"; VariantName = "[No Variations]"
Add component (AddParameter): Name = "Resistance"; Value = "1MO"; VariantName = "[No Variations]"
Add component (AddParameter): Name = "RoHS"; Value = "Compliant"; VariantName = "[No Variations]"
Add component (AddParameter): Name = "Schedule B"; Value = "8533210090, 8533210090"; VariantName = "[No Variations]"
Add component (AddParameter): Name = "Temperature Coefficient"; Value = "200ppm/°C"; VariantName = "[No Variations]"
Add component (AddParameter): Name = "Termination"; Value = "Axial"; VariantName = "[No Variations]"
Add component (AddParameter): Name = "Tolerance"; Value = "1%"; VariantName = "[No Variations]"
Add component (AddParameter): Name = "Voltage Rating"; Value = "3.5kV"; VariantName = "[No Variations]"
Add component (AddParameter): Name = "Voltage Rating (DC)"; Value = "3.5kV"; VariantName = "[No Variations]"
Added Component: Designator=R4(FP-HVR37-MFG)
Add component (AddParameter): Name = "Case/Package"; Value = "Axial"; VariantName = "[No Variations]"
Add component (AddParameter): Name = "Composition"; Value = "Metal Film"; VariantName = "[No Variations]"
Add component (AddParameter): Name = "Features"; Value = "Flame Retardant Coating"; VariantName = "[No Variations]"
Add component (AddParameter): Name = "Height"; Value = "4mm"; VariantName = "[No Variations]"
Add component (AddParameter): Name = "Lead Diameter"; Value = "780µm"; VariantName = "[No Variations]"
Add component (AddParameter): Name = "Lead Free"; Value = "Lead Free"; VariantName = "[No Variations]"
Add component (AddParameter): Name = "Length"; Value = "10.0076mm"; VariantName = "[No Variations]"
Add component (AddParameter): Name = "Max Operating Temperature"; Value = "155°C"; VariantName = "[No Variations]"
Add component (AddParameter): Name = "Max Power Dissipation"; Value = "500mW"; VariantName = "[No Variations]"
Add component (AddParameter): Name = "Min Operating Temperature"; Value = "-55°C"; VariantName = "[No Variations]"
Add component (AddParameter): Name = "NexarPartId"; Value = "42845042"; VariantName = "[No Variations]"
Add component (AddParameter): Name = "Number of Pins"; Value = "2"; VariantName = "[No Variations]"
Add component (AddParameter): Name = "Number of Terminations"; Value = "2"; VariantName = "[No Variations]"
Add component (AddParameter): Name = "Packaging"; Value = "Cut Tape (CT)"; VariantName = "[No Variations]"
Add component (AddParameter): Name = "Power Rating"; Value = "500mW"; VariantName = "[No Variations]"
Add component (AddParameter): Name = "Radiation Hardening"; Value = "No"; VariantName = "[No Variations]"
Add component (AddParameter): Name = "REACH SVHC"; Value = "Unknown"; VariantName = "[No Variations]"
Add component (AddParameter): Name = "Resistance"; Value = "1MO"; VariantName = "[No Variations]"
Add component (AddParameter): Name = "RoHS"; Value = "Compliant"; VariantName = "[No Variations]"
Add component (AddParameter): Name = "Schedule B"; Value = "8533210090, 8533210090"; VariantName = "[No Variations]"
Add component (AddParameter): Name = "Temperature Coefficient"; Value = "200ppm/°C"; VariantName = "[No Variations]"
Add component (AddParameter): Name = "Termination"; Value = "Axial"; VariantName = "[No Variations]"
Add component (AddParameter): Name = "Tolerance"; Value = "1%"; VariantName = "[No Variations]"
Add component (AddParameter): Name = "Voltage Rating"; Value = "3.5kV"; VariantName = "[No Variations]"
Add component (AddParameter): Name = "Voltage Rating (DC)"; Value = "3.5kV"; VariantName = "[No Variations]"
Added Component: Designator=R5(FP-HVR37-MFG)
Add component (AddParameter): Name = "Case/Package"; Value = "Axial"; VariantName = "[No Variations]"
Add component (AddParameter): Name = "Composition"; Value = "Metal Film"; VariantName = "[No Variations]"
Add component (AddParameter): Name = "Features"; Value = "Flame Retardant Coating"; VariantName = "[No Variations]"
Add component (AddParameter): Name = "Height"; Value = "4mm"; VariantName = "[No Variations]"
Add component (AddParameter): Name = "Lead Diameter"; Value = "780µm"; VariantName = "[No Variations]"
Add component (AddParameter): Name = "Lead Free"; Value = "Lead Free"; VariantName = "[No Variations]"
Add component (AddParameter): Name = "Length"; Value = "10.0076mm"; VariantName = "[No Variations]"
Add component (AddParameter): Name = "Max Operating Temperature"; Value = "155°C"; VariantName = "[No Variations]"
Add component (AddParameter): Name = "Max Power Dissipation"; Value = "500mW"; VariantName = "[No Variations]"
Add component (AddParameter): Name = "Min Operating Temperature"; Value = "-55°C"; VariantName = "[No Variations]"
Add component (AddParameter): Name = "NexarPartId"; Value = "42845042"; VariantName = "[No Variations]"
Add component (AddParameter): Name = "Number of Pins"; Value = "2"; VariantName = "[No Variations]"
Add component (AddParameter): Name = "Number of Terminations"; Value = "2"; VariantName = "[No Variations]"
Add component (AddParameter): Name = "Packaging"; Value = "Cut Tape (CT)"; VariantName = "[No Variations]"
Add component (AddParameter): Name = "Power Rating"; Value = "500mW"; VariantName = "[No Variations]"
Add component (AddParameter): Name = "Radiation Hardening"; Value = "No"; VariantName = "[No Variations]"
Add component (AddParameter): Name = "REACH SVHC"; Value = "Unknown"; VariantName = "[No Variations]"
Add component (AddParameter): Name = "Resistance"; Value = "1MO"; VariantName = "[No Variations]"
Add component (AddParameter): Name = "RoHS"; Value = "Compliant"; VariantName = "[No Variations]"
Add component (AddParameter): Name = "Schedule B"; Value = "8533210090, 8533210090"; VariantName = "[No Variations]"
Add component (AddParameter): Name = "Temperature Coefficient"; Value = "200ppm/°C"; VariantName = "[No Variations]"
Add component (AddParameter): Name = "Termination"; Value = "Axial"; VariantName = "[No Variations]"
Add component (AddParameter): Name = "Tolerance"; Value = "1%"; VariantName = "[No Variations]"
Add component (AddParameter): Name = "Voltage Rating"; Value = "3.5kV"; VariantName = "[No Variations]"
Add component (AddParameter): Name = "Voltage Rating (DC)"; Value = "3.5kV"; VariantName = "[No Variations]"
Added Component: Designator=R6(FP-HVR37-MFG)
Add component (AddParameter): Name = "Case/Package"; Value = "Axial"; VariantName = "[No Variations]"
Add component (AddParameter): Name = "Composition"; Value = "Metal Film"; VariantName = "[No Variations]"
Add component (AddParameter): Name = "Features"; Value = "Flame Retardant Coating"; VariantName = "[No Variations]"
Add component (AddParameter): Name = "Height"; Value = "4mm"; VariantName = "[No Variations]"
Add component (AddParameter): Name = "Lead Diameter"; Value = "780µm"; VariantName = "[No Variations]"
Add component (AddParameter): Name = "Lead Free"; Value = "Lead Free"; VariantName = "[No Variations]"
Add component (AddParameter): Name = "Length"; Value = "10.0076mm"; VariantName = "[No Variations]"
Add component (AddParameter): Name = "Max Operating Temperature"; Value = "155°C"; VariantName = "[No Variations]"
Add component (AddParameter): Name = "Max Power Dissipation"; Value = "500mW"; VariantName = "[No Variations]"
Add component (AddParameter): Name = "Min Operating Temperature"; Value = "-55°C"; VariantName = "[No Variations]"
Add component (AddParameter): Name = "NexarPartId"; Value = "42845042"; VariantName = "[No Variations]"
Add component (AddParameter): Name = "Number of Pins"; Value = "2"; VariantName = "[No Variations]"
Add component (AddParameter): Name = "Number of Terminations"; Value = "2"; VariantName = "[No Variations]"
Add component (AddParameter): Name = "Packaging"; Value = "Cut Tape (CT)"; VariantName = "[No Variations]"
Add component (AddParameter): Name = "Power Rating"; Value = "500mW"; VariantName = "[No Variations]"
Add component (AddParameter): Name = "Radiation Hardening"; Value = "No"; VariantName = "[No Variations]"
Add component (AddParameter): Name = "REACH SVHC"; Value = "Unknown"; VariantName = "[No Variations]"
Add component (AddParameter): Name = "Resistance"; Value = "1MO"; VariantName = "[No Variations]"
Add component (AddParameter): Name = "RoHS"; Value = "Compliant"; VariantName = "[No Variations]"
Add component (AddParameter): Name = "Schedule B"; Value = "8533210090, 8533210090"; VariantName = "[No Variations]"
Add component (AddParameter): Name = "Temperature Coefficient"; Value = "200ppm/°C"; VariantName = "[No Variations]"
Add component (AddParameter): Name = "Termination"; Value = "Axial"; VariantName = "[No Variations]"
Add component (AddParameter): Name = "Tolerance"; Value = "1%"; VariantName = "[No Variations]"
Add component (AddParameter): Name = "Voltage Rating"; Value = "3.5kV"; VariantName = "[No Variations]"
Add component (AddParameter): Name = "Voltage Rating (DC)"; Value = "3.5kV"; VariantName = "[No Variations]"
Added Component: Designator=R7(FP-HVR37-MFG)
Add component (AddParameter): Name = "Case/Package"; Value = "Axial"; VariantName = "[No Variations]"
Add component (AddParameter): Name = "Composition"; Value = "Metal Film"; VariantName = "[No Variations]"
Add component (AddParameter): Name = "Features"; Value = "Flame Retardant Coating"; VariantName = "[No Variations]"
Add component (AddParameter): Name = "Height"; Value = "4mm"; VariantName = "[No Variations]"
Add component (AddParameter): Name = "Lead Diameter"; Value = "780µm"; VariantName = "[No Variations]"
Add component (AddParameter): Name = "Lead Free"; Value = "Lead Free"; VariantName = "[No Variations]"
Add component (AddParameter): Name = "Length"; Value = "10.0076mm"; VariantName = "[No Variations]"
Add component (AddParameter): Name = "Max Operating Temperature"; Value = "155°C"; VariantName = "[No Variations]"
Add component (AddParameter): Name = "Max Power Dissipation"; Value = "500mW"; VariantName = "[No Variations]"
Add component (AddParameter): Name = "Min Operating Temperature"; Value = "-55°C"; VariantName = "[No Variations]"
Add component (AddParameter): Name = "NexarPartId"; Value = "42845042"; VariantName = "[No Variations]"
Add component (AddParameter): Name = "Number of Pins"; Value = "2"; VariantName = "[No Variations]"
Add component (AddParameter): Name = "Number of Terminations"; Value = "2"; VariantName = "[No Variations]"
Add component (AddParameter): Name = "Packaging"; Value = "Cut Tape (CT)"; VariantName = "[No Variations]"
Add component (AddParameter): Name = "Power Rating"; Value = "500mW"; VariantName = "[No Variations]"
Add component (AddParameter): Name = "Radiation Hardening"; Value = "No"; VariantName = "[No Variations]"
Add component (AddParameter): Name = "REACH SVHC"; Value = "Unknown"; VariantName = "[No Variations]"
Add component (AddParameter): Name = "Resistance"; Value = "1MO"; VariantName = "[No Variations]"
Add component (AddParameter): Name = "RoHS"; Value = "Compliant"; VariantName = "[No Variations]"
Add component (AddParameter): Name = "Schedule B"; Value = "8533210090, 8533210090"; VariantName = "[No Variations]"
Add component (AddParameter): Name = "Temperature Coefficient"; Value = "200ppm/°C"; VariantName = "[No Variations]"
Add component (AddParameter): Name = "Termination"; Value = "Axial"; VariantName = "[No Variations]"
Add component (AddParameter): Name = "Tolerance"; Value = "1%"; VariantName = "[No Variations]"
Add component (AddParameter): Name = "Voltage Rating"; Value = "3.5kV"; VariantName = "[No Variations]"
Add component (AddParameter): Name = "Voltage Rating (DC)"; Value = "3.5kV"; VariantName = "[No Variations]"
Added Component: Designator=R8(FP-HVR37-MFG)
Add component (AddParameter): Name = "Case/Package"; Value = "Axial"; VariantName = "[No Variations]"
Add component (AddParameter): Name = "Composition"; Value = "Metal Film"; VariantName = "[No Variations]"
Add component (AddParameter): Name = "Features"; Value = "Flame Retardant Coating"; VariantName = "[No Variations]"
Add component (AddParameter): Name = "Height"; Value = "4mm"; VariantName = "[No Variations]"
Add component (AddParameter): Name = "Lead Diameter"; Value = "780µm"; VariantName = "[No Variations]"
Add component (AddParameter): Name = "Lead Free"; Value = "Lead Free"; VariantName = "[No Variations]"
Add component (AddParameter): Name = "Length"; Value = "10.0076mm"; VariantName = "[No Variations]"
Add component (AddParameter): Name = "Max Operating Temperature"; Value = "155°C"; VariantName = "[No Variations]"
Add component (AddParameter): Name = "Max Power Dissipation"; Value = "500mW"; VariantName = "[No Variations]"
Add component (AddParameter): Name = "Min Operating Temperature"; Value = "-55°C"; VariantName = "[No Variations]"
Add component (AddParameter): Name = "NexarPartId"; Value = "42845042"; VariantName = "[No Variations]"
Add component (AddParameter): Name = "Number of Pins"; Value = "2"; VariantName = "[No Variations]"
Add component (AddParameter): Name = "Number of Terminations"; Value = "2"; VariantName = "[No Variations]"
Add component (AddParameter): Name = "Packaging"; Value = "Cut Tape (CT)"; VariantName = "[No Variations]"
Add component (AddParameter): Name = "Power Rating"; Value = "500mW"; VariantName = "[No Variations]"
Add component (AddParameter): Name = "Radiation Hardening"; Value = "No"; VariantName = "[No Variations]"
Add component (AddParameter): Name = "REACH SVHC"; Value = "Unknown"; VariantName = "[No Variations]"
Add component (AddParameter): Name = "Resistance"; Value = "1MO"; VariantName = "[No Variations]"
Add component (AddParameter): Name = "RoHS"; Value = "Compliant"; VariantName = "[No Variations]"
Add component (AddParameter): Name = "Schedule B"; Value = "8533210090, 8533210090"; VariantName = "[No Variations]"
Add component (AddParameter): Name = "Temperature Coefficient"; Value = "200ppm/°C"; VariantName = "[No Variations]"
Add component (AddParameter): Name = "Termination"; Value = "Axial"; VariantName = "[No Variations]"
Add component (AddParameter): Name = "Tolerance"; Value = "1%"; VariantName = "[No Variations]"
Add component (AddParameter): Name = "Voltage Rating"; Value = "3.5kV"; VariantName = "[No Variations]"
Add component (AddParameter): Name = "Voltage Rating (DC)"; Value = "3.5kV"; VariantName = "[No Variations]"
Added Component: Designator=R9(FP-HVR37-MFG)
Add component (AddParameter): Name = "Case/Package"; Value = "Axial"; VariantName = "[No Variations]"
Add component (AddParameter): Name = "Composition"; Value = "Metal Film"; VariantName = "[No Variations]"
Add component (AddParameter): Name = "Features"; Value = "Flame Retardant Coating"; VariantName = "[No Variations]"
Add component (AddParameter): Name = "Height"; Value = "4mm"; VariantName = "[No Variations]"
Add component (AddParameter): Name = "Lead Diameter"; Value = "780µm"; VariantName = "[No Variations]"
Add component (AddParameter): Name = "Lead Free"; Value = "Lead Free"; VariantName = "[No Variations]"
Add component (AddParameter): Name = "Length"; Value = "10.0076mm"; VariantName = "[No Variations]"
Add component (AddParameter): Name = "Max Operating Temperature"; Value = "155°C"; VariantName = "[No Variations]"
Add component (AddParameter): Name = "Max Power Dissipation"; Value = "500mW"; VariantName = "[No Variations]"
Add component (AddParameter): Name = "Min Operating Temperature"; Value = "-55°C"; VariantName = "[No Variations]"
Add component (AddParameter): Name = "NexarPartId"; Value = "42845042"; VariantName = "[No Variations]"
Add component (AddParameter): Name = "Number of Pins"; Value = "2"; VariantName = "[No Variations]"
Add component (AddParameter): Name = "Number of Terminations"; Value = "2"; VariantName = "[No Variations]"
Add component (AddParameter): Name = "Packaging"; Value = "Cut Tape (CT)"; VariantName = "[No Variations]"
Add component (AddParameter): Name = "Power Rating"; Value = "500mW"; VariantName = "[No Variations]"
Add component (AddParameter): Name = "Radiation Hardening"; Value = "No"; VariantName = "[No Variations]"
Add component (AddParameter): Name = "REACH SVHC"; Value = "Unknown"; VariantName = "[No Variations]"
Add component (AddParameter): Name = "Resistance"; Value = "1MO"; VariantName = "[No Variations]"
Add component (AddParameter): Name = "RoHS"; Value = "Compliant"; VariantName = "[No Variations]"
Add component (AddParameter): Name = "Schedule B"; Value = "8533210090, 8533210090"; VariantName = "[No Variations]"
Add component (AddParameter): Name = "Temperature Coefficient"; Value = "200ppm/°C"; VariantName = "[No Variations]"
Add component (AddParameter): Name = "Termination"; Value = "Axial"; VariantName = "[No Variations]"
Add component (AddParameter): Name = "Tolerance"; Value = "1%"; VariantName = "[No Variations]"
Add component (AddParameter): Name = "Voltage Rating"; Value = "3.5kV"; VariantName = "[No Variations]"
Add component (AddParameter): Name = "Voltage Rating (DC)"; Value = "3.5kV"; VariantName = "[No Variations]"
Added Component: Designator=R10(FP-HVR37-MFG)
Add component (AddParameter): Name = "Case/Package"; Value = "Axial"; VariantName = "[No Variations]"
Add component (AddParameter): Name = "Composition"; Value = "Metal Film"; VariantName = "[No Variations]"
Add component (AddParameter): Name = "Features"; Value = "Flame Retardant Coating"; VariantName = "[No Variations]"
Add component (AddParameter): Name = "Height"; Value = "4mm"; VariantName = "[No Variations]"
Add component (AddParameter): Name = "Lead Diameter"; Value = "780µm"; VariantName = "[No Variations]"
Add component (AddParameter): Name = "Lead Free"; Value = "Lead Free"; VariantName = "[No Variations]"
Add component (AddParameter): Name = "Length"; Value = "10.0076mm"; VariantName = "[No Variations]"
Add component (AddParameter): Name = "Max Operating Temperature"; Value = "155°C"; VariantName = "[No Variations]"
Add component (AddParameter): Name = "Max Power Dissipation"; Value = "500mW"; VariantName = "[No Variations]"
Add component (AddParameter): Name = "Min Operating Temperature"; Value = "-55°C"; VariantName = "[No Variations]"
Add component (AddParameter): Name = "NexarPartId"; Value = "42845042"; VariantName = "[No Variations]"
Add component (AddParameter): Name = "Number of Pins"; Value = "2"; VariantName = "[No Variations]"
Add component (AddParameter): Name = "Number of Terminations"; Value = "2"; VariantName = "[No Variations]"
Add component (AddParameter): Name = "Packaging"; Value = "Cut Tape (CT)"; VariantName = "[No Variations]"
Add component (AddParameter): Name = "Power Rating"; Value = "500mW"; VariantName = "[No Variations]"
Add component (AddParameter): Name = "Radiation Hardening"; Value = "No"; VariantName = "[No Variations]"
Add component (AddParameter): Name = "REACH SVHC"; Value = "Unknown"; VariantName = "[No Variations]"
Add component (AddParameter): Name = "Resistance"; Value = "1MO"; VariantName = "[No Variations]"
Add component (AddParameter): Name = "RoHS"; Value = "Compliant"; VariantName = "[No Variations]"
Add component (AddParameter): Name = "Schedule B"; Value = "8533210090, 8533210090"; VariantName = "[No Variations]"
Add component (AddParameter): Name = "Temperature Coefficient"; Value = "200ppm/°C"; VariantName = "[No Variations]"
Add component (AddParameter): Name = "Termination"; Value = "Axial"; VariantName = "[No Variations]"
Add component (AddParameter): Name = "Tolerance"; Value = "1%"; VariantName = "[No Variations]"
Add component (AddParameter): Name = "Voltage Rating"; Value = "3.5kV"; VariantName = "[No Variations]"
Add component (AddParameter): Name = "Voltage Rating (DC)"; Value = "3.5kV"; VariantName = "[No Variations]"
Added Component: Designator=R11(FP-HVR37-MFG)
Add component (AddParameter): Name = "Case/Package"; Value = "Axial"; VariantName = "[No Variations]"
Add component (AddParameter): Name = "Composition"; Value = "Metal Film"; VariantName = "[No Variations]"
Add component (AddParameter): Name = "Features"; Value = "Flame Retardant Coating"; VariantName = "[No Variations]"
Add component (AddParameter): Name = "Height"; Value = "4mm"; VariantName = "[No Variations]"
Add component (AddParameter): Name = "Lead Diameter"; Value = "780µm"; VariantName = "[No Variations]"
Add component (AddParameter): Name = "Lead Free"; Value = "Lead Free"; VariantName = "[No Variations]"
Add component (AddParameter): Name = "Length"; Value = "10.0076mm"; VariantName = "[No Variations]"
Add component (AddParameter): Name = "Max Operating Temperature"; Value = "155°C"; VariantName = "[No Variations]"
Add component (AddParameter): Name = "Max Power Dissipation"; Value = "500mW"; VariantName = "[No Variations]"
Add component (AddParameter): Name = "Min Operating Temperature"; Value = "-55°C"; VariantName = "[No Variations]"
Add component (AddParameter): Name = "NexarPartId"; Value = "42845042"; VariantName = "[No Variations]"
Add component (AddParameter): Name = "Number of Pins"; Value = "2"; VariantName = "[No Variations]"
Add component (AddParameter): Name = "Number of Terminations"; Value = "2"; VariantName = "[No Variations]"
Add component (AddParameter): Name = "Packaging"; Value = "Cut Tape (CT)"; VariantName = "[No Variations]"
Add component (AddParameter): Name = "Power Rating"; Value = "500mW"; VariantName = "[No Variations]"
Add component (AddParameter): Name = "Radiation Hardening"; Value = "No"; VariantName = "[No Variations]"
Add component (AddParameter): Name = "REACH SVHC"; Value = "Unknown"; VariantName = "[No Variations]"
Add component (AddParameter): Name = "Resistance"; Value = "1MO"; VariantName = "[No Variations]"
Add component (AddParameter): Name = "RoHS"; Value = "Compliant"; VariantName = "[No Variations]"
Add component (AddParameter): Name = "Schedule B"; Value = "8533210090, 8533210090"; VariantName = "[No Variations]"
Add component (AddParameter): Name = "Temperature Coefficient"; Value = "200ppm/°C"; VariantName = "[No Variations]"
Add component (AddParameter): Name = "Termination"; Value = "Axial"; VariantName = "[No Variations]"
Add component (AddParameter): Name = "Tolerance"; Value = "1%"; VariantName = "[No Variations]"
Add component (AddParameter): Name = "Voltage Rating"; Value = "3.5kV"; VariantName = "[No Variations]"
Add component (AddParameter): Name = "Voltage Rating (DC)"; Value = "3.5kV"; VariantName = "[No Variations]"
Added Component: Designator=R12(FP-HVR37-MFG)
Add component (AddParameter): Name = "Case/Package"; Value = "Axial"; VariantName = "[No Variations]"
Add component (AddParameter): Name = "Composition"; Value = "Metal Film"; VariantName = "[No Variations]"
Add component (AddParameter): Name = "Features"; Value = "Flame Retardant Coating"; VariantName = "[No Variations]"
Add component (AddParameter): Name = "Height"; Value = "4mm"; VariantName = "[No Variations]"
Add component (AddParameter): Name = "Lead Diameter"; Value = "780µm"; VariantName = "[No Variations]"
Add component (AddParameter): Name = "Lead Free"; Value = "Lead Free"; VariantName = "[No Variations]"
Add component (AddParameter): Name = "Length"; Value = "10.0076mm"; VariantName = "[No Variations]"
Add component (AddParameter): Name = "Max Operating Temperature"; Value = "155°C"; VariantName = "[No Variations]"
Add component (AddParameter): Name = "Max Power Dissipation"; Value = "500mW"; VariantName = "[No Variations]"
Add component (AddParameter): Name = "Min Operating Temperature"; Value = "-55°C"; VariantName = "[No Variations]"
Add component (AddParameter): Name = "NexarPartId"; Value = "42845042"; VariantName = "[No Variations]"
Add component (AddParameter): Name = "Number of Pins"; Value = "2"; VariantName = "[No Variations]"
Add component (AddParameter): Name = "Number of Terminations"; Value = "2"; VariantName = "[No Variations]"
Add component (AddParameter): Name = "Packaging"; Value = "Cut Tape (CT)"; VariantName = "[No Variations]"
Add component (AddParameter): Name = "Power Rating"; Value = "500mW"; VariantName = "[No Variations]"
Add component (AddParameter): Name = "Radiation Hardening"; Value = "No"; VariantName = "[No Variations]"
Add component (AddParameter): Name = "REACH SVHC"; Value = "Unknown"; VariantName = "[No Variations]"
Add component (AddParameter): Name = "Resistance"; Value = "1MO"; VariantName = "[No Variations]"
Add component (AddParameter): Name = "RoHS"; Value = "Compliant"; VariantName = "[No Variations]"
Add component (AddParameter): Name = "Schedule B"; Value = "8533210090, 8533210090"; VariantName = "[No Variations]"
Add component (AddParameter): Name = "Temperature Coefficient"; Value = "200ppm/°C"; VariantName = "[No Variations]"
Add component (AddParameter): Name = "Termination"; Value = "Axial"; VariantName = "[No Variations]"
Add component (AddParameter): Name = "Tolerance"; Value = "1%"; VariantName = "[No Variations]"
Add component (AddParameter): Name = "Voltage Rating"; Value = "3.5kV"; VariantName = "[No Variations]"
Add component (AddParameter): Name = "Voltage Rating (DC)"; Value = "3.5kV"; VariantName = "[No Variations]"
Added Component: Designator=R13(FP-HVR37-MFG)
Add component (AddParameter): Name = "Case/Package"; Value = "Axial"; VariantName = "[No Variations]"
Add component (AddParameter): Name = "Composition"; Value = "Metal Film"; VariantName = "[No Variations]"
Add component (AddParameter): Name = "Features"; Value = "Flame Retardant Coating"; VariantName = "[No Variations]"
Add component (AddParameter): Name = "Height"; Value = "4mm"; VariantName = "[No Variations]"
Add component (AddParameter): Name = "Lead Diameter"; Value = "780µm"; VariantName = "[No Variations]"
Add component (AddParameter): Name = "Lead Free"; Value = "Lead Free"; VariantName = "[No Variations]"
Add component (AddParameter): Name = "Length"; Value = "10.0076mm"; VariantName = "[No Variations]"
Add component (AddParameter): Name = "Max Operating Temperature"; Value = "155°C"; VariantName = "[No Variations]"
Add component (AddParameter): Name = "Max Power Dissipation"; Value = "500mW"; VariantName = "[No Variations]"
Add component (AddParameter): Name = "Min Operating Temperature"; Value = "-55°C"; VariantName = "[No Variations]"
Add component (AddParameter): Name = "NexarPartId"; Value = "42845042"; VariantName = "[No Variations]"
Add component (AddParameter): Name = "Number of Pins"; Value = "2"; VariantName = "[No Variations]"
Add component (AddParameter): Name = "Number of Terminations"; Value = "2"; VariantName = "[No Variations]"
Add component (AddParameter): Name = "Packaging"; Value = "Cut Tape (CT)"; VariantName = "[No Variations]"
Add component (AddParameter): Name = "Power Rating"; Value = "500mW"; VariantName = "[No Variations]"
Add component (AddParameter): Name = "Radiation Hardening"; Value = "No"; VariantName = "[No Variations]"
Add component (AddParameter): Name = "REACH SVHC"; Value = "Unknown"; VariantName = "[No Variations]"
Add component (AddParameter): Name = "Resistance"; Value = "1MO"; VariantName = "[No Variations]"
Add component (AddParameter): Name = "RoHS"; Value = "Compliant"; VariantName = "[No Variations]"
Add component (AddParameter): Name = "Schedule B"; Value = "8533210090, 8533210090"; VariantName = "[No Variations]"
Add component (AddParameter): Name = "Temperature Coefficient"; Value = "200ppm/°C"; VariantName = "[No Variations]"
Add component (AddParameter): Name = "Termination"; Value = "Axial"; VariantName = "[No Variations]"
Add component (AddParameter): Name = "Tolerance"; Value = "1%"; VariantName = "[No Variations]"
Add component (AddParameter): Name = "Voltage Rating"; Value = "3.5kV"; VariantName = "[No Variations]"
Add component (AddParameter): Name = "Voltage Rating (DC)"; Value = "3.5kV"; VariantName = "[No Variations]"
Added Component: Designator=R14(FP-HVR37-MFG)
Add component (AddParameter): Name = "Case/Package"; Value = "Axial"; VariantName = "[No Variations]"
Add component (AddParameter): Name = "Composition"; Value = "Metal Film"; VariantName = "[No Variations]"
Add component (AddParameter): Name = "Features"; Value = "Flame Retardant Coating"; VariantName = "[No Variations]"
Add component (AddParameter): Name = "Height"; Value = "4mm"; VariantName = "[No Variations]"
Add component (AddParameter): Name = "Lead Diameter"; Value = "780µm"; VariantName = "[No Variations]"
Add component (AddParameter): Name = "Lead Free"; Value = "Lead Free"; VariantName = "[No Variations]"
Add component (AddParameter): Name = "Length"; Value = "10.0076mm"; VariantName = "[No Variations]"
Add component (AddParameter): Name = "Max Operating Temperature"; Value = "155°C"; VariantName = "[No Variations]"
Add component (AddParameter): Name = "Max Power Dissipation"; Value = "500mW"; VariantName = "[No Variations]"
Add component (AddParameter): Name = "Min Operating Temperature"; Value = "-55°C"; VariantName = "[No Variations]"
Add component (AddParameter): Name = "NexarPartId"; Value = "42845042"; VariantName = "[No Variations]"
Add component (AddParameter): Name = "Number of Pins"; Value = "2"; VariantName = "[No Variations]"
Add component (AddParameter): Name = "Number of Terminations"; Value = "2"; VariantName = "[No Variations]"
Add component (AddParameter): Name = "Packaging"; Value = "Cut Tape (CT)"; VariantName = "[No Variations]"
Add component (AddParameter): Name = "Power Rating"; Value = "500mW"; VariantName = "[No Variations]"
Add component (AddParameter): Name = "Radiation Hardening"; Value = "No"; VariantName = "[No Variations]"
Add component (AddParameter): Name = "REACH SVHC"; Value = "Unknown"; VariantName = "[No Variations]"
Add component (AddParameter): Name = "Resistance"; Value = "1MO"; VariantName = "[No Variations]"
Add component (AddParameter): Name = "RoHS"; Value = "Compliant"; VariantName = "[No Variations]"
Add component (AddParameter): Name = "Schedule B"; Value = "8533210090, 8533210090"; VariantName = "[No Variations]"
Add component (AddParameter): Name = "Temperature Coefficient"; Value = "200ppm/°C"; VariantName = "[No Variations]"
Add component (AddParameter): Name = "Termination"; Value = "Axial"; VariantName = "[No Variations]"
Add component (AddParameter): Name = "Tolerance"; Value = "1%"; VariantName = "[No Variations]"
Add component (AddParameter): Name = "Voltage Rating"; Value = "3.5kV"; VariantName = "[No Variations]"
Add component (AddParameter): Name = "Voltage Rating (DC)"; Value = "3.5kV"; VariantName = "[No Variations]"
Added Component: Designator=R15(FP-HVR37-MFG)
Add component (AddParameter): Name = "Case/Package"; Value = "Axial"; VariantName = "[No Variations]"
Add component (AddParameter): Name = "Composition"; Value = "Metal Film"; VariantName = "[No Variations]"
Add component (AddParameter): Name = "Features"; Value = "Flame Retardant Coating"; VariantName = "[No Variations]"
Add component (AddParameter): Name = "Height"; Value = "4mm"; VariantName = "[No Variations]"
Add component (AddParameter): Name = "Lead Diameter"; Value = "780µm"; VariantName = "[No Variations]"
Add component (AddParameter): Name = "Lead Free"; Value = "Lead Free"; VariantName = "[No Variations]"
Add component (AddParameter): Name = "Length"; Value = "10.0076mm"; VariantName = "[No Variations]"
Add component (AddParameter): Name = "Max Operating Temperature"; Value = "155°C"; VariantName = "[No Variations]"
Add component (AddParameter): Name = "Max Power Dissipation"; Value = "500mW"; VariantName = "[No Variations]"
Add component (AddParameter): Name = "Min Operating Temperature"; Value = "-55°C"; VariantName = "[No Variations]"
Add component (AddParameter): Name = "NexarPartId"; Value = "42845042"; VariantName = "[No Variations]"
Add component (AddParameter): Name = "Number of Pins"; Value = "2"; VariantName = "[No Variations]"
Add component (AddParameter): Name = "Number of Terminations"; Value = "2"; VariantName = "[No Variations]"
Add component (AddParameter): Name = "Packaging"; Value = "Cut Tape (CT)"; VariantName = "[No Variations]"
Add component (AddParameter): Name = "Power Rating"; Value = "500mW"; VariantName = "[No Variations]"
Add component (AddParameter): Name = "Radiation Hardening"; Value = "No"; VariantName = "[No Variations]"
Add component (AddParameter): Name = "REACH SVHC"; Value = "Unknown"; VariantName = "[No Variations]"
Add component (AddParameter): Name = "Resistance"; Value = "1MO"; VariantName = "[No Variations]"
Add component (AddParameter): Name = "RoHS"; Value = "Compliant"; VariantName = "[No Variations]"
Add component (AddParameter): Name = "Schedule B"; Value = "8533210090, 8533210090"; VariantName = "[No Variations]"
Add component (AddParameter): Name = "Temperature Coefficient"; Value = "200ppm/°C"; VariantName = "[No Variations]"
Add component (AddParameter): Name = "Termination"; Value = "Axial"; VariantName = "[No Variations]"
Add component (AddParameter): Name = "Tolerance"; Value = "1%"; VariantName = "[No Variations]"
Add component (AddParameter): Name = "Voltage Rating"; Value = "3.5kV"; VariantName = "[No Variations]"
Add component (AddParameter): Name = "Voltage Rating (DC)"; Value = "3.5kV"; VariantName = "[No Variations]"
Added Component: Designator=R16(FP-HVR37-MFG)
Add component (AddParameter): Name = "Case/Package"; Value = "Axial"; VariantName = "[No Variations]"
Add component (AddParameter): Name = "Composition"; Value = "Metal Film"; VariantName = "[No Variations]"
Add component (AddParameter): Name = "Features"; Value = "Flame Retardant Coating"; VariantName = "[No Variations]"
Add component (AddParameter): Name = "Height"; Value = "4mm"; VariantName = "[No Variations]"
Add component (AddParameter): Name = "Lead Diameter"; Value = "780µm"; VariantName = "[No Variations]"
Add component (AddParameter): Name = "Lead Free"; Value = "Lead Free"; VariantName = "[No Variations]"
Add component (AddParameter): Name = "Length"; Value = "10.0076mm"; VariantName = "[No Variations]"
Add component (AddParameter): Name = "Max Operating Temperature"; Value = "155°C"; VariantName = "[No Variations]"
Add component (AddParameter): Name = "Max Power Dissipation"; Value = "500mW"; VariantName = "[No Variations]"
Add component (AddParameter): Name = "Min Operating Temperature"; Value = "-55°C"; VariantName = "[No Variations]"
Add component (AddParameter): Name = "NexarPartId"; Value = "42845042"; VariantName = "[No Variations]"
Add component (AddParameter): Name = "Number of Pins"; Value = "2"; VariantName = "[No Variations]"
Add component (AddParameter): Name = "Number of Terminations"; Value = "2"; VariantName = "[No Variations]"
Add component (AddParameter): Name = "Packaging"; Value = "Cut Tape (CT)"; VariantName = "[No Variations]"
Add component (AddParameter): Name = "Power Rating"; Value = "500mW"; VariantName = "[No Variations]"
Add component (AddParameter): Name = "Radiation Hardening"; Value = "No"; VariantName = "[No Variations]"
Add component (AddParameter): Name = "REACH SVHC"; Value = "Unknown"; VariantName = "[No Variations]"
Add component (AddParameter): Name = "Resistance"; Value = "1MO"; VariantName = "[No Variations]"
Add component (AddParameter): Name = "RoHS"; Value = "Compliant"; VariantName = "[No Variations]"
Add component (AddParameter): Name = "Schedule B"; Value = "8533210090, 8533210090"; VariantName = "[No Variations]"
Add component (AddParameter): Name = "Temperature Coefficient"; Value = "200ppm/°C"; VariantName = "[No Variations]"
Add component (AddParameter): Name = "Termination"; Value = "Axial"; VariantName = "[No Variations]"
Add component (AddParameter): Name = "Tolerance"; Value = "1%"; VariantName = "[No Variations]"
Add component (AddParameter): Name = "Voltage Rating"; Value = "3.5kV"; VariantName = "[No Variations]"
Add component (AddParameter): Name = "Voltage Rating (DC)"; Value = "3.5kV"; VariantName = "[No Variations]"
Added Component: Designator=R17(FP-HVR37-MFG)
Add component (AddParameter): Name = "Case/Package"; Value = "Axial"; VariantName = "[No Variations]"
Add component (AddParameter): Name = "Composition"; Value = "Metal Film"; VariantName = "[No Variations]"
Add component (AddParameter): Name = "Features"; Value = "Flame Retardant Coating"; VariantName = "[No Variations]"
Add component (AddParameter): Name = "Height"; Value = "4mm"; VariantName = "[No Variations]"
Add component (AddParameter): Name = "Lead Diameter"; Value = "780µm"; VariantName = "[No Variations]"
Add component (AddParameter): Name = "Lead Free"; Value = "Lead Free"; VariantName = "[No Variations]"
Add component (AddParameter): Name = "Length"; Value = "10.0076mm"; VariantName = "[No Variations]"
Add component (AddParameter): Name = "Max Operating Temperature"; Value = "155°C"; VariantName = "[No Variations]"
Add component (AddParameter): Name = "Max Power Dissipation"; Value = "500mW"; VariantName = "[No Variations]"
Add component (AddParameter): Name = "Min Operating Temperature"; Value = "-55°C"; VariantName = "[No Variations]"
Add component (AddParameter): Name = "NexarPartId"; Value = "42845042"; VariantName = "[No Variations]"
Add component (AddParameter): Name = "Number of Pins"; Value = "2"; VariantName = "[No Variations]"
Add component (AddParameter): Name = "Number of Terminations"; Value = "2"; VariantName = "[No Variations]"
Add component (AddParameter): Name = "Packaging"; Value = "Cut Tape (CT)"; VariantName = "[No Variations]"
Add component (AddParameter): Name = "Power Rating"; Value = "500mW"; VariantName = "[No Variations]"
Add component (AddParameter): Name = "Radiation Hardening"; Value = "No"; VariantName = "[No Variations]"
Add component (AddParameter): Name = "REACH SVHC"; Value = "Unknown"; VariantName = "[No Variations]"
Add component (AddParameter): Name = "Resistance"; Value = "1MO"; VariantName = "[No Variations]"
Add component (AddParameter): Name = "RoHS"; Value = "Compliant"; VariantName = "[No Variations]"
Add component (AddParameter): Name = "Schedule B"; Value = "8533210090, 8533210090"; VariantName = "[No Variations]"
Add component (AddParameter): Name = "Temperature Coefficient"; Value = "200ppm/°C"; VariantName = "[No Variations]"
Add component (AddParameter): Name = "Termination"; Value = "Axial"; VariantName = "[No Variations]"
Add component (AddParameter): Name = "Tolerance"; Value = "1%"; VariantName = "[No Variations]"
Add component (AddParameter): Name = "Voltage Rating"; Value = "3.5kV"; VariantName = "[No Variations]"
Add component (AddParameter): Name = "Voltage Rating (DC)"; Value = "3.5kV"; VariantName = "[No Variations]"
Added Component: Designator=R18(FP-HVR37-MFG)
Add component (AddParameter): Name = "Case/Package"; Value = "Axial"; VariantName = "[No Variations]"
Add component (AddParameter): Name = "Composition"; Value = "Metal Film"; VariantName = "[No Variations]"
Add component (AddParameter): Name = "Features"; Value = "Flame Retardant Coating"; VariantName = "[No Variations]"
Add component (AddParameter): Name = "Height"; Value = "4mm"; VariantName = "[No Variations]"
Add component (AddParameter): Name = "Lead Diameter"; Value = "780µm"; VariantName = "[No Variations]"
Add component (AddParameter): Name = "Lead Free"; Value = "Lead Free"; VariantName = "[No Variations]"
Add component (AddParameter): Name = "Length"; Value = "10.0076mm"; VariantName = "[No Variations]"
Add component (AddParameter): Name = "Max Operating Temperature"; Value = "155°C"; VariantName = "[No Variations]"
Add component (AddParameter): Name = "Max Power Dissipation"; Value = "500mW"; VariantName = "[No Variations]"
Add component (AddParameter): Name = "Min Operating Temperature"; Value = "-55°C"; VariantName = "[No Variations]"
Add component (AddParameter): Name = "NexarPartId"; Value = "42845042"; VariantName = "[No Variations]"
Add component (AddParameter): Name = "Number of Pins"; Value = "2"; VariantName = "[No Variations]"
Add component (AddParameter): Name = "Number of Terminations"; Value = "2"; VariantName = "[No Variations]"
Add component (AddParameter): Name = "Packaging"; Value = "Cut Tape (CT)"; VariantName = "[No Variations]"
Add component (AddParameter): Name = "Power Rating"; Value = "500mW"; VariantName = "[No Variations]"
Add component (AddParameter): Name = "Radiation Hardening"; Value = "No"; VariantName = "[No Variations]"
Add component (AddParameter): Name = "REACH SVHC"; Value = "Unknown"; VariantName = "[No Variations]"
Add component (AddParameter): Name = "Resistance"; Value = "1MO"; VariantName = "[No Variations]"
Add component (AddParameter): Name = "RoHS"; Value = "Compliant"; VariantName = "[No Variations]"
Add component (AddParameter): Name = "Schedule B"; Value = "8533210090, 8533210090"; VariantName = "[No Variations]"
Add component (AddParameter): Name = "Temperature Coefficient"; Value = "200ppm/°C"; VariantName = "[No Variations]"
Add component (AddParameter): Name = "Termination"; Value = "Axial"; VariantName = "[No Variations]"
Add component (AddParameter): Name = "Tolerance"; Value = "1%"; VariantName = "[No Variations]"
Add component (AddParameter): Name = "Voltage Rating"; Value = "3.5kV"; VariantName = "[No Variations]"
Add component (AddParameter): Name = "Voltage Rating (DC)"; Value = "3.5kV"; VariantName = "[No Variations]"
Added Component: Designator=R19(FP-HVR37-MFG)
Add component (AddParameter): Name = "Case/Package"; Value = "Axial"; VariantName = "[No Variations]"
Add component (AddParameter): Name = "Composition"; Value = "Metal Film"; VariantName = "[No Variations]"
Add component (AddParameter): Name = "Features"; Value = "Flame Retardant Coating"; VariantName = "[No Variations]"
Add component (AddParameter): Name = "Height"; Value = "4mm"; VariantName = "[No Variations]"
Add component (AddParameter): Name = "Lead Diameter"; Value = "780µm"; VariantName = "[No Variations]"
Add component (AddParameter): Name = "Lead Free"; Value = "Lead Free"; VariantName = "[No Variations]"
Add component (AddParameter): Name = "Length"; Value = "10.0076mm"; VariantName = "[No Variations]"
Add component (AddParameter): Name = "Max Operating Temperature"; Value = "155°C"; VariantName = "[No Variations]"
Add component (AddParameter): Name = "Max Power Dissipation"; Value = "500mW"; VariantName = "[No Variations]"
Add component (AddParameter): Name = "Min Operating Temperature"; Value = "-55°C"; VariantName = "[No Variations]"
Add component (AddParameter): Name = "NexarPartId"; Value = "42845042"; VariantName = "[No Variations]"
Add component (AddParameter): Name = "Number of Pins"; Value = "2"; VariantName = "[No Variations]"
Add component (AddParameter): Name = "Number of Terminations"; Value = "2"; VariantName = "[No Variations]"
Add component (AddParameter): Name = "Packaging"; Value = "Cut Tape (CT)"; VariantName = "[No Variations]"
Add component (AddParameter): Name = "Power Rating"; Value = "500mW"; VariantName = "[No Variations]"
Add component (AddParameter): Name = "Radiation Hardening"; Value = "No"; VariantName = "[No Variations]"
Add component (AddParameter): Name = "REACH SVHC"; Value = "Unknown"; VariantName = "[No Variations]"
Add component (AddParameter): Name = "Resistance"; Value = "1MO"; VariantName = "[No Variations]"
Add component (AddParameter): Name = "RoHS"; Value = "Compliant"; VariantName = "[No Variations]"
Add component (AddParameter): Name = "Schedule B"; Value = "8533210090, 8533210090"; VariantName = "[No Variations]"
Add component (AddParameter): Name = "Temperature Coefficient"; Value = "200ppm/°C"; VariantName = "[No Variations]"
Add component (AddParameter): Name = "Termination"; Value = "Axial"; VariantName = "[No Variations]"
Add component (AddParameter): Name = "Tolerance"; Value = "1%"; VariantName = "[No Variations]"
Add component (AddParameter): Name = "Voltage Rating"; Value = "3.5kV"; VariantName = "[No Variations]"
Add component (AddParameter): Name = "Voltage Rating (DC)"; Value = "3.5kV"; VariantName = "[No Variations]"
Added Component: Designator=R20(FP-HVR37-MFG)
Add component (AddParameter): Name = "Case/Package"; Value = "Axial"; VariantName = "[No Variations]"
Add component (AddParameter): Name = "Composition"; Value = "Metal Film"; VariantName = "[No Variations]"
Add component (AddParameter): Name = "Features"; Value = "Flame Retardant Coating"; VariantName = "[No Variations]"
Add component (AddParameter): Name = "Height"; Value = "4mm"; VariantName = "[No Variations]"
Add component (AddParameter): Name = "Lead Diameter"; Value = "780µm"; VariantName = "[No Variations]"
Add component (AddParameter): Name = "Lead Free"; Value = "Lead Free"; VariantName = "[No Variations]"
Add component (AddParameter): Name = "Length"; Value = "10.0076mm"; VariantName = "[No Variations]"
Add component (AddParameter): Name = "Max Operating Temperature"; Value = "155°C"; VariantName = "[No Variations]"
Add component (AddParameter): Name = "Max Power Dissipation"; Value = "500mW"; VariantName = "[No Variations]"
Add component (AddParameter): Name = "Min Operating Temperature"; Value = "-55°C"; VariantName = "[No Variations]"
Add component (AddParameter): Name = "NexarPartId"; Value = "42845042"; VariantName = "[No Variations]"
Add component (AddParameter): Name = "Number of Pins"; Value = "2"; VariantName = "[No Variations]"
Add component (AddParameter): Name = "Number of Terminations"; Value = "2"; VariantName = "[No Variations]"
Add component (AddParameter): Name = "Packaging"; Value = "Cut Tape (CT)"; VariantName = "[No Variations]"
Add component (AddParameter): Name = "Power Rating"; Value = "500mW"; VariantName = "[No Variations]"
Add component (AddParameter): Name = "Radiation Hardening"; Value = "No"; VariantName = "[No Variations]"
Add component (AddParameter): Name = "REACH SVHC"; Value = "Unknown"; VariantName = "[No Variations]"
Add component (AddParameter): Name = "Resistance"; Value = "1MO"; VariantName = "[No Variations]"
Add component (AddParameter): Name = "RoHS"; Value = "Compliant"; VariantName = "[No Variations]"
Add component (AddParameter): Name = "Schedule B"; Value = "8533210090, 8533210090"; VariantName = "[No Variations]"
Add component (AddParameter): Name = "Temperature Coefficient"; Value = "200ppm/°C"; VariantName = "[No Variations]"
Add component (AddParameter): Name = "Termination"; Value = "Axial"; VariantName = "[No Variations]"
Add component (AddParameter): Name = "Tolerance"; Value = "1%"; VariantName = "[No Variations]"
Add component (AddParameter): Name = "Voltage Rating"; Value = "3.5kV"; VariantName = "[No Variations]"
Add component (AddParameter): Name = "Voltage Rating (DC)"; Value = "3.5kV"; VariantName = "[No Variations]"
Added Component: Designator=R21(FP-HVR37-MFG)
Add component (AddParameter): Name = "Case/Package"; Value = "Axial"; VariantName = "[No Variations]"
Add component (AddParameter): Name = "Composition"; Value = "Metal Film"; VariantName = "[No Variations]"
Add component (AddParameter): Name = "Features"; Value = "Flame Retardant Coating"; VariantName = "[No Variations]"
Add component (AddParameter): Name = "Height"; Value = "4mm"; VariantName = "[No Variations]"
Add component (AddParameter): Name = "Lead Diameter"; Value = "780µm"; VariantName = "[No Variations]"
Add component (AddParameter): Name = "Lead Free"; Value = "Lead Free"; VariantName = "[No Variations]"
Add component (AddParameter): Name = "Length"; Value = "10.0076mm"; VariantName = "[No Variations]"
Add component (AddParameter): Name = "Max Operating Temperature"; Value = "155°C"; VariantName = "[No Variations]"
Add component (AddParameter): Name = "Max Power Dissipation"; Value = "500mW"; VariantName = "[No Variations]"
Add component (AddParameter): Name = "Min Operating Temperature"; Value = "-55°C"; VariantName = "[No Variations]"
Add component (AddParameter): Name = "NexarPartId"; Value = "42845042"; VariantName = "[No Variations]"
Add component (AddParameter): Name = "Number of Pins"; Value = "2"; VariantName = "[No Variations]"
Add component (AddParameter): Name = "Number of Terminations"; Value = "2"; VariantName = "[No Variations]"
Add component (AddParameter): Name = "Packaging"; Value = "Cut Tape (CT)"; VariantName = "[No Variations]"
Add component (AddParameter): Name = "Power Rating"; Value = "500mW"; VariantName = "[No Variations]"
Add component (AddParameter): Name = "Radiation Hardening"; Value = "No"; VariantName = "[No Variations]"
Add component (AddParameter): Name = "REACH SVHC"; Value = "Unknown"; VariantName = "[No Variations]"
Add component (AddParameter): Name = "Resistance"; Value = "1MO"; VariantName = "[No Variations]"
Add component (AddParameter): Name = "RoHS"; Value = "Compliant"; VariantName = "[No Variations]"
Add component (AddParameter): Name = "Schedule B"; Value = "8533210090, 8533210090"; VariantName = "[No Variations]"
Add component (AddParameter): Name = "Temperature Coefficient"; Value = "200ppm/°C"; VariantName = "[No Variations]"
Add component (AddParameter): Name = "Termination"; Value = "Axial"; VariantName = "[No Variations]"
Add component (AddParameter): Name = "Tolerance"; Value = "1%"; VariantName = "[No Variations]"
Add component (AddParameter): Name = "Voltage Rating"; Value = "3.5kV"; VariantName = "[No Variations]"
Add component (AddParameter): Name = "Voltage Rating (DC)"; Value = "3.5kV"; VariantName = "[No Variations]"
Added Component: Designator=R22(FP-HVR37-MFG)
Add component (AddParameter): Name = "Case/Package"; Value = "Axial"; VariantName = "[No Variations]"
Add component (AddParameter): Name = "Composition"; Value = "Metal Film"; VariantName = "[No Variations]"
Add component (AddParameter): Name = "Features"; Value = "Flame Retardant Coating"; VariantName = "[No Variations]"
Add component (AddParameter): Name = "Height"; Value = "4mm"; VariantName = "[No Variations]"
Add component (AddParameter): Name = "Lead Diameter"; Value = "780µm"; VariantName = "[No Variations]"
Add component (AddParameter): Name = "Lead Free"; Value = "Lead Free"; VariantName = "[No Variations]"
Add component (AddParameter): Name = "Length"; Value = "10.0076mm"; VariantName = "[No Variations]"
Add component (AddParameter): Name = "Max Operating Temperature"; Value = "155°C"; VariantName = "[No Variations]"
Add component (AddParameter): Name = "Max Power Dissipation"; Value = "500mW"; VariantName = "[No Variations]"
Add component (AddParameter): Name = "Min Operating Temperature"; Value = "-55°C"; VariantName = "[No Variations]"
Add component (AddParameter): Name = "NexarPartId"; Value = "42845042"; VariantName = "[No Variations]"
Add component (AddParameter): Name = "Number of Pins"; Value = "2"; VariantName = "[No Variations]"
Add component (AddParameter): Name = "Number of Terminations"; Value = "2"; VariantName = "[No Variations]"
Add component (AddParameter): Name = "Packaging"; Value = "Cut Tape (CT)"; VariantName = "[No Variations]"
Add component (AddParameter): Name = "Power Rating"; Value = "500mW"; VariantName = "[No Variations]"
Add component (AddParameter): Name = "Radiation Hardening"; Value = "No"; VariantName = "[No Variations]"
Add component (AddParameter): Name = "REACH SVHC"; Value = "Unknown"; VariantName = "[No Variations]"
Add component (AddParameter): Name = "Resistance"; Value = "1MO"; VariantName = "[No Variations]"
Add component (AddParameter): Name = "RoHS"; Value = "Compliant"; VariantName = "[No Variations]"
Add component (AddParameter): Name = "Schedule B"; Value = "8533210090, 8533210090"; VariantName = "[No Variations]"
Add component (AddParameter): Name = "Temperature Coefficient"; Value = "200ppm/°C"; VariantName = "[No Variations]"
Add component (AddParameter): Name = "Termination"; Value = "Axial"; VariantName = "[No Variations]"
Add component (AddParameter): Name = "Tolerance"; Value = "1%"; VariantName = "[No Variations]"
Add component (AddParameter): Name = "Voltage Rating"; Value = "3.5kV"; VariantName = "[No Variations]"
Add component (AddParameter): Name = "Voltage Rating (DC)"; Value = "3.5kV"; VariantName = "[No Variations]"
Added Component: Designator=R23(FP-HVR37-MFG)
Add component (AddParameter): Name = "Case/Package"; Value = "Axial"; VariantName = "[No Variations]"
Add component (AddParameter): Name = "Composition"; Value = "Metal Film"; VariantName = "[No Variations]"
Add component (AddParameter): Name = "Features"; Value = "Flame Retardant Coating"; VariantName = "[No Variations]"
Add component (AddParameter): Name = "Height"; Value = "4mm"; VariantName = "[No Variations]"
Add component (AddParameter): Name = "Lead Diameter"; Value = "780µm"; VariantName = "[No Variations]"
Add component (AddParameter): Name = "Lead Free"; Value = "Lead Free"; VariantName = "[No Variations]"
Add component (AddParameter): Name = "Length"; Value = "10.0076mm"; VariantName = "[No Variations]"
Add component (AddParameter): Name = "Max Operating Temperature"; Value = "155°C"; VariantName = "[No Variations]"
Add component (AddParameter): Name = "Max Power Dissipation"; Value = "500mW"; VariantName = "[No Variations]"
Add component (AddParameter): Name = "Min Operating Temperature"; Value = "-55°C"; VariantName = "[No Variations]"
Add component (AddParameter): Name = "NexarPartId"; Value = "42845042"; VariantName = "[No Variations]"
Add component (AddParameter): Name = "Number of Pins"; Value = "2"; VariantName = "[No Variations]"
Add component (AddParameter): Name = "Number of Terminations"; Value = "2"; VariantName = "[No Variations]"
Add component (AddParameter): Name = "Packaging"; Value = "Cut Tape (CT)"; VariantName = "[No Variations]"
Add component (AddParameter): Name = "Power Rating"; Value = "500mW"; VariantName = "[No Variations]"
Add component (AddParameter): Name = "Radiation Hardening"; Value = "No"; VariantName = "[No Variations]"
Add component (AddParameter): Name = "REACH SVHC"; Value = "Unknown"; VariantName = "[No Variations]"
Add component (AddParameter): Name = "Resistance"; Value = "1MO"; VariantName = "[No Variations]"
Add component (AddParameter): Name = "RoHS"; Value = "Compliant"; VariantName = "[No Variations]"
Add component (AddParameter): Name = "Schedule B"; Value = "8533210090, 8533210090"; VariantName = "[No Variations]"
Add component (AddParameter): Name = "Temperature Coefficient"; Value = "200ppm/°C"; VariantName = "[No Variations]"
Add component (AddParameter): Name = "Termination"; Value = "Axial"; VariantName = "[No Variations]"
Add component (AddParameter): Name = "Tolerance"; Value = "1%"; VariantName = "[No Variations]"
Add component (AddParameter): Name = "Voltage Rating"; Value = "3.5kV"; VariantName = "[No Variations]"
Add component (AddParameter): Name = "Voltage Rating (DC)"; Value = "3.5kV"; VariantName = "[No Variations]"
Added Component: Designator=R24(FP-HVR37-MFG)
Add component (AddParameter): Name = "Case/Package"; Value = "Axial"; VariantName = "[No Variations]"
Add component (AddParameter): Name = "Composition"; Value = "Metal Film"; VariantName = "[No Variations]"
Add component (AddParameter): Name = "Features"; Value = "Flame Retardant Coating"; VariantName = "[No Variations]"
Add component (AddParameter): Name = "Height"; Value = "4mm"; VariantName = "[No Variations]"
Add component (AddParameter): Name = "Lead Diameter"; Value = "780µm"; VariantName = "[No Variations]"
Add component (AddParameter): Name = "Lead Free"; Value = "Lead Free"; VariantName = "[No Variations]"
Add component (AddParameter): Name = "Length"; Value = "10.0076mm"; VariantName = "[No Variations]"
Add component (AddParameter): Name = "Max Operating Temperature"; Value = "155°C"; VariantName = "[No Variations]"
Add component (AddParameter): Name = "Max Power Dissipation"; Value = "500mW"; VariantName = "[No Variations]"
Add component (AddParameter): Name = "Min Operating Temperature"; Value = "-55°C"; VariantName = "[No Variations]"
Add component (AddParameter): Name = "NexarPartId"; Value = "42845042"; VariantName = "[No Variations]"
Add component (AddParameter): Name = "Number of Pins"; Value = "2"; VariantName = "[No Variations]"
Add component (AddParameter): Name = "Number of Terminations"; Value = "2"; VariantName = "[No Variations]"
Add component (AddParameter): Name = "Packaging"; Value = "Cut Tape (CT)"; VariantName = "[No Variations]"
Add component (AddParameter): Name = "Power Rating"; Value = "500mW"; VariantName = "[No Variations]"
Add component (AddParameter): Name = "Radiation Hardening"; Value = "No"; VariantName = "[No Variations]"
Add component (AddParameter): Name = "REACH SVHC"; Value = "Unknown"; VariantName = "[No Variations]"
Add component (AddParameter): Name = "Resistance"; Value = "1MO"; VariantName = "[No Variations]"
Add component (AddParameter): Name = "RoHS"; Value = "Compliant"; VariantName = "[No Variations]"
Add component (AddParameter): Name = "Schedule B"; Value = "8533210090, 8533210090"; VariantName = "[No Variations]"
Add component (AddParameter): Name = "Temperature Coefficient"; Value = "200ppm/°C"; VariantName = "[No Variations]"
Add component (AddParameter): Name = "Termination"; Value = "Axial"; VariantName = "[No Variations]"
Add component (AddParameter): Name = "Tolerance"; Value = "1%"; VariantName = "[No Variations]"
Add component (AddParameter): Name = "Voltage Rating"; Value = "3.5kV"; VariantName = "[No Variations]"
Add component (AddParameter): Name = "Voltage Rating (DC)"; Value = "3.5kV"; VariantName = "[No Variations]"
Added Component: Designator=R25(FP-HVR37-MFG)
Add component (AddParameter): Name = "Case/Package"; Value = "Axial"; VariantName = "[No Variations]"
Add component (AddParameter): Name = "Composition"; Value = "Metal Film"; VariantName = "[No Variations]"
Add component (AddParameter): Name = "Features"; Value = "Flame Retardant Coating"; VariantName = "[No Variations]"
Add component (AddParameter): Name = "Height"; Value = "4mm"; VariantName = "[No Variations]"
Add component (AddParameter): Name = "Lead Diameter"; Value = "780µm"; VariantName = "[No Variations]"
Add component (AddParameter): Name = "Lead Free"; Value = "Lead Free"; VariantName = "[No Variations]"
Add component (AddParameter): Name = "Length"; Value = "10.0076mm"; VariantName = "[No Variations]"
Add component (AddParameter): Name = "Max Operating Temperature"; Value = "155°C"; VariantName = "[No Variations]"
Add component (AddParameter): Name = "Max Power Dissipation"; Value = "500mW"; VariantName = "[No Variations]"
Add component (AddParameter): Name = "Min Operating Temperature"; Value = "-55°C"; VariantName = "[No Variations]"
Add component (AddParameter): Name = "NexarPartId"; Value = "42845042"; VariantName = "[No Variations]"
Add component (AddParameter): Name = "Number of Pins"; Value = "2"; VariantName = "[No Variations]"
Add component (AddParameter): Name = "Number of Terminations"; Value = "2"; VariantName = "[No Variations]"
Add component (AddParameter): Name = "Packaging"; Value = "Cut Tape (CT)"; VariantName = "[No Variations]"
Add component (AddParameter): Name = "Power Rating"; Value = "500mW"; VariantName = "[No Variations]"
Add component (AddParameter): Name = "Radiation Hardening"; Value = "No"; VariantName = "[No Variations]"
Add component (AddParameter): Name = "REACH SVHC"; Value = "Unknown"; VariantName = "[No Variations]"
Add component (AddParameter): Name = "Resistance"; Value = "1MO"; VariantName = "[No Variations]"
Add component (AddParameter): Name = "RoHS"; Value = "Compliant"; VariantName = "[No Variations]"
Add component (AddParameter): Name = "Schedule B"; Value = "8533210090, 8533210090"; VariantName = "[No Variations]"
Add component (AddParameter): Name = "Temperature Coefficient"; Value = "200ppm/°C"; VariantName = "[No Variations]"
Add component (AddParameter): Name = "Termination"; Value = "Axial"; VariantName = "[No Variations]"
Add component (AddParameter): Name = "Tolerance"; Value = "1%"; VariantName = "[No Variations]"
Add component (AddParameter): Name = "Voltage Rating"; Value = "3.5kV"; VariantName = "[No Variations]"
Add component (AddParameter): Name = "Voltage Rating (DC)"; Value = "3.5kV"; VariantName = "[No Variations]"
Added Component: Designator=R26(FP-HVR37-MFG)
Add component (AddParameter): Name = "Case/Package"; Value = "Axial"; VariantName = "[No Variations]"
Add component (AddParameter): Name = "Composition"; Value = "Metal Film"; VariantName = "[No Variations]"
Add component (AddParameter): Name = "Features"; Value = "Flame Retardant Coating"; VariantName = "[No Variations]"
Add component (AddParameter): Name = "Height"; Value = "4mm"; VariantName = "[No Variations]"
Add component (AddParameter): Name = "Lead Diameter"; Value = "780µm"; VariantName = "[No Variations]"
Add component (AddParameter): Name = "Lead Free"; Value = "Lead Free"; VariantName = "[No Variations]"
Add component (AddParameter): Name = "Length"; Value = "10.0076mm"; VariantName = "[No Variations]"
Add component (AddParameter): Name = "Max Operating Temperature"; Value = "155°C"; VariantName = "[No Variations]"
Add component (AddParameter): Name = "Max Power Dissipation"; Value = "500mW"; VariantName = "[No Variations]"
Add component (AddParameter): Name = "Min Operating Temperature"; Value = "-55°C"; VariantName = "[No Variations]"
Add component (AddParameter): Name = "NexarPartId"; Value = "42845042"; VariantName = "[No Variations]"
Add component (AddParameter): Name = "Number of Pins"; Value = "2"; VariantName = "[No Variations]"
Add component (AddParameter): Name = "Number of Terminations"; Value = "2"; VariantName = "[No Variations]"
Add component (AddParameter): Name = "Packaging"; Value = "Cut Tape (CT)"; VariantName = "[No Variations]"
Add component (AddParameter): Name = "Power Rating"; Value = "500mW"; VariantName = "[No Variations]"
Add component (AddParameter): Name = "Radiation Hardening"; Value = "No"; VariantName = "[No Variations]"
Add component (AddParameter): Name = "REACH SVHC"; Value = "Unknown"; VariantName = "[No Variations]"
Add component (AddParameter): Name = "Resistance"; Value = "1MO"; VariantName = "[No Variations]"
Add component (AddParameter): Name = "RoHS"; Value = "Compliant"; VariantName = "[No Variations]"
Add component (AddParameter): Name = "Schedule B"; Value = "8533210090, 8533210090"; VariantName = "[No Variations]"
Add component (AddParameter): Name = "Temperature Coefficient"; Value = "200ppm/°C"; VariantName = "[No Variations]"
Add component (AddParameter): Name = "Termination"; Value = "Axial"; VariantName = "[No Variations]"
Add component (AddParameter): Name = "Tolerance"; Value = "1%"; VariantName = "[No Variations]"
Add component (AddParameter): Name = "Voltage Rating"; Value = "3.5kV"; VariantName = "[No Variations]"
Add component (AddParameter): Name = "Voltage Rating (DC)"; Value = "3.5kV"; VariantName = "[No Variations]"
Added Component: Designator=R27(FP-HVR37-MFG)
Add component (AddParameter): Name = "Case/Package"; Value = "Axial"; VariantName = "[No Variations]"
Add component (AddParameter): Name = "Composition"; Value = "Metal Film"; VariantName = "[No Variations]"
Add component (AddParameter): Name = "Features"; Value = "Flame Retardant Coating"; VariantName = "[No Variations]"
Add component (AddParameter): Name = "Height"; Value = "4mm"; VariantName = "[No Variations]"
Add component (AddParameter): Name = "Lead Diameter"; Value = "780µm"; VariantName = "[No Variations]"
Add component (AddParameter): Name = "Lead Free"; Value = "Lead Free"; VariantName = "[No Variations]"
Add component (AddParameter): Name = "Length"; Value = "10.0076mm"; VariantName = "[No Variations]"
Add component (AddParameter): Name = "Max Operating Temperature"; Value = "155°C"; VariantName = "[No Variations]"
Add component (AddParameter): Name = "Max Power Dissipation"; Value = "500mW"; VariantName = "[No Variations]"
Add component (AddParameter): Name = "Min Operating Temperature"; Value = "-55°C"; VariantName = "[No Variations]"
Add component (AddParameter): Name = "NexarPartId"; Value = "42845042"; VariantName = "[No Variations]"
Add component (AddParameter): Name = "Number of Pins"; Value = "2"; VariantName = "[No Variations]"
Add component (AddParameter): Name = "Number of Terminations"; Value = "2"; VariantName = "[No Variations]"
Add component (AddParameter): Name = "Packaging"; Value = "Cut Tape (CT)"; VariantName = "[No Variations]"
Add component (AddParameter): Name = "Power Rating"; Value = "500mW"; VariantName = "[No Variations]"
Add component (AddParameter): Name = "Radiation Hardening"; Value = "No"; VariantName = "[No Variations]"
Add component (AddParameter): Name = "REACH SVHC"; Value = "Unknown"; VariantName = "[No Variations]"
Add component (AddParameter): Name = "Resistance"; Value = "1MO"; VariantName = "[No Variations]"
Add component (AddParameter): Name = "RoHS"; Value = "Compliant"; VariantName = "[No Variations]"
Add component (AddParameter): Name = "Schedule B"; Value = "8533210090, 8533210090"; VariantName = "[No Variations]"
Add component (AddParameter): Name = "Temperature Coefficient"; Value = "200ppm/°C"; VariantName = "[No Variations]"
Add component (AddParameter): Name = "Termination"; Value = "Axial"; VariantName = "[No Variations]"
Add component (AddParameter): Name = "Tolerance"; Value = "1%"; VariantName = "[No Variations]"
Add component (AddParameter): Name = "Voltage Rating"; Value = "3.5kV"; VariantName = "[No Variations]"
Add component (AddParameter): Name = "Voltage Rating (DC)"; Value = "3.5kV"; VariantName = "[No Variations]"
Added Component: Designator=R28(FP-HVR37-MFG)
Add component (AddParameter): Name = "Case/Package"; Value = "Axial"; VariantName = "[No Variations]"
Add component (AddParameter): Name = "Composition"; Value = "Metal Film"; VariantName = "[No Variations]"
Add component (AddParameter): Name = "Features"; Value = "Flame Retardant Coating"; VariantName = "[No Variations]"
Add component (AddParameter): Name = "Height"; Value = "4mm"; VariantName = "[No Variations]"
Add component (AddParameter): Name = "Lead Diameter"; Value = "780µm"; VariantName = "[No Variations]"
Add component (AddParameter): Name = "Lead Free"; Value = "Lead Free"; VariantName = "[No Variations]"
Add component (AddParameter): Name = "Length"; Value = "10.0076mm"; VariantName = "[No Variations]"
Add component (AddParameter): Name = "Max Operating Temperature"; Value = "155°C"; VariantName = "[No Variations]"
Add component (AddParameter): Name = "Max Power Dissipation"; Value = "500mW"; VariantName = "[No Variations]"
Add component (AddParameter): Name = "Min Operating Temperature"; Value = "-55°C"; VariantName = "[No Variations]"
Add component (AddParameter): Name = "NexarPartId"; Value = "42845042"; VariantName = "[No Variations]"
Add component (AddParameter): Name = "Number of Pins"; Value = "2"; VariantName = "[No Variations]"
Add component (AddParameter): Name = "Number of Terminations"; Value = "2"; VariantName = "[No Variations]"
Add component (AddParameter): Name = "Packaging"; Value = "Cut Tape (CT)"; VariantName = "[No Variations]"
Add component (AddParameter): Name = "Power Rating"; Value = "500mW"; VariantName = "[No Variations]"
Add component (AddParameter): Name = "Radiation Hardening"; Value = "No"; VariantName = "[No Variations]"
Add component (AddParameter): Name = "REACH SVHC"; Value = "Unknown"; VariantName = "[No Variations]"
Add component (AddParameter): Name = "Resistance"; Value = "1MO"; VariantName = "[No Variations]"
Add component (AddParameter): Name = "RoHS"; Value = "Compliant"; VariantName = "[No Variations]"
Add component (AddParameter): Name = "Schedule B"; Value = "8533210090, 8533210090"; VariantName = "[No Variations]"
Add component (AddParameter): Name = "Temperature Coefficient"; Value = "200ppm/°C"; VariantName = "[No Variations]"
Add component (AddParameter): Name = "Termination"; Value = "Axial"; VariantName = "[No Variations]"
Add component (AddParameter): Name = "Tolerance"; Value = "1%"; VariantName = "[No Variations]"
Add component (AddParameter): Name = "Voltage Rating"; Value = "3.5kV"; VariantName = "[No Variations]"
Add component (AddParameter): Name = "Voltage Rating (DC)"; Value = "3.5kV"; VariantName = "[No Variations]"
Added Component: Designator=R29(FP-HVR37-MFG)
Add component (AddParameter): Name = "Case/Package"; Value = "Axial"; VariantName = "[No Variations]"
Add component (AddParameter): Name = "Composition"; Value = "Metal Film"; VariantName = "[No Variations]"
Add component (AddParameter): Name = "Features"; Value = "Flame Retardant Coating"; VariantName = "[No Variations]"
Add component (AddParameter): Name = "Height"; Value = "4mm"; VariantName = "[No Variations]"
Add component (AddParameter): Name = "Lead Diameter"; Value = "780µm"; VariantName = "[No Variations]"
Add component (AddParameter): Name = "Lead Free"; Value = "Lead Free"; VariantName = "[No Variations]"
Add component (AddParameter): Name = "Length"; Value = "10.0076mm"; VariantName = "[No Variations]"
Add component (AddParameter): Name = "Max Operating Temperature"; Value = "155°C"; VariantName = "[No Variations]"
Add component (AddParameter): Name = "Max Power Dissipation"; Value = "500mW"; VariantName = "[No Variations]"
Add component (AddParameter): Name = "Min Operating Temperature"; Value = "-55°C"; VariantName = "[No Variations]"
Add component (AddParameter): Name = "NexarPartId"; Value = "42845042"; VariantName = "[No Variations]"
Add component (AddParameter): Name = "Number of Pins"; Value = "2"; VariantName = "[No Variations]"
Add component (AddParameter): Name = "Number of Terminations"; Value = "2"; VariantName = "[No Variations]"
Add component (AddParameter): Name = "Packaging"; Value = "Cut Tape (CT)"; VariantName = "[No Variations]"
Add component (AddParameter): Name = "Power Rating"; Value = "500mW"; VariantName = "[No Variations]"
Add component (AddParameter): Name = "Radiation Hardening"; Value = "No"; VariantName = "[No Variations]"
Add component (AddParameter): Name = "REACH SVHC"; Value = "Unknown"; VariantName = "[No Variations]"
Add component (AddParameter): Name = "Resistance"; Value = "1MO"; VariantName = "[No Variations]"
Add component (AddParameter): Name = "RoHS"; Value = "Compliant"; VariantName = "[No Variations]"
Add component (AddParameter): Name = "Schedule B"; Value = "8533210090, 8533210090"; VariantName = "[No Variations]"
Add component (AddParameter): Name = "Temperature Coefficient"; Value = "200ppm/°C"; VariantName = "[No Variations]"
Add component (AddParameter): Name = "Termination"; Value = "Axial"; VariantName = "[No Variations]"
Add component (AddParameter): Name = "Tolerance"; Value = "1%"; VariantName = "[No Variations]"
Add component (AddParameter): Name = "Voltage Rating"; Value = "3.5kV"; VariantName = "[No Variations]"
Add component (AddParameter): Name = "Voltage Rating (DC)"; Value = "3.5kV"; VariantName = "[No Variations]"
Added Component: Designator=R30(FP-HVR37-MFG)
Add component (AddParameter): Name = "Case/Package"; Value = "Axial"; VariantName = "[No Variations]"
Add component (AddParameter): Name = "Composition"; Value = "Metal Film"; VariantName = "[No Variations]"
Add component (AddParameter): Name = "Features"; Value = "Flame Retardant Coating"; VariantName = "[No Variations]"
Add component (AddParameter): Name = "Height"; Value = "4mm"; VariantName = "[No Variations]"
Add component (AddParameter): Name = "Lead Diameter"; Value = "780µm"; VariantName = "[No Variations]"
Add component (AddParameter): Name = "Lead Free"; Value = "Lead Free"; VariantName = "[No Variations]"
Add component (AddParameter): Name = "Length"; Value = "10.0076mm"; VariantName = "[No Variations]"
Add component (AddParameter): Name = "Max Operating Temperature"; Value = "155°C"; VariantName = "[No Variations]"
Add component (AddParameter): Name = "Max Power Dissipation"; Value = "500mW"; VariantName = "[No Variations]"
Add component (AddParameter): Name = "Min Operating Temperature"; Value = "-55°C"; VariantName = "[No Variations]"
Add component (AddParameter): Name = "NexarPartId"; Value = "42845042"; VariantName = "[No Variations]"
Add component (AddParameter): Name = "Number of Pins"; Value = "2"; VariantName = "[No Variations]"
Add component (AddParameter): Name = "Number of Terminations"; Value = "2"; VariantName = "[No Variations]"
Add component (AddParameter): Name = "Packaging"; Value = "Cut Tape (CT)"; VariantName = "[No Variations]"
Add component (AddParameter): Name = "Power Rating"; Value = "500mW"; VariantName = "[No Variations]"
Add component (AddParameter): Name = "Radiation Hardening"; Value = "No"; VariantName = "[No Variations]"
Add component (AddParameter): Name = "REACH SVHC"; Value = "Unknown"; VariantName = "[No Variations]"
Add component (AddParameter): Name = "Resistance"; Value = "1MO"; VariantName = "[No Variations]"
Add component (AddParameter): Name = "RoHS"; Value = "Compliant"; VariantName = "[No Variations]"
Add component (AddParameter): Name = "Schedule B"; Value = "8533210090, 8533210090"; VariantName = "[No Variations]"
Add component (AddParameter): Name = "Temperature Coefficient"; Value = "200ppm/°C"; VariantName = "[No Variations]"
Add component (AddParameter): Name = "Termination"; Value = "Axial"; VariantName = "[No Variations]"
Add component (AddParameter): Name = "Tolerance"; Value = "1%"; VariantName = "[No Variations]"
Add component (AddParameter): Name = "Voltage Rating"; Value = "3.5kV"; VariantName = "[No Variations]"
Add component (AddParameter): Name = "Voltage Rating (DC)"; Value = "3.5kV"; VariantName = "[No Variations]"
Added Component: Designator=R31(FP-HVR37-MFG)
Add component (AddParameter): Name = "Case/Package"; Value = "Axial"; VariantName = "[No Variations]"
Add component (AddParameter): Name = "Composition"; Value = "Metal Film"; VariantName = "[No Variations]"
Add component (AddParameter): Name = "Features"; Value = "Flame Retardant Coating"; VariantName = "[No Variations]"
Add component (AddParameter): Name = "Height"; Value = "4mm"; VariantName = "[No Variations]"
Add component (AddParameter): Name = "Lead Diameter"; Value = "780µm"; VariantName = "[No Variations]"
Add component (AddParameter): Name = "Lead Free"; Value = "Lead Free"; VariantName = "[No Variations]"
Add component (AddParameter): Name = "Length"; Value = "10.0076mm"; VariantName = "[No Variations]"
Add component (AddParameter): Name = "Max Operating Temperature"; Value = "155°C"; VariantName = "[No Variations]"
Add component (AddParameter): Name = "Max Power Dissipation"; Value = "500mW"; VariantName = "[No Variations]"
Add component (AddParameter): Name = "Min Operating Temperature"; Value = "-55°C"; VariantName = "[No Variations]"
Add component (AddParameter): Name = "NexarPartId"; Value = "42845042"; VariantName = "[No Variations]"
Add component (AddParameter): Name = "Number of Pins"; Value = "2"; VariantName = "[No Variations]"
Add component (AddParameter): Name = "Number of Terminations"; Value = "2"; VariantName = "[No Variations]"
Add component (AddParameter): Name = "Packaging"; Value = "Cut Tape (CT)"; VariantName = "[No Variations]"
Add component (AddParameter): Name = "Power Rating"; Value = "500mW"; VariantName = "[No Variations]"
Add component (AddParameter): Name = "Radiation Hardening"; Value = "No"; VariantName = "[No Variations]"
Add component (AddParameter): Name = "REACH SVHC"; Value = "Unknown"; VariantName = "[No Variations]"
Add component (AddParameter): Name = "Resistance"; Value = "1MO"; VariantName = "[No Variations]"
Add component (AddParameter): Name = "RoHS"; Value = "Compliant"; VariantName = "[No Variations]"
Add component (AddParameter): Name = "Schedule B"; Value = "8533210090, 8533210090"; VariantName = "[No Variations]"
Add component (AddParameter): Name = "Temperature Coefficient"; Value = "200ppm/°C"; VariantName = "[No Variations]"
Add component (AddParameter): Name = "Termination"; Value = "Axial"; VariantName = "[No Variations]"
Add component (AddParameter): Name = "Tolerance"; Value = "1%"; VariantName = "[No Variations]"
Add component (AddParameter): Name = "Voltage Rating"; Value = "3.5kV"; VariantName = "[No Variations]"
Add component (AddParameter): Name = "Voltage Rating (DC)"; Value = "3.5kV"; VariantName = "[No Variations]"
Added Component: Designator=R32(FP-HVR37-MFG)
Add component (AddParameter): Name = "Case/Package"; Value = "Axial"; VariantName = "[No Variations]"
Add component (AddParameter): Name = "Composition"; Value = "Metal Film"; VariantName = "[No Variations]"
Add component (AddParameter): Name = "Features"; Value = "Flame Retardant Coating"; VariantName = "[No Variations]"
Add component (AddParameter): Name = "Height"; Value = "4mm"; VariantName = "[No Variations]"
Add component (AddParameter): Name = "Lead Diameter"; Value = "780µm"; VariantName = "[No Variations]"
Add component (AddParameter): Name = "Lead Free"; Value = "Lead Free"; VariantName = "[No Variations]"
Add component (AddParameter): Name = "Length"; Value = "10.0076mm"; VariantName = "[No Variations]"
Add component (AddParameter): Name = "Max Operating Temperature"; Value = "155°C"; VariantName = "[No Variations]"
Add component (AddParameter): Name = "Max Power Dissipation"; Value = "500mW"; VariantName = "[No Variations]"
Add component (AddParameter): Name = "Min Operating Temperature"; Value = "-55°C"; VariantName = "[No Variations]"
Add component (AddParameter): Name = "NexarPartId"; Value = "42845042"; VariantName = "[No Variations]"
Add component (AddParameter): Name = "Number of Pins"; Value = "2"; VariantName = "[No Variations]"
Add component (AddParameter): Name = "Number of Terminations"; Value = "2"; VariantName = "[No Variations]"
Add component (AddParameter): Name = "Packaging"; Value = "Cut Tape (CT)"; VariantName = "[No Variations]"
Add component (AddParameter): Name = "Power Rating"; Value = "500mW"; VariantName = "[No Variations]"
Add component (AddParameter): Name = "Radiation Hardening"; Value = "No"; VariantName = "[No Variations]"
Add component (AddParameter): Name = "REACH SVHC"; Value = "Unknown"; VariantName = "[No Variations]"
Add component (AddParameter): Name = "Resistance"; Value = "1MO"; VariantName = "[No Variations]"
Add component (AddParameter): Name = "RoHS"; Value = "Compliant"; VariantName = "[No Variations]"
Add component (AddParameter): Name = "Schedule B"; Value = "8533210090, 8533210090"; VariantName = "[No Variations]"
Add component (AddParameter): Name = "Temperature Coefficient"; Value = "200ppm/°C"; VariantName = "[No Variations]"
Add component (AddParameter): Name = "Termination"; Value = "Axial"; VariantName = "[No Variations]"
Add component (AddParameter): Name = "Tolerance"; Value = "1%"; VariantName = "[No Variations]"
Add component (AddParameter): Name = "Voltage Rating"; Value = "3.5kV"; VariantName = "[No Variations]"
Add component (AddParameter): Name = "Voltage Rating (DC)"; Value = "3.5kV"; VariantName = "[No Variations]"
Added Component: Designator=R33(FP-HVR37-MFG)
Add component (AddParameter): Name = "Case/Package"; Value = "Axial"; VariantName = "[No Variations]"
Add component (AddParameter): Name = "Composition"; Value = "Metal Film"; VariantName = "[No Variations]"
Add component (AddParameter): Name = "Features"; Value = "Flame Retardant Coating"; VariantName = "[No Variations]"
Add component (AddParameter): Name = "Height"; Value = "4mm"; VariantName = "[No Variations]"
Add component (AddParameter): Name = "Lead Diameter"; Value = "780µm"; VariantName = "[No Variations]"
Add component (AddParameter): Name = "Lead Free"; Value = "Lead Free"; VariantName = "[No Variations]"
Add component (AddParameter): Name = "Length"; Value = "10.0076mm"; VariantName = "[No Variations]"
Add component (AddParameter): Name = "Max Operating Temperature"; Value = "155°C"; VariantName = "[No Variations]"
Add component (AddParameter): Name = "Max Power Dissipation"; Value = "500mW"; VariantName = "[No Variations]"
Add component (AddParameter): Name = "Min Operating Temperature"; Value = "-55°C"; VariantName = "[No Variations]"
Add component (AddParameter): Name = "NexarPartId"; Value = "42845042"; VariantName = "[No Variations]"
Add component (AddParameter): Name = "Number of Pins"; Value = "2"; VariantName = "[No Variations]"
Add component (AddParameter): Name = "Number of Terminations"; Value = "2"; VariantName = "[No Variations]"
Add component (AddParameter): Name = "Packaging"; Value = "Cut Tape (CT)"; VariantName = "[No Variations]"
Add component (AddParameter): Name = "Power Rating"; Value = "500mW"; VariantName = "[No Variations]"
Add component (AddParameter): Name = "Radiation Hardening"; Value = "No"; VariantName = "[No Variations]"
Add component (AddParameter): Name = "REACH SVHC"; Value = "Unknown"; VariantName = "[No Variations]"
Add component (AddParameter): Name = "Resistance"; Value = "1MO"; VariantName = "[No Variations]"
Add component (AddParameter): Name = "RoHS"; Value = "Compliant"; VariantName = "[No Variations]"
Add component (AddParameter): Name = "Schedule B"; Value = "8533210090, 8533210090"; VariantName = "[No Variations]"
Add component (AddParameter): Name = "Temperature Coefficient"; Value = "200ppm/°C"; VariantName = "[No Variations]"
Add component (AddParameter): Name = "Termination"; Value = "Axial"; VariantName = "[No Variations]"
Add component (AddParameter): Name = "Tolerance"; Value = "1%"; VariantName = "[No Variations]"
Add component (AddParameter): Name = "Voltage Rating"; Value = "3.5kV"; VariantName = "[No Variations]"
Add component (AddParameter): Name = "Voltage Rating (DC)"; Value = "3.5kV"; VariantName = "[No Variations]"
Added Component: Designator=R34(FP-HVR37-MFG)
Add component (AddParameter): Name = "Case/Package"; Value = "Axial"; VariantName = "[No Variations]"
Add component (AddParameter): Name = "Composition"; Value = "Metal Film"; VariantName = "[No Variations]"
Add component (AddParameter): Name = "Features"; Value = "Flame Retardant Coating"; VariantName = "[No Variations]"
Add component (AddParameter): Name = "Height"; Value = "4mm"; VariantName = "[No Variations]"
Add component (AddParameter): Name = "Lead Diameter"; Value = "780µm"; VariantName = "[No Variations]"
Add component (AddParameter): Name = "Lead Free"; Value = "Lead Free"; VariantName = "[No Variations]"
Add component (AddParameter): Name = "Length"; Value = "10.0076mm"; VariantName = "[No Variations]"
Add component (AddParameter): Name = "Max Operating Temperature"; Value = "155°C"; VariantName = "[No Variations]"
Add component (AddParameter): Name = "Max Power Dissipation"; Value = "500mW"; VariantName = "[No Variations]"
Add component (AddParameter): Name = "Min Operating Temperature"; Value = "-55°C"; VariantName = "[No Variations]"
Add component (AddParameter): Name = "NexarPartId"; Value = "42845042"; VariantName = "[No Variations]"
Add component (AddParameter): Name = "Number of Pins"; Value = "2"; VariantName = "[No Variations]"
Add component (AddParameter): Name = "Number of Terminations"; Value = "2"; VariantName = "[No Variations]"
Add component (AddParameter): Name = "Packaging"; Value = "Cut Tape (CT)"; VariantName = "[No Variations]"
Add component (AddParameter): Name = "Power Rating"; Value = "500mW"; VariantName = "[No Variations]"
Add component (AddParameter): Name = "Radiation Hardening"; Value = "No"; VariantName = "[No Variations]"
Add component (AddParameter): Name = "REACH SVHC"; Value = "Unknown"; VariantName = "[No Variations]"
Add component (AddParameter): Name = "Resistance"; Value = "1MO"; VariantName = "[No Variations]"
Add component (AddParameter): Name = "RoHS"; Value = "Compliant"; VariantName = "[No Variations]"
Add component (AddParameter): Name = "Schedule B"; Value = "8533210090, 8533210090"; VariantName = "[No Variations]"
Add component (AddParameter): Name = "Temperature Coefficient"; Value = "200ppm/°C"; VariantName = "[No Variations]"
Add component (AddParameter): Name = "Termination"; Value = "Axial"; VariantName = "[No Variations]"
Add component (AddParameter): Name = "Tolerance"; Value = "1%"; VariantName = "[No Variations]"
Add component (AddParameter): Name = "Voltage Rating"; Value = "3.5kV"; VariantName = "[No Variations]"
Add component (AddParameter): Name = "Voltage Rating (DC)"; Value = "3.5kV"; VariantName = "[No Variations]"
Add Component: Footprint Not Found Finder 40.31 S
Add Component: Footprint Not Found Finder 40.31 S
Add Component: Footprint Not Found Finder 40.31 S
Add Component: Footprint Not Found Finder 40.31 S
Add Component: Footprint Not Found Finder 40.31 S
Add Component: Footprint Not Found Finder 40.31 S
Add Component: Footprint Not Found Finder 40.31 S
Add Component: Footprint Not Found Finder 40.31 S
Added Pin To Net: NetName=+15 Pin=C1-2
Added Pin To Net: NetName=+15 Pin=C2-2
Added Pin To Net: NetName=+15 Pin=J7-1
Added Pin To Net: NetName=+15 Pin=R1-2
Added Pin To Net: NetName=+15 Pin=R9-2
Added Pin To Net: NetName=+15 Pin=R11-2
Added Pin To Net: NetName=+15 Pin=R19-2
Added Pin To Net: NetName=+15 Pin=R21-2
Added Pin To Net: NetName=+15 Pin=R27-2
Added Pin To Net: NetName=+15 Pin=R29-1
Added Pin To Net: NetName=+15 Pin=R30-1
Added Pin To Net: NetName=+15 Pin=R33-2
Added Net: Name=+15
Added Pin To Net: NetName=Coil_1 Pin=D1-2
Added Pin To Net: NetName=Coil_1 Pin=Q1-3
Added Pin To Net: NetName=Coil_1 Pin=R3-1
Added Pin To Net: NetName=Coil_1 Pin=R6-2
Added Net: Name=Coil_1
Added Pin To Net: NetName=Coil_2 Pin=D7-2
Added Pin To Net: NetName=Coil_2 Pin=Q3-3
Added Pin To Net: NetName=Coil_2 Pin=R13-1
Added Pin To Net: NetName=Coil_2 Pin=R16-2
Added Net: Name=Coil_2
Added Pin To Net: NetName=Coil_3 Pin=D14-2
Added Pin To Net: NetName=Coil_3 Pin=Q5-3
Added Pin To Net: NetName=Coil_3 Pin=R23-1
Added Pin To Net: NetName=Coil_3 Pin=R24-2
Added Net: Name=Coil_3
Added Pin To Net: NetName=Coil_4 Pin=D3-2
Added Pin To Net: NetName=Coil_4 Pin=Q7-3
Added Pin To Net: NetName=Coil_4 Pin=R4-1
Added Pin To Net: NetName=Coil_4 Pin=R7-2
Added Net: Name=Coil_4
Added Pin To Net: NetName=Coil_5 Pin=D8-2
Added Pin To Net: NetName=Coil_5 Pin=Q9-3
Added Pin To Net: NetName=Coil_5 Pin=R14-1
Added Pin To Net: NetName=Coil_5 Pin=R17-2
Added Net: Name=Coil_5
Added Pin To Net: NetName=Coil_6 Pin=D13-2
Added Pin To Net: NetName=Coil_6 Pin=Q11-3
Added Pin To Net: NetName=Coil_6 Pin=R22-1
Added Pin To Net: NetName=Coil_6 Pin=R26-2
Added Net: Name=Coil_6
Added Pin To Net: NetName=Coil_7 Pin=D2-2
Added Pin To Net: NetName=Coil_7 Pin=Q13-3
Added Pin To Net: NetName=Coil_7 Pin=R5-1
Added Pin To Net: NetName=Coil_7 Pin=R8-2
Added Net: Name=Coil_7
Added Pin To Net: NetName=Coil_8 Pin=D9-2
Added Pin To Net: NetName=Coil_8 Pin=Q15-3
Added Pin To Net: NetName=Coil_8 Pin=R15-1
Added Pin To Net: NetName=Coil_8 Pin=R18-2
Added Net: Name=Coil_8
Added Pin To Net: NetName=Collector_1 Pin=J1-1
Added Pin To Net: NetName=Collector_1 Pin=R2-2
Added Net: Name=Collector_1
Added Pin To Net: NetName=Collector_2 Pin=J1-2
Added Pin To Net: NetName=Collector_2 Pin=R10-2
Added Net: Name=Collector_2
Added Pin To Net: NetName=Collector_3 Pin=J2-1
Added Pin To Net: NetName=Collector_3 Pin=R12-2
Added Net: Name=Collector_3
Added Pin To Net: NetName=Collector_4 Pin=J2-2
Added Pin To Net: NetName=Collector_4 Pin=R20-2
Added Net: Name=Collector_4
Added Pin To Net: NetName=Collector_5 Pin=J3-1
Added Pin To Net: NetName=Collector_5 Pin=R25-2
Added Net: Name=Collector_5
Added Pin To Net: NetName=Collector_6 Pin=J3-2
Added Pin To Net: NetName=Collector_6 Pin=R28-2
Added Net: Name=Collector_6
Added Pin To Net: NetName=Collector_7 Pin=J4-1
Added Pin To Net: NetName=Collector_7 Pin=R31-2
Added Net: Name=Collector_7
Added Pin To Net: NetName=Collector_8 Pin=J4-2
Added Pin To Net: NetName=Collector_8 Pin=R34-2
Added Net: Name=Collector_8
Added Pin To Net: NetName=GND_MCU Pin=C1-1
Added Pin To Net: NetName=GND_MCU Pin=C2-1
Added Pin To Net: NetName=GND_MCU Pin=D17-2
Added Pin To Net: NetName=GND_MCU Pin=J7-2
Added Pin To Net: NetName=GND_MCU Pin=Q2-1
Added Pin To Net: NetName=GND_MCU Pin=Q4-1
Added Pin To Net: NetName=GND_MCU Pin=Q6-1
Added Pin To Net: NetName=GND_MCU Pin=Q8-1
Added Pin To Net: NetName=GND_MCU Pin=Q10-1
Added Pin To Net: NetName=GND_MCU Pin=Q12-1
Added Pin To Net: NetName=GND_MCU Pin=Q14-1
Added Pin To Net: NetName=GND_MCU Pin=Q16-1
Added Net: Name=GND_MCU
Added Pin To Net: NetName=GND Pin=C3-1
Added Pin To Net: NetName=GND Pin=C4-1
Added Pin To Net: NetName=GND Pin=D1-1
Added Pin To Net: NetName=GND Pin=D2-1
Added Pin To Net: NetName=GND Pin=D3-1
Added Pin To Net: NetName=GND Pin=D4-2
Added Pin To Net: NetName=GND Pin=D5-2
Added Pin To Net: NetName=GND Pin=D6-2
Added Pin To Net: NetName=GND Pin=D7-1
Added Pin To Net: NetName=GND Pin=D8-1
Added Pin To Net: NetName=GND Pin=D9-1
Added Pin To Net: NetName=GND Pin=D10-2
Added Pin To Net: NetName=GND Pin=D11-2
Added Pin To Net: NetName=GND Pin=D12-2
Added Pin To Net: NetName=GND Pin=D13-1
Added Pin To Net: NetName=GND Pin=D14-1
Added Pin To Net: NetName=GND Pin=D15-2
Added Pin To Net: NetName=GND Pin=D16-2
Added Pin To Net: NetName=GND Pin=D18-2
Added Pin To Net: NetName=GND Pin=J15-2
Added Net: Name=GND
Added Pin To Net: NetName=K1 Pin=J5-1
Added Net: Name=K1
Added Pin To Net: NetName=K2 Pin=J8-1
Added Net: Name=K2
Added Pin To Net: NetName=K3 Pin=J10-1
Added Net: Name=K3
Added Pin To Net: NetName=K4 Pin=J12-1
Added Net: Name=K4
Added Pin To Net: NetName=K5 Pin=J6-1
Added Net: Name=K5
Added Pin To Net: NetName=K6 Pin=J9-1
Added Net: Name=K6
Added Pin To Net: NetName=K7 Pin=J11-1
Added Net: Name=K7
Added Pin To Net: NetName=K8 Pin=J13-1
Added Net: Name=K8
Added Pin To Net: NetName=L Pin=J14-1
Added Net: Name=L
Added Pin To Net: NetName=NetD4_1 Pin=D4-1
Added Pin To Net: NetName=NetD4_1 Pin=R3-2
Added Net: Name=NetD4_1
Added Pin To Net: NetName=NetD5_1 Pin=D5-1
Added Pin To Net: NetName=NetD5_1 Pin=R4-2
Added Net: Name=NetD5_1
Added Pin To Net: NetName=NetD6_1 Pin=D6-1
Added Pin To Net: NetName=NetD6_1 Pin=R5-2
Added Net: Name=NetD6_1
Added Pin To Net: NetName=NetD10_1 Pin=D10-1
Added Pin To Net: NetName=NetD10_1 Pin=R13-2
Added Net: Name=NetD10_1
Added Pin To Net: NetName=NetD11_1 Pin=D11-1
Added Pin To Net: NetName=NetD11_1 Pin=R14-2
Added Net: Name=NetD11_1
Added Pin To Net: NetName=NetD12_1 Pin=D12-1
Added Pin To Net: NetName=NetD12_1 Pin=R15-2
Added Net: Name=NetD12_1
Added Pin To Net: NetName=NetD15_1 Pin=D15-1
Added Pin To Net: NetName=NetD15_1 Pin=R22-2
Added Net: Name=NetD15_1
Added Pin To Net: NetName=NetD16_1 Pin=D16-1
Added Pin To Net: NetName=NetD16_1 Pin=R23-2
Added Net: Name=NetD16_1
Added Pin To Net: NetName=NetD17_1 Pin=D17-1
Added Pin To Net: NetName=NetD17_1 Pin=R29-2
Added Net: Name=NetD17_1
Added Pin To Net: NetName=NetD18_1 Pin=D18-1
Added Pin To Net: NetName=NetD18_1 Pin=R32-2
Added Net: Name=NetD18_1
Added Pin To Net: NetName=NetQ1_1 Pin=Q1-1
Added Pin To Net: NetName=NetQ1_1 Pin=R1-1
Added Net: Name=NetQ1_1
Added Pin To Net: NetName=NetQ1_2 Pin=Q1-2
Added Pin To Net: NetName=NetQ1_2 Pin=Q2-3
Added Net: Name=NetQ1_2
Added Pin To Net: NetName=NetQ2_2 Pin=Q2-2
Added Pin To Net: NetName=NetQ2_2 Pin=R2-1
Added Net: Name=NetQ2_2
Added Pin To Net: NetName=NetQ3_1 Pin=Q3-1
Added Pin To Net: NetName=NetQ3_1 Pin=R9-1
Added Net: Name=NetQ3_1
Added Pin To Net: NetName=NetQ3_2 Pin=Q3-2
Added Pin To Net: NetName=NetQ3_2 Pin=Q4-3
Added Net: Name=NetQ3_2
Added Pin To Net: NetName=NetQ4_2 Pin=Q4-2
Added Pin To Net: NetName=NetQ4_2 Pin=R10-1
Added Net: Name=NetQ4_2
Added Pin To Net: NetName=NetQ5_1 Pin=Q5-1
Added Pin To Net: NetName=NetQ5_1 Pin=R11-1
Added Net: Name=NetQ5_1
Added Pin To Net: NetName=NetQ5_2 Pin=Q5-2
Added Pin To Net: NetName=NetQ5_2 Pin=Q6-3
Added Net: Name=NetQ5_2
Added Pin To Net: NetName=NetQ6_2 Pin=Q6-2
Added Pin To Net: NetName=NetQ6_2 Pin=R12-1
Added Net: Name=NetQ6_2
Added Pin To Net: NetName=NetQ7_1 Pin=Q7-1
Added Pin To Net: NetName=NetQ7_1 Pin=R19-1
Added Net: Name=NetQ7_1
Added Pin To Net: NetName=NetQ7_2 Pin=Q7-2
Added Pin To Net: NetName=NetQ7_2 Pin=Q8-3
Added Net: Name=NetQ7_2
Added Pin To Net: NetName=NetQ8_2 Pin=Q8-2
Added Pin To Net: NetName=NetQ8_2 Pin=R20-1
Added Net: Name=NetQ8_2
Added Pin To Net: NetName=NetQ9_1 Pin=Q9-1
Added Pin To Net: NetName=NetQ9_1 Pin=R21-1
Added Net: Name=NetQ9_1
Added Pin To Net: NetName=NetQ9_2 Pin=Q9-2
Added Pin To Net: NetName=NetQ9_2 Pin=Q10-3
Added Net: Name=NetQ9_2
Added Pin To Net: NetName=NetQ10_2 Pin=Q10-2
Added Pin To Net: NetName=NetQ10_2 Pin=R25-1
Added Net: Name=NetQ10_2
Added Pin To Net: NetName=NetQ11_1 Pin=Q11-1
Added Pin To Net: NetName=NetQ11_1 Pin=R27-1
Added Net: Name=NetQ11_1
Added Pin To Net: NetName=NetQ11_2 Pin=Q11-2
Added Pin To Net: NetName=NetQ11_2 Pin=Q12-3
Added Net: Name=NetQ11_2
Added Pin To Net: NetName=NetQ12_2 Pin=Q12-2
Added Pin To Net: NetName=NetQ12_2 Pin=R28-1
Added Net: Name=NetQ12_2
Added Pin To Net: NetName=NetQ13_1 Pin=Q13-1
Added Pin To Net: NetName=NetQ13_1 Pin=R30-2
Added Net: Name=NetQ13_1
Added Pin To Net: NetName=NetQ13_2 Pin=Q13-2
Added Pin To Net: NetName=NetQ13_2 Pin=Q14-3
Added Net: Name=NetQ13_2
Added Pin To Net: NetName=NetQ14_2 Pin=Q14-2
Added Pin To Net: NetName=NetQ14_2 Pin=R31-1
Added Net: Name=NetQ14_2
Added Pin To Net: NetName=NetQ15_1 Pin=Q15-1
Added Pin To Net: NetName=NetQ15_1 Pin=R33-1
Added Net: Name=NetQ15_1
Added Pin To Net: NetName=NetQ15_2 Pin=Q15-2
Added Pin To Net: NetName=NetQ15_2 Pin=Q16-3
Added Net: Name=NetQ15_2
Added Pin To Net: NetName=NetQ16_2 Pin=Q16-2
Added Pin To Net: NetName=NetQ16_2 Pin=R34-1
Added Net: Name=NetQ16_2
Added Pin To Net: NetName=NetR6_1 Pin=R6-1
Added Net: Name=NetR6_1
Added Pin To Net: NetName=NetR7_1 Pin=R7-1
Added Net: Name=NetR7_1
Added Pin To Net: NetName=NetR8_1 Pin=R8-1
Added Net: Name=NetR8_1
Added Pin To Net: NetName=NetR16_1 Pin=R16-1
Added Net: Name=NetR16_1
Added Pin To Net: NetName=NetR17_1 Pin=R17-1
Added Net: Name=NetR17_1
Added Pin To Net: NetName=NetR18_1 Pin=R18-1
Added Net: Name=NetR18_1
Added Pin To Net: NetName=NetR24_1 Pin=R24-1
Added Net: Name=NetR24_1
Added Pin To Net: NetName=NetR26_1 Pin=R26-1
Added Net: Name=NetR26_1
Added Pin To Net: NetName=N Pin=J5-2
Added Pin To Net: NetName=N Pin=J6-2
Added Pin To Net: NetName=N Pin=J8-2
Added Pin To Net: NetName=N Pin=J9-2
Added Pin To Net: NetName=N Pin=J10-2
Added Pin To Net: NetName=N Pin=J11-2
Added Pin To Net: NetName=N Pin=J12-2
Added Pin To Net: NetName=N Pin=J13-2
Added Pin To Net: NetName=N Pin=J14-2
Added Net: Name=N
Added Pin To Net: NetName=VCC Pin=C3-2
Added Pin To Net: NetName=VCC Pin=C4-2
Added Pin To Net: NetName=VCC Pin=J15-1
Added Pin To Net: NetName=VCC Pin=Q1-4
Added Pin To Net: NetName=VCC Pin=Q3-4
Added Pin To Net: NetName=VCC Pin=Q5-4
Added Pin To Net: NetName=VCC Pin=Q7-4
Added Pin To Net: NetName=VCC Pin=Q9-4
Added Pin To Net: NetName=VCC Pin=Q11-4
Added Pin To Net: NetName=VCC Pin=Q13-4
Added Pin To Net: NetName=VCC Pin=Q15-4
Added Pin To Net: NetName=VCC Pin=R32-1
Added Net: Name=VCC
Added Class: Name=Sheet4
